"id","title","release_date","overview","genre_ids","vote_average","vote_count","popularity","retrieved"
272,"Batman Begins","2005-06-10","Driven by tragedy, billionaire Bruce Wayne dedicates his life to uncovering and defeating the corruption that plagues his home, Gotham City.  Unable to work within the system, he instead creates a new identity, a symbol of fear for the criminal underworld - The Batman.","18|80|28",7.731,23283,33.4741,"2026-10-06"
674,"Harry Potter and the Goblet of Fire","2005-11-16","When his name emerges from the Goblet of Fire, Harry Potter becomes a competitor in a grueling battle for glory among three wizarding schools. Signs of Voldemort's return emerge as Harry's friends help him prepare for the Triwizard Tournament.","12|14",7.8,22717,42.3474,"2026-10-06"
118,"Charlie and the Chocolate Factory","2005-07-13","A young boy wins a tour through the most magnificent chocolate factory in the world, led by the world's most unusual candy maker.","12|35|10751|14",7.037,16431,27.462,"2026-10-06"
1895,"Star Wars: Episode III - Revenge of the Sith","2005-05-17","When the sinister Sith unveil a thousand-year-old plot to rule the galaxy, the Republic crumbles and from its ashes rises the evil Galactic Empire. Jedi hero Anakin Skywalker must choose a side.","12|28|878",7.476,15365,19.0184,"2026-10-06"
953,"Madagascar","2005-05-25","Four animal friends get a taste of the wild life when they break out of captivity at the Central Park Zoo and wash ashore on the island of Madagascar.","12|16|35|10751",6.933,12055,19.8315,"2026-10-06"
411,"The Chronicles of Narnia: The Lion, the Witch and the Wardrobe","2005-12-07","Four kids travel through a wardrobe to the land of Narnia and learn of their destiny to free it with the guidance of a mystical lion.","12|10751|14",7.1,11812,31.3044,"2026-10-06"
787,"Mr. & Mrs. Smith","2005-06-07","A husband and wife struggle to keep their marriage alive until they realize they are both secretly working as assassins. Now, their respective assignments require them to kill each other.","28|35|18|53",6.696,11553,18.3216,"2026-10-06"
3933,"Corpse Bride","2005-09-12","In a 19th-century European village, a young man about to be married is whisked away to the underworld and wed to a mysterious corpse bride, while his real bride waits bereft in the land of the living.","10749|14|16",7.591,10463,44.8447,"2026-10-06"
9738,"Fantastic Four","2005-06-29","During a space voyage, four scientists are altered by cosmic rays: Reed Richards gains the ability to stretch his body; Sue Storm can become invisible; Johnny Storm controls fire; and Ben Grimm is turned into a super-strong … thing. Together, these ""Fantastic Four"" must now thwart the evil plans of Dr. Doom and save the world from certain destruction.","28|14|878",5.812,10247,17.4815,"2026-10-06"
74,"War of the Worlds","2005-06-28","Ray Ferrier is a divorced dockworker and less-than-perfect father. Soon after his ex-wife and her new husband drop off his teenage son and young daughter for a rare weekend visit, a strange and powerful lightning storm touches down.","12|53|878",6.577,9587,21.46,"2026-10-06"
187,"Sin City","2005-04-01","Welcome to Sin City. This town beckons to the tough, the corrupt, the brokenhearted. Some call it dark… Hard-boiled. Then there are those who call it home — Crooked cops, sexy dames, desperate vigilantes. Some are seeking revenge, others lust after redemption, and then there are those hoping for a little of both. A universe of unlikely and reluctant heroes still trying to do the right thing in a city that refuses to care.","80|53",7.463,9112,15.0018,"2026-10-06"
4348,"Pride & Prejudice","2005-09-16","A story of love and life among the landed English gentry during the Georgian era. Mr. Bennet is a gentleman living in Hertfordshire with his overbearing wife and five daughters, but if he dies their house will be inherited by a distant cousin whom they have never met, so the family's future happiness and security is dependent on the daughters making good marriages.","18|10749",8.051,8990,26.5794,"2026-10-06"
254,"King Kong","2005-12-12","In 1933 New York, an overly ambitious movie producer coerces his cast and hired ship crew to travel to mysterious Skull Island, where they encounter Kong, a giant ape who is immediately smitten with the leading lady.","12|18|28",6.903,8762,14.3682,"2026-10-06"
561,"Constantine","2005-02-08","John Constantine has literally been to Hell and back. When he teams up with a policewoman to solve the mysterious suicide of her twin sister, their investigation takes them through the world of demons and angels that exists beneath the landscape of contemporary Los Angeles.","14|28|27",7.212,8594,16.2326,"2026-10-06"
142,"Brokeback Mountain","2005-10-22","In 1960s Wyoming, two men develop a strong emotional and sexual relationship that endures as a lifelong connection complicating their lives as they get married and start families of their own.","18|10749",7.782,7755,19.8053,"2026-10-06"
6957,"The 40 Year-Old Virgin","2005-08-11","Andy Stitzer has a pleasant life with a nice apartment and a job stamping invoices at an electronics store. But at age 40, there's one thing Andy hasn't done, and it's really bothering his sex-obsessed male co-workers: Andy is still a virgin. Determined to help Andy get laid, the guys make it their mission to de-virginize him. But it all seems hopeless until Andy meets small business owner Trish, a single mom.","35|10749",6.433,7466,14.8651,"2026-10-06"
8488,"Hitch","2005-02-11","Dating coach Alex 'Hitch' Hitchens mentors a bumbling client, Albert, who hopes to win the heart of the glamorous Allegra Cole. While Albert makes progress, Hitch faces his own romantic setbacks when proven techniques fail to work on Sara Melas, a tabloid reporter digging for dirt on Allegra Cole's love life. When Sara discovers Hitch's connection to Albert – now Allegra's boyfriend – it threatens to destroy both relationships.","35|18|10749",6.582,6392,9.0645,"2026-10-06"
1635,"The Island","2005-07-21","In 2019, Lincoln Six-Echo is a resident of a seemingly ""Utopian"" but contained facility. Like all of the inhabitants of this carefully-controlled environment, Lincoln hopes to be chosen to go to The Island — reportedly the last uncontaminated location on the planet. But Lincoln soon discovers that everything about his existence is a lie.","28|53|878",6.696,6095,18.5358,"2026-10-06"
215,"Saw II","2005-10-28","The chilling and relentless Jigsaw killer returns to terrorize the city once again. When a gruesome murder victim emerges with unmistakable traces of Jigsaw's sinister methods, Detective Eric Matthews is thrust into a high-stakes investigation. To his surprise, apprehending Jigsaw seems almost too easy, but what he doesn't realize is that being caught is merely another piece of Jigsaw's intricate puzzle.","27",6.611,6080,10.689,"2026-10-06"
1830,"Lord of War","2005-09-16","Yuri Orlov is a globetrotting arms dealer and, through some of the deadliest war zones, he struggles to stay one step ahead of a relentless Interpol agent, his business rivals and even some of his customers who include many of the world's most notorious dictators. Finally, he must also face his own conscience.","80|18|53",7.348,5578,13.2337,"2026-10-06"
1495,"Kingdom of Heaven","2005-05-03","After his wife dies, a blacksmith named Balian is thrust into royalty, political intrigue and bloody holy wars during the Crusades.","18|28|12|36|10752",7.094,5275,38.719,"2026-10-06"
9928,"Robots","2005-03-10","Rodney Copperbottom is a young robot inventor who dreams of making the world a better place, until the evil Ratchet takes over Bigweld Industries. Now, Rodney's dreams – and those of his friends – are in danger of becoming obsolete.","16|35|10751|878",6.511,5082,14.0922,"2026-10-06"
9522,"Wedding Crashers","2005-07-13","John and his buddy Jeremy are emotional criminals who know how to use a woman's hopes and dreams for their own carnal gain. Their modus operandi: crashing weddings. Normally, they meet guests who want to toast the romantic day with a random hook-up. But when John meets Claire, he discovers what true love – and heartache – feels like.","35|10749",6.502,4848,13.1389,"2026-10-06"
9392,"The Descent","2005-07-08","After a personal tragedy, Sarah joins her friends on a caving expedition in the Appalachian Mountains. But when a rockfall traps them deep underground, their adventure turns into a nightmare. As they search for a way out, the group discovers they are not alone—lurking in the darkness are savage, cave-dwelling creatures. With rising tension and dwindling trust, the women must fight to survive against both the predators and each other.","12|27",7,4610,13.1841,"2026-10-06"
116,"Match Point","2005-10-26","Chris, a former tennis pro, takes a job as an instructor and befriends his wealthy young student, Tom. After being introduced to his family, Chris is soon engaged to Tom's sister, Chloe. Despite the professional and financial advantages that this relationship affords him, Chris becomes obsessed with Tom's fiancee, American actress Nola.","18|10749|53",7.356,4487,10.4906,"2026-10-06"
7453,"The Hitchhiker's Guide to the Galaxy","2005-04-28","Mere seconds before the Earth is to be demolished by an alien construction crew, Arthur Dent is swept off the planet by his friend Ford Prefect, a researcher penning a new edition of ""The Hitchhiker's Guide to the Galaxy.""","12|35|878",6.7,4392,12.3319,"2026-10-06"
9982,"Chicken Little","2005-11-04","When the sky really is falling and sanity has flown the coop, who will rise to save the day? Together with his hysterical band of misfit friends, Chicken Little must hatch a plan to save the planet from alien invasion and prove that the world's biggest hero is a little chicken.","16|10751|35",5.922,4276,16.0584,"2026-10-06"
9335,"Transporter 2","2005-08-03","Professional driver, and former Special Forces officer, Frank Martin is living in Miami, where he is temporarily filling in for a friend as the chauffeur for a government narcotics control policy director and his family. The young boy in the family is targeted for kidnapping, and Frank immediately becomes involved in protecting the child and exposing the kidnappers.","28|53|80",6.3,4103,16.6533,"2026-10-06"
1640,"Crash","2005-05-06","In post-Sept. 11 Los Angeles, tensions erupt when the lives of a Brentwood housewife, her district attorney husband, a Persian shopkeeper, two cops, a pair of carjackers and a Korean couple converge during a 36-hour period.","18",7.212,4029,9.5166,"2026-10-06"
16320,"Serenity","2005-09-25","A group of rebels travel the outskirts of space evading the sinister Alliance regime. Their lives of smuggling and cargo-running are interrupted by a psychic passenger who harbours a dangerous secret. Soon, the crew find themselves being pursued by an Alliance agent who will stop at nothing to find them.","878|28|12|53",7.4,4016,8.7752,"2026-10-06"
59,"A History of Violence","2005-09-23","An average family is thrust into the spotlight after the father commits a seemingly self-defense murder at his diner.","18|53|80",7.165,3897,9.6711,"2026-10-06"
9291,"The Longest Yard","2005-05-27","Disgraced pro football quarterback Paul Crewe lands in a Texas federal penitentiary, where manipulative Warden Hazen recruits him to advise the institution's football team of prison guards. Crewe suggests a tune-up game which lands him quarterbacking a crew of inmates in a game against the guards. Aided by incarcerated ex-NFL coach and player Nate Scarborough, Crewe and his team must overcome not only the bloodthirstiness of the opposition, but also the corrupt warden trying to fix the game against them.","18|35|80",6.682,3805,12.0877,"2026-10-06"
6795,"Zathura: A Space Adventure","2005-11-06","After their father is called into work, two young boys, Walter and Danny, are left in the care of their teenage sister, Lisa, and told they must stay inside. Walter and Danny, who anticipate a boring day, are shocked when they begin playing Zathura, a space-themed board game, which they realize has mystical powers when their house is shot into space. With the help of an astronaut, the boys attempt to return home.","878|12|10751",6.455,3728,12.2385,"2026-10-06"
1904,"Memoirs of a Geisha","2005-12-06","In the years before World War II, a penniless Japanese child is torn from her family to work as a maid in a geisha house.","18|10749|36",7.634,3471,11.8147,"2026-10-06"
10066,"House of Wax","2005-05-05","A group of unwitting teens are stranded near a strange wax museum and soon must fight to survive and keep from becoming the next exhibit.","27|53|9648",6,3465,13.4397,"2026-10-06"
7214,"Coach Carter","2005-01-14","Based on a true story, in which Richmond High School head basketball coach Ken Carter made headlines in 1999 for benching his undefeated team due to poor academic results.","18|36",7.587,3411,13.5643,"2026-10-06"
10022,"The Pacifier","2005-03-04","Navy SEAL Shane Wolfe is handed a new assignment: Protect the five Plummer kids from enemies of their recently deceased father -- a government scientist whose top-secret experiment remains hidden in the kids' house.","35|10751|28",6.1,3349,14.2945,"2026-10-06"
11283,"Nanny McPhee","2005-10-21","Widower Cedric Brown hires Nanny McPhee to care for his seven rambunctious children, who have chased away all previous nannies. Taunted by Simon and his siblings, Nanny McPhee uses mystical powers to instill discipline. And when the children's great-aunt and benefactor, Lady Adelaide Stitch, threatens to separate the kids, the family pulls together under the guidance of Nanny McPhee.","14|35|10751",6.693,3292,12.1158,"2026-10-06"
25,"Jarhead","2005-11-04","Jarhead is a film about a US Marine Anthony Swofford’s experience in the Gulf War. After putting up with an arduous boot camp, Swofford and his unit are sent to the Persian Gulf where they are eager to fight, but are forced to stay back from the action. Swofford struggles with the possibility of his girlfriend cheating on him, and as his mental state deteriorates, his desire to kill increases.","18|10752",6.692,3287,6.4954,"2026-10-06"
69,"Walk the Line","2005-09-13","A chronicle of country music legend Johnny Cash's life, from his early days on an Arkansas cotton farm to his rise to fame with Sun Records in Memphis, where he recorded alongside Elvis Presley, Jerry Lee Lewis and Carl Perkins.","18|10402|10749",7.498,3226,9.681,"2026-10-06"
533,"Wallace & Gromit: The Curse of the Were-Rabbit","2005-09-15","Cheese-loving eccentric Wallace and his cunning canine pal Gromit run a business ridding the town of garden pests. Using only humane methods, which turns their home into a halfway house for evicted vermin, the pair stumble upon a mystery involving a voracious vegetarian monster that threatens to ruin the annual veggie-growing contest.","12|16|35|10751",7.139,3196,13.2718,"2026-10-06"
1656,"The Legend of Zorro","2005-10-24","Despite trying to keep his swashbuckling to a minimum, a threat to California's pending statehood causes the adventure-loving Don Alejandro de la Vega and his wife, Elena, to take action.","28|12|37",6.122,3182,11.3236,"2026-10-06"
8643,"The Exorcism of Emily Rose","2005-09-09","When a young girl called Emily Rose dies, everyone puts blame on the exorcism which was performed on her by Father Moore prior to her death. The priest is arrested on suspicion of murder. The trial begins with lawyer Erin Bruner representing Moore, but it is not going to be easy, as no one wants to believe what Father Moore says is true.","80|18|27|53",6.611,3150,9.5683,"2026-10-06"
5236,"Kiss Kiss Bang Bang","2005-09-14","A petty thief posing as an actor is brought to Los Angeles for an unlikely audition and finds himself in the middle of a murder investigation along with his high school dream girl and a detective who's been training him for his upcoming role...","35|80|9648|53",7.152,3136,8.297,"2026-10-06"
612,"Munich","2005-12-23","During the 1972 Olympic Games in Munich, eleven Israeli athletes are taken hostage and murdered by a Palestinian terrorist group known as Black September. In retaliation, the Israeli government recruits a group of Mossad agents to track down and execute those responsible for the attack.","18|36|53",7.132,3107,10.5547,"2026-10-06"
9315,"Flightplan","2005-09-22","Flying at 40,000 feet in a state-of-the art aircraft that she helped design, Kyle Pratt's 6-year-old daughter Julia vanishes without a trace. Or did she? No one on the plane believes Julia was ever onboard. And now Kyle, desperate and alone, can only count on her own wits to unravel the mystery and save her daughter.","53|18|9648",6.445,3075,6.5711,"2026-10-06"
4442,"The Brothers Grimm","2005-08-26","Folklore collectors and con artists, Jake and Will Grimm, travel from village to village pretending to protect townsfolk from enchanted creatures and performing exorcisms. However, they are put to the test when they encounter a real magical curse in a haunted forest with real magical beings, requiring genuine courage.","12|14|28|35|53",5.876,3059,13.7878,"2026-10-06"
7552,"Fun with Dick and Jane","2005-12-21","After Dick Harper loses his job at Globodyne in an Enron-esque collapse, he and his wife, Jane, turn to crime in order to handle the massive debt they now face. Two intelligent people, Dick and Jane actually get pretty good at robbing people and even enjoy it – but they have second thoughts when they're reminded that crime can hurt innocent people. When the couple hears that Globodyne boss Jack McCallister actually swindled the company, they plot revenge.","35|80",6.236,2772,8.09,"2026-10-06"
9947,"Elektra","2005-01-13","Elektra the warrior survives a near-death experience, becomes an assassin-for-hire, and tries to protect her two latest targets, a single father and his young daughter, from a group of supernatural assassins.","28|14|12",5.049,2763,7.8194,"2026-10-06"
9007,"Just Like Heaven","2005-09-16","Shortly after David Abbott moves into his new San Francisco digs, he has an unwelcome visitor on his hands: winsome Elizabeth Masterson, who asserts that the apartment is hers -- and promptly vanishes. When she starts appearing and disappearing at will, David thinks she's a ghost, while Elizabeth is convinced she's alive.","35|10749|14",6.972,2652,10.9986,"2026-10-06"
8923,"Green Street Hooligans","2005-09-09","After being wrongfully expelled from Harvard University, American Matt Buckner flees to his sister's home in England. Once there, he is befriended by her charming and dangerous brother-in-law, Pete Dunham, and introduced to the underworld of British football hooliganism. Matt learns to stand his ground through a friendship that develops against the backdrop of this secret and often violent world. 'Green Street Hooligans' is a story of loyalty, trust and the sometimes brutal consequences of living close to the edge.","80|18",7.279,2653,6.8926,"2026-10-06"
11460,"Red Eye","2005-08-10","An overnight flight to Miami quickly becomes a battle for survival when Lisa realizes her seatmate plans to use her as part of a chilling assassination plot against the Deputy Secretary of Homeland Security. If she refuses to cooperate, her own father will be killed. As the miles tick by, she's in a race against time to find a way to warn the potential victims before it's too late.","53|9648",6.398,2636,11.3391,"2026-10-06"
8202,"Æon Flux","2005-11-30","400 years into the future, disease has wiped out the majority of the world's population, except one walled city, Bregna, ruled by a congress of scientists. When Æon Flux, the top operative in the underground 'Monican' rebellion, is sent on a mission to kill a government leader, she uncovers a world of secrets.","878|28|53",5.64,2556,7.3483,"2026-10-06"
8814,"Doom","2005-10-20","A team of space marines known as the Rapid Response Tactical Squad, led by Sarge, is sent to a science facility on Mars after somebody reports a security breach. There, they learn that the alert came after a test subject, a mass murderer purposefully injected with alien DNA, broke free and began killing people. Dr. Grimm, who is related to team member Reaper, informs them all that the chromosome can mutate humans into monsters -- and is highly infectious.","28|27|878",5.213,2547,6.9551,"2026-10-06"
11459,"Sky High","2005-07-29","Set in a world where superheroes are commonly known and accepted, young Will Stronghold, the son of the Commander and Jetstream, tries to find a balance between being a normal teenager and an extraordinary being.","12|35|10751",6.3,2542,10.6769,"2026-10-06"
10320,"The Ring Two","2005-03-10","After the ordeal with Samara, Rachel and Aiden move to a rural town. But soon Rachel learns about the death of a girl in a similar fashion. To save Aiden, she must dig into Samara's past even further.","18|27|53",5.8,2536,10.385,"2026-10-06"
921,"Cinderella Man","2005-06-02","The true story of boxer Jim Braddock who, following his retirement in the 1930s, makes a surprise comeback in order to lift his family out of poverty.","10749|18|36",7.583,2503,12.5105,"2026-10-06"
8292,"Four Brothers","2005-08-11","Four adopted brothers return to their Detroit hometown when their mother is murdered and vow to exact revenge on the killers.","28|80",6.806,2499,11.1023,"2026-10-06"
9388,"Thank You for Smoking","2005-09-09","Nick Naylor is a charismatic spin-doctor for Big Tobacco who'll fight to protect America's right to smoke -- even if it kills him -- while still remaining a role model for his 12-year old son. When he incurs the wrath of a senator bent on snuffing out cigarettes, Nick's powers of ""filtering the truth"" will be put to the test.","35|18",7.201,2498,5.6701,"2026-10-06"
11451,"Herbie Fully Loaded","2005-06-19","Maggie Peyton, the new owner of Number 53 - the free-wheelin' Volkswagen bug with a mind of its own - puts the car through its paces on the road to becoming a NASCAR competitor.","35|10751|12|14|10749",5.8,2484,9.6884,"2026-10-06"
10065,"The Amityville Horror","2005-04-14","George Lutz, his wife Kathy, and their three children have just moved into a beautiful, and improbably cheap, Dutch colonial mansion nestled in the sleepy coastal town of Amityville, Long Island. However, their dream home is concealing a horrific past and soon each member of the Lutz family is plagued with increasingly strange and violent visions and impulses.","27",6.1,2430,10.6962,"2026-10-06"
9913,"The Skeleton Key","2005-07-29","A hospice nurse working at a spooky New Orleans plantation home finds herself entangled in a mystery involving the house's dark past.","18|27|9648|53",6.627,2399,11.068,"2026-10-06"
8274,"American Pie Presents: Band Camp","2005-11-23","Everyone has 'moved on', except for Sherman and Jim Levenstein's still understanding father. Little Matt Stiffler wants to join his older brother Steve's business and, after everything Matt has heard from Jim's band-geek wife, he plans to go back to band camp and make a video of his own.","35",5.47,2290,10.7665,"2026-10-06"
10027,"Unleashed","2005-02-02","Raised as a slave, Danny is used to fighting for his survival. In fact, his ""master,"" Bart, thinks of him as a pet and goes as far as leashing him with a collar so they can make money in fight clubs, where Danny is the main contender. When Bart's crew is in a car accident, Danny escapes and meets a blind, kindhearted piano tuner who takes him in and uses music to free the fighter's long-buried heart.","28|80",6.961,2287,8.4832,"2026-10-06"
9641,"Cheaper by the Dozen 2","2005-12-21","The Baker family, while on vacation, find themselves in competition with a rival family of eight children.","35|10751|12",6.161,2133,8.6461,"2026-10-06"
11679,"xXx: State of the Union","2005-04-27","Darius Stone's criminal record and extreme sports obsession make him the perfect candidate to be the newest XXX agent. He must save the U.S. government from a deadly conspiracy led by five-star general and Secretary of Defense George Deckert.","28|12|80|53",5.106,2101,10.454,"2026-10-06"
10040,"Miss Congeniality 2: Armed and Fabulous","2005-03-11","After her triumph at the Miss United States pageant, FBI agent Gracie Hart becomes an overnight sensation — and the new ""face of the FBI"". But it's time to spring into action again when the pageant's winner, Cheryl, and emcee, Stan, are abducted.","28|35",5.748,2025,7.6369,"2026-10-06"
10214,"Son of the Mask","2005-02-11","Tim Avery, an aspiring cartoonist, finds himself in a predicament when his dog stumbles upon the mask of Loki. Then after conceiving an infant son ""born of the mask"", he discovers just how looney child raising can be.","14|35|10751|12",4.2,2009,9.6011,"2026-10-06"
10982,"Hoodwinked!","2005-12-16","Little Red Riding Hood: A classic story, but there's more to every tale than meets the eye. Before you judge a book by its cover, you've got to flip through the pages. In the re-telling of this classic fable, the story begins at the end of the tale and winds its way back. Chief Grizzly and Detective Bill Stork investigate a domestic disturbance at Granny's cottage, involving a karate-kicking Red Riding Hood, a sarcastic wolf and an oafish Woodsman.","16|35|80|10751|9648",6.319,1988,10.2002,"2026-10-06"
11683,"Land of the Dead","2005-06-18","The living dead have taken over the world, and the remaining humans live in a walled city to protect themselves as they cope with the situation.","27|878|53",6.27,1896,10.2988,"2026-10-06"
10033,"Just Friends","2005-11-23","While visiting his hometown during Christmas, a man comes face-to-face with his old high school crush whom he was best friends with – a woman whose rejection of him turned him into a ferocious womanizer.","35|10749",6.201,1860,9.9619,"2026-10-06"
2026,"Hostage","2005-03-09","When a mafia accountant is taken hostage on his beat, a police officer – wracked by guilt from a prior stint as a negotiator – must negotiate the standoff, even as his own family is held captive by the mob.","28|53|80",6.4,1827,5.3236,"2026-10-06"
4379,"Monster-in-Law","2005-05-13","Office temp Charlotte Cantilini thinks she's found Mr. Right when she starts dating gorgeous surgeon Dr. Kevin Fields. But there's a problem standing in the way of everlasting bliss: Kevin's overbearing and controlling mother, Viola. Fearing she'll lose her son's affections forever, Viola decides to break up the happy couple by becoming the world's worst mother-in-law.","10749|35",6.228,1802,9.223,"2026-10-06"
11096,"Hide and Seek","2005-01-27","David Callaway tries to piece together his life in the wake of his wife's suicide and has been left to raise his nine-year-old daughter, Emily on his own. David is at first amused to discover that Emily has created an imaginary friend named 'Charlie', but it isn't long before 'Charlie' develops a sinister and violent side, and as David struggles with his daughter's growing emotional problems, he comes to the frightening realisation that 'Charlie' isn't just a figment of Emily's imagination.","27|9648",6.3,1792,8.8504,"2026-10-06"
9667,"The Jacket","2005-03-04","A military veteran goes on a journey into the future, where he can foresee his death and is left with questions that could save his life and those he loves.","18|9648|878|53|14",6.869,1782,6.3641,"2026-10-06"
1985,"The Constant Gardener","2005-08-31","Justin Quayle is a low-level British diplomat who has always gone about his work very quietly, not causing any problems. But after his radical wife Tessa is killed he becomes determined to find out why, thrusting himself into the middle of a very dangerous conspiracy.","18|9648|53",6.987,1777,7.2589,"2026-10-06"
11968,"Into the Blue","2005-09-30","When they take some friends on an extreme sport adventure, the last thing Jared and Sam expect to see below the shark-infested waters is a legendary pirate ship rumored to contain millions of dollars in gold. But their good fortune is short-lived, as a ruthless gang of criminals gets word of what they have uncovered.","28|53|12|80",5.948,1718,8.9581,"2026-10-06"
7364,"Sahara","2005-04-06","Seasoned adventurer and treasure hunter Dirk Pitt, a former Navy SEAL, sets out for the African desert with his wisecracking buddy Al in search of a confederate ironclad battleship rumored to have vanished long ago, the main draw being the treasure supposedly hidden within the lost vessel. When the daring duo come across Dr. Eva Rojas, a beautiful scientist who is juggling an escape from a warlord and a mission to stop the spread of a powerful plague, their desert expedition begins to heat up.","28|12|35|18|9648",5.9,1710,6.1364,"2026-10-06"
398,"Capote","2005-09-30","A biopic of writer Truman Capote and his assignment for The New Yorker to write the non-fiction book ""In Cold Blood"".","80|18",7,1705,4.0271,"2026-10-06"
9722,"Bewitched","2005-06-21","Thinking he can overshadow an unknown actress in the part, an egocentric actor unknowingly gets a witch cast in an upcoming television remake of the classic show ""Bewitched"".","35|14|10749",5.1,1700,6.1851,"2026-10-06"
20760,"Lilo & Stitch 2: Stitch Has a Glitch","2005-08-22","Now, we find the rowdy extraterrestrial getting used to life with his new ʻohana. However, a malfunction in the ultimate creation of Dr. Jumba soon emerges, which reinstates his destructive programming and threatens to both ruin his friendship with Lilo and to short him out for good!","16|10751|35|878",6.7,1666,11.3838,"2026-10-06"
14199,"The Adventures of Sharkboy and Lavagirl","2005-06-10","Everyone always knew that Max had a wild imagination, but no one believed that his wildest creations -- a boy raised by watchful great white sharks and a girl with the force of a volcano -- were real. Now, these two pint-sized action masters will show Max that even an ordinary kid has what it takes to be extraordinary.","12|10751|878",5.221,1653,7.3506,"2026-10-06"
179,"The Interpreter","2005-04-08","After Silvia Broome, an interpreter at United Nations headquarters, overhears plans of an assassination, an American Secret Service agent is sent to investigate.","80|53",6.315,1651,11.3178,"2026-10-06"
10851,"Revolver","2005-09-11","Hotshot gambler Jake Green is long on bravado and seriously short of common sense. Rarely is he allowed in any casino because he's a bona fide winner and, in fact, has taken so much money over the years that he's the sole client of his accountant elder brother, Billy. Invited to a private game, Jake is in fear of losing his life.","18|53|80|9648",6.358,1635,6.2062,"2026-10-06"
1696,"The Devil's Rejects","2005-07-22","The murderous, backwoods Firefly family take to the road to escape the vengeful Sheriff Wydell, who is not afraid of being as ruthless as his target.","18|27|80",6.7,1611,7.6723,"2026-10-06"
8066,"Stay","2005-09-24","Psychiatrist Sam Foster has a new patient, Henry Letham, who claims to be suicidal. In trying to diagnose him, Sam visits Henry's prior therapist and also finds Henry's mother -- even though Henry has said that he murdered both of his parents. As reality starts to contradict fact, Sam spirals into an unstable mental state. Then he finds a clue as to how and when Henry may try to kill himself, and races to try to stop him.","9648|53|18",6.644,1603,6.927,"2026-10-06"
231,"Syriana","2005-11-23","The Middle Eastern oil industry is the backdrop of this tense drama, which weaves together numerous story lines. Bennett Holiday is an American lawyer in charge of facilitating a dubious merger of oil companies, while Bryan Woodman, a Switzerland-based energy analyst, experiences both personal tragedy and opportunity during a visit with Arabian royalty. Meanwhile, veteran CIA agent Bob Barnes uncovers an assassination plot with unsettling origins.","18|53",6.42,1551,5.2816,"2026-10-06"
308,"Broken Flowers","2005-07-31","An introverted man receives an anonymous letter from an ex-lover informing him that he has a son who may be looking for him. A freelance sleuth neighbor motivates the man to embark on a cross-country search for his past flames, seeking answers.","35|18|9648|10749",6.931,1542,7.4137,"2026-10-06"
8976,"A Lot Like Love","2005-04-21","On a flight from Los Angeles to New York, Oliver and Emily make a connection, only to decide that they are poorly suited to be together. Over the next seven years, however, they are reunited time and time again, they go from being acquaintances to close friends to... lovers?","35|18|10749",6.839,1403,7.2071,"2026-10-06"
13417,"Kronk's New Groove","2005-12-05","After his adventures with Kuzco, Kronk opens his own diner, but struggling business and the impending visit from his father push him to hatch a risky plan for success. When the scheme explodes—literally—Kronk must rely on his many personalities to rediscover that true happiness comes from staying true to himself.","16|35|10751",6.413,1385,12.7473,"2026-10-06"
11171,"Mysterious Skin","2005-03-30","A teenage hustler and a young man obsessed with alien abductions cross paths, together discovering a horrible, liberating truth.","18",7.708,1380,6.8094,"2026-10-06"
9779,"The Sisterhood of the Traveling Pants","2005-06-01","Four best friends (Tibby, Lena, Carmen &amp; Bridget) who buy a mysterious pair of pants that fits each of them, despite their differing sizes, and makes whoever wears them feel fabulous. When faced with the prospect of spending their first summer apart, the pals decide they'll swap the pants so that each girl in turn can enjoy the magic.","18|35|10749",6.5,1373,5.0116,"2026-10-06"
6519,"The Dukes of Hazzard","2005-08-05","Cousins, Bo and Luke Duke, with the help of their eye-catching cousin, Daisy and moonshine-running Uncle Jesse, try and save the family farm from being destroyed by Hazzard County's corrupt commissioner, Boss Hogg. Their efforts constantly find the 'Duke Boys' eluding authorities in 'The General Lee', their 1969 orange Dodge Charger that keeps them one step ahead of the dimwitted antics of the small southern town's Sheriff, Roscoe P. Coltrane.","35|12|28",5.6,1357,8.6618,"2026-10-06"
11931,"In Her Shoes","2005-10-07","Irresponsible party girl Maggie is kicked out of her father's and stepmother's home—where she lives for free—and is taken in by her hard-working sister, Philadelphia lawyer Rose. After Maggie's disruptive ways ruin her sister's love life, Rose turns her out as well. But when their grandmother, who they never knew existed, comes into their lives, the sisters face some complicated truths about themselves and their family.","35|18|10749",6.219,1337,7.9482,"2026-10-06"
9885,"Wolf Creek","2005-09-16","Three backpackers stranded in the Australian outback are plunged inside a hellish nightmare of insufferable torture by a sadistic psychopathic local.","27|53",6.2,1331,5.607,"2026-10-06"
11400,"The New World","2005-12-25","A drama about explorer John Smith and the clash between Native Americans and English settlers in the 17th century.","18|36|10749",6.5,1325,7.6923,"2026-10-06"
9923,"Domino","2005-10-14","The story of the life of Domino Harvey, who abandoned her career as a Ford model to become a bounty hunter.","28|18|80|53",5.905,1319,4.6348,"2026-10-06"
6961,"The Wedding Date","2005-02-04","With the wedding of her younger sister fast approaching, Kat Ellis faces the undesirable prospect of traveling alone to London for the ceremony. While this is bad enough, Jeffrey, the man who left her as they moved closer to marriage, happens to be the groom's best man. Determined to show everyone -- most of all Jeffrey -- that her romantic life is as full and thrilling as ever, Kat hires a charming male escort as her date.","10749|35",6.811,1288,5.8818,"2026-10-06"
2800,"Rumor Has It...","2005-12-22","Sarah Huttinger learns that her family was the inspiration for the book and film ""The Graduate"" -- and that she just might be the offspring of the well-documented event.","35|10749",5.684,1282,6.2841,"2026-10-06"
15657,"Tarzan II","2005-06-13","When one of his missteps puts his family in jeopardy, Tarzan decides they would be better off without him.","12|16|10751",6.1,1270,6.835,"2026-10-06"
1124,"The Prestige","2006-10-19","A mysterious story of two magicians whose intense rivalry leads them on a life-long battle for supremacy -- full of obsession, deceit and jealousy with dangerous and deadly consequences.","18|9648|878",8.211,18223,28.1768,"2026-10-06"
58,"Pirates of the Caribbean: Dead Man's Chest","2006-07-06","Captain Jack Sparrow’s got a blood debt to pay: he owes his soul to the legendary Davy Jones, ghastly Ruler of the Ocean Depths. To escape eternal servitude aboard the Flying Dutchman, ever-crafty Jack must track down the still-beating heart of Jones. But he won’t do it alone: Will Turner and Elizabeth Swann are drawn back into another one of his perilous quests—assuming they can evade execution for aiding a pirate.","12|14|28",7.392,17663,32.4586,"2026-10-06"
1422,"The Departed","2006-10-04","To take down South Boston's Irish Mafia, the police send in one of their own to infiltrate the underworld, not realizing the syndicate has done likewise. While an undercover cop curries favor with the mob kingpin, a career criminal rises through the police ranks. But both sides soon discover there's a mole among them.","18|53|80",8.158,16733,28.1425,"2026-10-06"
752,"V for Vendetta","2006-02-23","In a world in which Great Britain has become a fascist state, a masked vigilante known only as “V” conducts guerrilla warfare against the oppressive British government. When V rescues a young woman from the secret police, he finds in her an ally with whom he can continue his fight to free the people of Britain.","28|53|878",7.898,16008,19.778,"2026-10-06"
920,"Cars","2006-06-08","Lightning McQueen, a hotshot rookie race car driven to succeed, discovers that life is about the journey, not the finish line, when he finds himself unexpectedly detoured in the sleepy Route 66 town of Radiator Springs. On route across the country to the big Piston Cup Championship in California to compete against two seasoned pros, McQueen gets to know the town's offbeat characters.","16|12|35|10751",7.058,15598,24.5151,"2026-10-06"
350,"The Devil Wears Prada","2006-06-29","A young woman from the Midwest gets more than she bargained for when she moves to New York to become a writer and ends up as the assistant to the tyrannical, larger-than-life editor-in-chief of a major fashion magazine.","18|35",7.434,14291,44.0053,"2026-10-06"
36557,"Casino Royale","2006-11-14","Le Chiffre, a banker to the world's terrorists, is scheduled to participate in a high-stakes poker game in Montenegro, where he intends to use his winnings to establish his financial grip on the terrorist market. M sends Bond—on his maiden mission as a 00 Agent—to attend this game and prevent Le Chiffre from winning. With the help of Vesper Lynd and Felix Leiter, Bond enters the most important poker game in his already dangerous career.","12|28|53",7.575,12052,22.3878,"2026-10-06"
1593,"Night at the Museum","2006-12-20","Chaos reigns at the natural history museum when night watchman Larry Daley accidentally stirs up an ancient curse, awakening Attila the Hun, an army of gladiators, a Tyrannosaurus rex and other exhibits.","14|10751|35",6.6,11246,17.8793,"2026-10-06"
1402,"The Pursuit of Happyness","2006-12-14","A struggling salesman takes custody of his son as he's poised to begin a life-changing professional career.","18",7.9,10904,20.1637,"2026-10-06"
36668,"X-Men: The Last Stand","2006-05-24","When a cure is found to treat mutations, lines are drawn amongst the X-Men led by Professor Charles Xavier, and Magneto's Brotherhood of Mutants.","12|28|878",6.4,10704,1.1226,"2026-10-06"
950,"Ice Age: The Meltdown","2006-03-29","Diego, Manny and Sid return in this sequel to the hit animated movie Ice Age. This time around, the deep freeze is over, and the ice-covered earth is starting to melt, which will destroy the trio's cherished valley. The impending disaster prompts them to reunite and warn all the other beasts about the desperate situation.","16|10751|35|12",6.7,10579,27.8694,"2026-10-06"
591,"The Da Vinci Code","2006-05-17","A murder in Paris’ Louvre Museum and cryptic clues in some of Leonardo da Vinci’s most famous paintings lead to the discovery of a religious mystery. For 2,000 years a secret society closely guards information that — should it come to light — could rock the very foundations of Christianity.","53|9648",6.736,10357,21.7035,"2026-10-06"
1372,"Blood Diamond","2006-12-08","An ex-mercenary turned smuggler. A Mende fisherman. Amid the explosive civil war overtaking 1999 Sierra Leone, these men join for two desperate missions: recovering a rare pink diamond of immense value and rescuing the fisherman's son, conscripted as a child soldier into the brutal rebel forces ripping a swath of torture and bloodshed countrywide.","18|53|28",7.56,8579,17.1128,"2026-10-06"
9693,"Children of Men","2006-09-22","In 2027, in a chaotic world in which humans can no longer procreate, a former activist agrees to help transport a miraculously pregnant woman to a sanctuary at sea, where her child's birth may help scientists save the future of humankind.","878|53|28",7.616,8163,15.1391,"2026-10-06"
773,"Little Miss Sunshine","2006-07-26","A family loaded with quirky, colorful characters piles into an old van and road trips to California for little Olive to compete in a beauty pageant.","35|18",7.691,8111,12.8148,"2026-10-06"
9615,"The Fast and the Furious: Tokyo Drift","2006-06-03","In order to avoid a jail sentence, Sean Boswell heads to Tokyo to live with his military father. In a low-rent section of the city, Sean gets caught up in the underground world of drift racing","28|80|53",6.6,7911,7.3186,"2026-10-06"
956,"Mission: Impossible III","2006-04-25","Retired from active duty, and training recruits for the Impossible Mission Force, agent Ethan Hunt faces the toughest foe of his career: Owen Davian, an international broker of arms and information, who's as cunning as he is ruthless. Davian emerges to threaten Hunt and all that he holds dear – including the woman Hunt loves.","12|28|53",6.767,7892,19.4313,"2026-10-06"
9339,"Click","2006-06-23","A married workaholic, Michael Newman doesn't have time for his wife and children, not if he's to impress his ungrateful boss and earn a well-deserved promotion. So when he meets Morty, a loopy sales clerk, he gets the answer to his prayers: a magical remote that allows him to bypass life's little distractions with increasingly hysterical results.","35|18|14",6.313,7792,17.4991,"2026-10-06"
1579,"Apocalypto","2006-12-07","Set in the Mayan civilization, when a man's idyllic presence is brutally disrupted by a violent invading force, he is taken on a perilous journey to a world ruled by fear and oppression where a harrowing end awaits him. Through a twist of fate and spurred by the power of his love for his woman and his family he will make a desperate break to return home and to ultimately save his way of life.","28|18|36",7.669,6709,21.6135,"2026-10-06"
388,"Inside Man","2006-03-17","When an armed, masked gang enter a Manhattan bank, lock the doors and take hostages, the detective assigned to effect their release enters negotiations preoccupied with corruption charges he is facing.","80|18|53",7.41,6598,12.9061,"2026-10-06"
496,"Borat: Cultural Learnings of America for Make Benefit Glorious Nation of Kazakhstan","2006-11-01","Kazakh journalist Borat Sagdiyev travels to America to make a documentary. As he zigzags across the nation, Borat meets real people in real situations with hysterical consequences. His backwards behavior generates strong reactions around him exposing prejudices and hypocrisies in American culture.","35",6.789,6204,8.4273,"2026-10-06"
1581,"The Holiday","2006-12-05","Two women, one American and one British, swap homes at Christmastime following bad breakups. Each woman finds romance with a local man but realizes that the imminent return home may end the relationship.","35|10749",7.101,5773,14.4944,"2026-10-06"
9836,"Happy Feet","2006-11-16","Into the world of the Emperor Penguins, who find their soul mates through song, a penguin is born who cannot sing. But he can tap dance something fierce!","16|35|10751",6.2,5609,12.4885,"2026-10-06"
1491,"The Illusionist","2006-08-18","With his eye on a lovely aristocrat, a gifted illusionist named Eisenheim uses his powers to win her away from her betrothed, a crown prince. But Eisenheim's scheme creates tumult within the monarchy and ignites the suspicion of a dogged inspector.","14|18|53|10749",7.3,5507,8.5943,"2026-10-06"
7551,"Déjà Vu","2006-11-22","Called in to recover evidence in the aftermath of a horrific explosion on a New Orleans ferry, Federal agent Doug Carlin gets pulled away from the scene and taken to a top-secret government lab that uses a time-shifting surveillance device to help prevent crime.","28|53|878",6.896,5499,10.3665,"2026-10-06"
1427,"Perfume: The Story of a Murderer","2006-09-13","Jean-Baptiste Grenouille, born in the stench of 18th century Paris, develops a superior olfactory sense, which he uses to create the world's finest perfumes. However, his work takes a dark turn as he tries to preserve scents in the search for the ultimate perfume.","80|14|18",7.376,5190,15.5233,"2026-10-06"
588,"Silent Hill","2006-04-21","Rose, a desperate mother, takes her adopted daughter, Sharon, to the town of Silent Hill in an attempt to cure her of her ailment. After a violent car crash, Sharon disappears, and Rose embarks on a horrific journey to get her back and begins to uncover the truth behind the apocalyptic disaster that burned the town 30 years earlier.","27|9648",6.6,5123,15.7939,"2026-10-06"
214,"Saw III","2006-10-26","Jigsaw has disappeared. Along with his new apprentice Amanda, the puppet-master behind the cruel, intricate games that have terrified a community and baffled police has once again eluded capture and vanished. While city detectives scramble to locate him, Doctor Lynn Denlon and Jeff Reinhart are unaware that they are about to become the latest pawns on his vicious chessboard.","27|53|80",6.418,5104,10.4474,"2026-10-06"
7518,"Over the Hedge","2006-05-17","A scheming raccoon fools a mismatched family of forest creatures into helping him repay a debt of food, by invading the new suburban sprawl that popped up while they were hibernating – and learns a lesson about family himself.","12|16|35|10751",6.6,5001,27.2984,"2026-10-06"
10947,"High School Musical","2006-01-20","A popular high school athlete and an academically gifted girl get roles in the school musical and develop a friendship that threatens East High's social order.","35|10751|10770|10402|10749",6.544,4859,8.2919,"2026-10-06"
9286,"Final Destination 3","2006-02-09","High school senior Wendy's premonition of a deadly rollercoaster ride saves her life and a lucky few, but not from death itself — which seeks out those who escaped their fate.","27|9648",6.16,4757,16.4045,"2026-10-06"
1452,"Superman Returns","2006-06-28","Superman returns to discover his 5-year absence has allowed Lex Luthor to walk free, and that those he was closest to felt abandoned and have moved on. Luthor plots his ultimate revenge that could see millions killed and change the face of the planet forever, as well as ridding himself of the Man of Steel.","878|28|12",5.831,4726,13.5451,"2026-10-06"
186,"Lucky Number Slevin","2006-02-24","Slevin is mistakenly put in the middle of a personal war between the city’s biggest criminal bosses. Under constant watch, Slevin must try not to get killed by an infamous assassin and come up with an idea of how to get out of his current dilemma.","18|53|80|9648",7.475,4647,12.7502,"2026-10-06"
834,"Underworld: Evolution","2006-01-12","As the war between the vampires and the Lycans rages on, Selene, a former member of the Death Dealers (an elite vampire special forces unit that hunts werewolves), and Michael, the werewolf hybrid, work together in an effort to unlock the secrets of their respective bloodlines.","14|28|53",6.607,4517,11.6446,"2026-10-06"
9297,"Monster House","2006-06-30","Monsters under the bed are scary enough, but what happens when an entire house is out to get you? Three teens aim to find out when they go up against a decrepit neighboring home and unlock its frightening secrets.","16|35|10751|14|27",6.7,4486,27.0356,"2026-10-06"
1948,"Crank","2006-08-31","Chev Chelios, a hit man wanting to go straight, lets his latest target slip away. Then he awakes the next morning to a phone call that informs him he has been poisoned and has only an hour to live unless he keeps adrenaline coursing through his body while he searches for an antidote.","28|53|80",6.675,4399,15.2185,"2026-10-06"
11619,"Flushed Away","2006-10-22","London high-society mouse, Roddy is flushed down the toilet by Sid, a common sewer rat. Hang on for a madcap adventure deep in the sewer bowels of Ratropolis, where Roddy meets the resourceful Rita, the rodent-hating Toad and his faithful thugs, Spike and Whitey.","12|16|35|10751",6.3,4204,22.6999,"2026-10-06"
1164,"Babel","2006-10-26","Tragedy strikes a married couple vacationing in the Moroccan desert, which jumpstarts an interlocking story involving four different families.","18",7.17,4204,8.492,"2026-10-06"
1690,"Hostel","2006-01-06","Three backpackers head to a Slovakian city that promises to meet their hedonistic expectations, with no idea of the hell that awaits them.","27",5.968,4091,12.7448,"2026-10-06"
9762,"Step Up","2006-08-11","Delinquent Tyler Gage receives the opportunity of a lifetime after vandalizing a performing arts school, gaining him the chance to earn a scholarship and dance with up-and-coming dancer Nora.","10402|18|10749|80",6.88,3978,8.0424,"2026-10-06"
1246,"Rocky Balboa","2006-12-20","When he loses a highly publicized virtual boxing match to ex-champ Rocky Balboa, reigning heavyweight titleholder Mason Dixon retaliates by challenging the Italian Stallion to a 10-round exhibition bout. To the surprise of his son and friends, Rocky agrees to come out of retirement and face an opponent who's faster, stronger and thirty years his junior. Rocky takes on Dixon in what will become the greatest fight in boxing history!","18|28",6.887,3941,13.2101,"2026-10-06"
7512,"Idiocracy","2006-09-01","To test its top-secret Human Hibernation Project, the Pentagon picks the most average European-Americans it can find - an Army private and a prostitute - and sends them to the year 2505 after a series of freak events. But when they arrive, they find a civilization so dumbed-down that they're the smartest people around.","35|878|12|53",6.387,3839,14.0994,"2026-10-06"
4257,"Scary Movie 4","2006-04-12","Cindy finds out the house she lives in is haunted by a little boy and goes on a quest to find out who killed him and why. Also, Alien ""Tr-iPods"" are invading the world and she has to uncover the secret in order to stop them.","35",5.5,3759,16.1392,"2026-10-06"
2486,"Eragon","2006-12-14","In his homeland of Alagaesia, a farm boy happens upon a dragon's egg -- a discovery that leads him on a predestined journey where he realized he's the one person who can defend his home against an evil king.","14|28|12|10751",5.1,3528,5.5393,"2026-10-06"
9792,"The Hills Have Eyes","2006-03-10","Based on Wes Craven's 1977 suspenseful cult classic, The Hills Have Eyes is the story of a family road trip that goes terrifyingly awry when the travelers become stranded in a government atomic zone. Miles from nowhere, the Carter family soon realizes the seemingly uninhabited wasteland is actually the breeding ground of a blood-thirsty mutant family...and they are the prey.","27|53",6.49,3492,12.9772,"2026-10-06"
9655,"She's the Man","2006-03-17","Viola Hastings is in a real jam. Complications threaten her scheme to pose as her twin brother, Sebastian, and take his place at a new boarding school. She falls in love with her handsome roommate, Duke, who loves beautiful Olivia, who has fallen for Sebastian! As if that were not enough, Viola's twin returns from London ahead of schedule but has no idea that his sister has already replaced him on campus.","35|10749",6.8,3382,12.3649,"2026-10-06"
1381,"The Fountain","2006-11-22","Spanning over one thousand years, and three parallel stories, The Fountain is a story of love, death, spirituality, and the fragility of our existence in this world.","18|12|878|10749",6.901,3240,8.8898,"2026-10-06"
2044,"The Lake House","2006-06-16","When architect Alex Wyler moves into an unusual glass house on stilts over a lake, he discovers a note from the previous tenant in the mailbox--but no one's lived in the house for years. He replies and soon discovers that he's corresponding with a doctor named Kate Forster. Their correspondence, only through the 'magical' mailbox, turns romantic and their paths cross in unexpected ways, but when they try to truly connect, danger looms. They must try to unravel the mystery behind their extraordinary romance before it's too late.","10749|18|14",7.039,3085,10.5703,"2026-10-06"
7484,"Open Season","2006-09-27","Boog, a domesticated 900lb. Grizzly bear finds himself stranded in the woods 3 days before Open Season. Forced to rely on Elliot, a fast-talking mule deer, the two form an unlikely friendship and must quickly rally other forest animals if they are to form a rag-tag army against the hunters.","16|10751|12|35",6.2,3082,12.4296,"2026-10-06"
1887,"Marie Antoinette","2006-05-24","A retelling of the story of France’s iconic but ill-fated queen, Marie Antoinette - from her betrothal and marriage to Louis XVI at fifteen to her reign as queen at nineteen and ultimately the fall of Versailles.","18|36",6.69,3021,9.4775,"2026-10-06"
9767,"The Break-Up","2006-06-01","Pushed to the breaking-up point after their latest 'why can't you do this one little thing for me?' argument, Brooke calls it quits with her boyfriend Gary. What follows is a hilarious series of remedies, war tactics, overtures and undermining tricks – all encouraged by the former couple's friends and confidantes …and the occasional total stranger! When neither ex is willing to move out of their shared apartment, the only solution is to continue living as hostile roommates until one of them reaches breaking point.","10749|35",5.905,2910,10.326,"2026-10-06"
2652,"Hard Candy","2006-04-14","Hayley’s a smart, charming teenage girl. Jeff’s a handsome, smooth fashion photographer. An Internet chat, a coffee shop meet-up, an impromptu fashion shoot back at Jeff’s place. Jeff thinks it’s his lucky night. He’s in for a surprise.","18|53",6.804,2881,8.6921,"2026-10-06"
1262,"Stranger Than Fiction","2006-11-10","Harold Crick is a lonely IRS agent whose mundane existence is transformed when he hears a mysterious voice narrating his life.","18|35|10749|14",7.294,2645,8.0608,"2026-10-06"
1523,"The Last King of Scotland","2006-09-27","Young Scottish doctor, Nicholas Garrigan decides it's time for an adventure after he finishes his formal education, so he decides to try his luck in Uganda, and arrives during the downfall of President Obote. General Idi Amin comes to power and asks Garrigan to become his personal doctor.","18",7.408,2468,6.9829,"2026-10-06"
503,"Poseidon","2006-05-03","A packed cruise ship traveling the Atlantic is hit and overturned by a massive wave, compelling the passengers to begin a dramatic fight for their lives.","12|28|18|53",5.909,2418,9.4438,"2026-10-06"
1251,"Letters from Iwo Jima","2006-12-09","The story of the battle of Iwo Jima between the United States and Imperial Japan during World War II, as told from the perspective of the Japanese who fought it.","28|18|10752",7.504,2409,8.9706,"2026-10-06"
9513,"Garfield: A Tail of Two Kitties","2006-06-15","Jon and Garfield visit the United Kingdom, where a case of mistaken cat identity finds Garfield ruling over a castle. His reign is soon jeopardized by the nefarious Lord Dargis, who has designs on the estate.","35|10751|12",5.611,2389,10.9259,"2026-10-06"
8275,"American Pie Presents: The Naked Mile","2006-12-04","When Erik Stifler realizes that he's the only Stifler family member who might graduate high school a virgin, he decides to live up to his legacy. After some well-meaning advice from Jim's dad, Erik's ready to take his chances at the annual and infamous Naked Mile race, where his devoted friends and some uninhibited sorority girls will create the most outrageous weekend ever.","35",5.5,2245,12.4107,"2026-10-06"
12096,"The Pink Panther","2006-02-10","When the coach of the France football team is killed by a poisoned dart in the stadium at the end of a game, and his huge, expensive ring with the Pink Panther diamond  disappears, the ambitious Chief Inspector Dreyfus assigns the worst police inspector – Jacques Clouseau – to the case.","35|9648|80|12|10751",5.9,2211,10.5874,"2026-10-06"
2207,"16 Blocks","2006-03-01","An aging cop is assigned the ordinary task of escorting a fast-talking witness from police custody to a courthouse, but they find themselves running the gauntlet as other forces try to prevent them from getting there.","28|12|80|53",6.464,2183,6.7542,"2026-10-06"
3683,"Flags of Our Fathers","2006-10-19","There were five Marines and one Navy Corpsman photographed raising the U.S. flag on Mt. Suribachi by Joe Rosenthal on February 23, 1945. This is the story of three of the six surviving servicemen - John 'Doc' Bradley, Pvt. Rene Gagnon and Pvt. Ira Hayes - who fought in the battle to take Iwo Jima from the Japanese.","10752|18|36",6.851,2094,12.3325,"2026-10-06"
82,"Miami Vice","2006-07-27","A case involving drug lords and murder in South Florida takes a personal turn for undercover detectives Sonny Crockett and Ricardo Tubbs. Unorthodox Crockett gets involved romantically with the Chinese-Cuban wife of a trafficker of arms and drugs, while Tubbs deals with an assault on those he loves.","28|80|53",6.05,2077,14.7851,"2026-10-06"
326,"Snakes on a Plane","2006-08-17","FBI agent Neville Flynn boards a flight from Honolulu, Hawaii to Los Angeles, escorting a key witness to testify against a mob boss at an upcoming trial. An on-board assassin releases a crate full of hundreds of deadly venomous snakes in an attempt to eliminate the witness. Flynn and a host of frightened passengers and crew must band together to survive the slithery threat.","28|12|80|53",5.5,2061,8.2714,"2026-10-06"
10025,"Just My Luck","2006-05-12","Manhattanite Ashley is known to many as the luckiest woman around. After a chance encounter with a down-and-out young man, however, she realizes that she's swapped her fortune for his.","35|14|10749",6.194,2059,9.1313,"2026-10-06"
3509,"A Scanner Darkly","2006-07-07","An undercover cop in a not-too-distant future becomes involved with a dangerous new drug and begins to lose his own identity as a result.","16|878|53",6.8,2039,5.3016,"2026-10-06"
10781,"The Texas Chainsaw Massacre: The Beginning","2006-10-05","Chrissie and her friends set out on a road trip for a final fling before one is shipped off to Vietnam. Along the way, bikers harass the foursome and cause an accident that throws Chrissie from the vehicle. The lawman who arrives on the scene kills one of the bikers and brings Chrissie's friends to the Hewitt homestead, where young Leatherface is learning the tools of terror.","27|53",6.172,2028,9.1852,"2026-10-06"
9718,"Talladega Nights: The Ballad of Ricky Bobby","2006-08-04","The fastest man on four wheels, Ricky Bobby, is one of the greatest drivers in NASCAR history. A big, hairy American winning machine, Ricky has everything a dimwitted daredevil could want, a luxurious mansion, a smokin' hot wife, and all the fast food he can eat. But Ricky's turbo-charged lifestyle hits an unexpected speed bump when he's bested by flamboyant Euro-idiot Jean Girard and reduced to a fear-ridden wreck.","35",6.385,2009,7.3728,"2026-10-06"
9072,"Little Man","2006-08-31","After leaving prison, dwarf criminal Calvin Sims joins his moron brother Percy in stealing an expensive huge diamond from a jewelry store for the mobster Walken. They are chased by the police, and Calvin hides the stone in the purse of executive Vanessa Edwards, whose husband Darryl Edwards wants to have a baby. Percy convinces Calvin to dress like a baby and be left in front of the Edwards' house to get inside the house and retrieve the diamond. Darryl and Vanessa keep Calvin for the weekend and decide to adopt him, while Walken threatens Darryl to get the stone back.","35|80",5.938,1964,12.4618,"2026-10-06"
9353,"Nacho Libre","2006-06-16","Ignacio, a disrespected cook at a Mexican monastery, can barely afford to feed the orphans who live there. Inspired by a local wrestling hero, he decides to moonlight as the not-so-famous Luchador ""Nacho Libre"" to earn money for the monastery -- not to mention the admiration of beautiful nun Sister Encarnación.","35|28|10751",6.539,1931,8.6208,"2026-10-06"
7516,"Smokin' Aces","2006-12-09","When a Las Vegas performer-turned-snitch named Buddy Israel decides to turn state's evidence and testify against the mob, it seems that a whole lot of people would like to make sure he's no longer breathing.","28|35|80|53",6.477,1907,10.7461,"2026-10-06"
1852,"World Trade Center","2006-08-09","Two police officers struggle to survive when they become trapped beneath the rubble of the World Trade Center on September 11, 2001.","18|36|53",6.124,1883,6.5432,"2026-10-06"
9036,"Eight Below","2006-02-17","In the Antarctic, after an expedition with Dr. Davis McClaren, the sled dog trainer Jerry Shepherd has to leave the polar base with his colleagues due to the proximity of a heavy snow storm. He ties his dogs to be rescued after, but the mission is called-off and the dogs are left alone at their own fortune. For six months, Jerry tries to find a sponsor for a rescue mission.","12|18|10751",7.038,1873,12.4319,"2026-10-06"
6877,"Failure to Launch","2006-03-10","At 35, Tripp has an interesting job, a hip car, a passion for sailing, an active dating life, and a great house - trouble is, he still lives with his parents, Al and Sue, who are not happy about it. Al and Sue are fascinated when friends whose adult son has recently moved away from home reveal they hired an expert to help. In desperation to push Tripp out of the nest once and for all, Al and Sue hatch a plan to hire Paula, an ""interventionist,"" who has a formula in these cases.","10749|35",5.854,1867,11.2097,"2026-10-06"
2179,"Tenacious D in The Pick of Destiny","2006-11-22","In Venice Beach, naive Midwesterner JB bonds with local slacker KG and they form the rock band Tenacious D. Setting out to become the world's greatest band is no easy feat, so they set out to steal what could be the answer to their prayers... a magical guitar pick housed in a rock-and-roll museum some 300 miles away.","35|10402|14|12",6.801,1863,5.6392,"2026-10-06"
9788,"Accepted","2006-08-18","A high school slacker who's rejected by every school he applies to opts to create his own institution of higher learning, the South Harmon Institute of Technology, on a rundown piece of property near his hometown.","35",6.5,1856,7.2546,"2026-10-06"
9530,"RV","2006-04-28","Climbing aboard their mammoth recreational vehicle for a cross-country road trip to the Colorado Rockies, the Munro family – led by dysfunctional patriarch, Bob – prepares for the adventure of a lifetime. But spending two weeks together in one seriously small space has a way of cramping their style.","10751|35|12",5.904,1847,6.9064,"2026-10-06"
9035,"Slither","2006-03-31","A small town is taken over by an alien plague, turning residents into zombies and all forms of mutant monsters.","27|878|35",6.55,1805,8.3823,"2026-10-06"
512,"Scoop","2006-07-27","An American journalism student in London scoops a big story, and begins an affair with an aristocrat as the incident unfurls.","35|9648",6.597,1793,4.5475,"2026-10-06"
9920,"Ultraviolet","2006-03-03","In the late 21st century, a subculture of humans have emerged who have been modified genetically by a vampire-like disease, giving them enhanced speed, incredible stamina and acute intelligence. As they are set apart from ""normal"" and ""healthy"" humans, the world is pushed to the brink of worldwide civil war  aimed at the destruction of the ""diseased"" population. In the middle of this crossed-fire is - an infected woman - Ultraviolet, who finds herself protecting a nine-year-old boy who has been marked for death by the human government as he is believed to be a threat to humans.","878|28|53",5.2,1783,4.9513,"2026-10-06"
4643,"The Guardian","2006-09-28","A high school swim champion with a troubled past enrolls in the U.S. Coast Guard's 'A' School, where legendary rescue swimmer Ben Randall teaches him some hard lessons about loss, love, and self-sacrifice.","28|12|18",7.1,1739,10.6036,"2026-10-06"
11565,"Big Momma's House 2","2006-01-26","FBI agent Malcolm Turner goes back undercover as Big Momma, a slick-talking, slam-dunking Southern granny with attitude to spare! Now this granny must play nanny to three dysfunctional upper-class kids in order to spy on their computer hacker father.","35|80",5.8,1736,11.7318,"2026-10-06"
9829,"United 93","2006-04-28","A real-time account of the events on United Flight 93, one of the planes hijacked on 9/11 that crashed near Shanksville, Pennsylvania when passengers foiled the terrorist plot.","18|36|53",7.138,1703,5.9551,"2026-10-06"
9726,"A Good Year","2006-09-09","Failed London banker Max Skinner inherits his uncle's vineyard in Provence, where he spent many childhood holidays. Upon his arrival, he meets a woman from California who tells Max she is his long-lost cousin and that the property is hers.","35|18|10749",6.7,1695,7.2721,"2026-10-06"
14191,"Aquamarine","2006-03-03","Two teenage girls discover that mermaids really do exist after a violent storm washes one ashore. The mermaid, a sassy creature named Aquamarine, is determined to prove to her father that real love exists, and enlists the girls' help in winning the heart of a handsome lifeguard.","14|10749|10751|35",6.5,1615,8.0076,"2026-10-06"
10010,"Brother Bear 2","2006-07-19","Kenai finds his childhood human friend Nita and the two embark on a journey to burn the amulet he gave to her before he was a bear, much to Koda's dismay.","12|16|10751",6.7,1597,13.4881,"2026-10-06"
4474,"My Super Ex-Girlfriend","2006-07-20","When New York architect Matt Saunders dumps his new girlfriend Jenny Johnson—a smart, sexy, and reluctant superhero known as G-Girl—she uses her powers to make his life a living hell.","35|878|10749",5.2,1579,10.212,"2026-10-06"
7457,"Alpha Dog","2006-01-27","Johnny Truelove likes to see himself as tough. He's the son of an underworld figure and a drug dealer. Johnny also likes to get tough when things don't go his way. When Jake Mazursky fails to pay up for Johnny, things get worse for the Mazursky family, as Johnny and his 'gang' kidnap Jake's 15 year old brother and hold him hostage.","80|18|53",6.657,1567,5.6704,"2026-10-06"
2295,"Clerks II","2006-07-21","A calamity at Dante and Randall's shops sends them looking for new horizons - but they ultimately settle at Mooby's, a fictional Disney-McDonald's-style fast-food empire.","35",6.9,1550,6.1914,"2026-10-06"
9697,"Lady in the Water","2006-07-19","Apartment building superintendent Cleveland Heep rescues what he thinks is a young woman from the pool he maintains. When he discovers that she is actually a character from a bedtime story who is trying to make the journey back to her home, he works with his tenants to protect his new friend from the creatures that are determined to keep her in our world.","18|14|9648",5.56,1549,7.1455,"2026-10-06"
9293,"John Tucker Must Die","2006-07-27","After discovering they are all dating the same same guy, three popular students from different cliques band together for revenge, so they enlist the help of a new gal in town and conspire to break the jerk's heart, while destroying his reputation.","35|10749",6.09,1520,6.9512,"2026-10-06"
7985,"Penelope","2006-10-07","Forlorn heiress Penelope Wilhern is cursed, and the only way out is to fall in love with someone of suitable stock. But how can she find her soulmate when she's sequestered inside her family's estate with only her parents to keep her company? This untraditional fairy tale is about a girl who bucks convention to create her own happy ending.","14|35|10749",6.7,1510,5.1361,"2026-10-06"
9906,"The Ant Bully","2006-07-28","Fed up with being targeted by the neighborhood bully, 10-year-old Lucas Nickle vents his frustrations on the anthill in his front yard ... until the insects shrink him to the size of a bug with a magic elixir. Convicted of ""crimes against the colony,"" Lucas can only regain his freedom by living with the ants and learning their ways.","14|12|16|35|10751",5.806,1508,11.1328,"2026-10-06"
9986,"Charlotte's Web","2006-12-07","Wilbur the pig is scared of the end of the season, because he knows that come that time, he will end up on the dinner table. He hatches a plan with Charlotte, a spider that lives in his pen, to ensure that this will never happen.","35|10751|14",6.229,1496,13.0108,"2026-10-06"
1819,"You, Me and Dupree","2006-07-13","After standing in as best man for his longtime friend Carl Petersen, Randy Dupree loses his job, becomes a barfly and attaches himself to the newlywed couple almost permanently -- as their houseguest. But the longer Dupree camps out on their couch, the closer he gets to Carl's bride, Molly, leaving the frustrated groom wondering when his pal will be moving out.","35|10749",5.6,1486,7.2033,"2026-10-06"
1165,"The Queen","2006-09-15","The Queen is an intimate behind the scenes glimpse at the interaction between HM Elizabeth II and Prime Minister Tony Blair during their struggle, following the death of Diana, to reach a compromise between what was a private tragedy for the Royal family and the public's demand for an overt display of mourning.","18|36",6.9,1469,7.5865,"2026-10-06"
9708,"The Wicker Man","2006-08-31","A sheriff investigating the disappearance of a young girl from a small island discovers there's a larger mystery to solve among the island's secretive, neo-pagan community.","27|9648|53",4.3,1468,7.8721,"2026-10-06"
9270,"Brick","2006-03-31","A teenage loner pushes his way into the underworld of a high school crime ring to investigate the disappearance of his ex-girlfriend.","18|9648|80",6.818,1437,3.3378,"2026-10-06"
1247,"The Good Shepherd","2006-12-11","Edward Wilson, the only witness to his father's suicide and member of the Skull and Bones Society while a student at Yale, is a morally upright young man who values honor and discretion, qualities that help him to be recruited for a career in the newly founded OSS. His dedication to his work does not come without a price though, leading him to sacrifice his ideals and eventually his family.","18|53|36",6.355,1351,11.9008,"2026-10-06"
12094,"Jackass Number Two","2006-09-22","Jackass Number Two is a compilation of various stunts, pranks and skits, and essentially has no plot. Chris Pontius, Johnny Knoxville, Steve-O, Bam Margera, and the whole crew return to the screen to raise the stakes higher than ever before.","28|35|99",6.6,1339,4.903,"2026-10-06"
1730,"Inland Empire","2006-12-06","When actress Nikki Grace gets the lead role in a cursed film, her world becomes more and more surreal, blending realities and ideas of infidelity, reincarnation, and supernatural forces.","27|53|9648|18|14",7,1323,8.6093,"2026-10-06"
675,"Harry Potter and the Order of the Phoenix","2007-07-08","When a new professor's methods leave Hogwarts unprepared to fight the rising tide of evil, Harry teaches students how to defend against the dark arts.","12|14",7.673,21298,40.6028,"2026-10-06"
2062,"Ratatouille","2007-06-28","In one of Paris's finest restaurants, Remy, a determined young rat, dreams of becoming a renowned French chef. Torn between his family's wishes and his true calling, Remy and his pal Linguini set in motion a hilarious chain of events that turns the City of Lights upside down.","16|35|10751|14",7.848,19017,32.2393,"2026-10-06"
6479,"I Am Legend","2007-12-12","Robert Neville is a scientist who was unable to stop the spread of the terrible virus that was incurable and man-made. Immune, Neville is now the last human survivor in what is left of New York City and perhaps the world. For three years, Neville has faithfully sent out daily radio messages, desperate to find any other survivors who might be out there. But he is not alone.","18|878|53",7.223,17380,21.9745,"2026-10-06"
285,"Pirates of the Caribbean: At World's End","2007-05-19","After losing Captain Jack Sparrow to the locker of Davy Jones, Will Turner, Elizabeth Swann, and Captain Barbossa journey to the ends of the earth to rescue him. And as the East India Trading Company tightens its grip on the seas under Lord Cutler Beckett—now in control of Davy Jones—the fate of piracy hangs by a thread. Now, they must unite the pirate lords for one final stand. But as loyalties are tested and alliances shift, each must ultimately choose where they stand in the battle for freedom on the high seas.","12|14|28",7.278,15896,33.2429,"2026-10-06"
559,"Spider-Man 3","2007-05-01","The seemingly invincible Spider-Man goes up against an all-new crop of villains—including the shape-shifting Sandman. While Spider-Man’s superpowers are altered by an alien organism, his alter ego, Peter Parker, deals with nemesis Eddie Brock and also gets caught up in a love triangle.","28|12|878",6.484,15843,32.0488,"2026-10-06"
1271,"300","2007-03-07","A story very loosely based the 480 B.C. Battle of Thermopylae, where the King of Sparta led his army against the advancing Persians.","28|12|10752",7.21,15141,15.4361,"2026-10-06"
6977,"No Country for Old Men","2007-11-09","Llewelyn Moss stumbles upon dead bodies, $2 million and a hoard of heroin in a Texas desert, but methodical killer Anton Chigurh comes looking for it, with local sheriff Ed Tom Bell hot on his trail. The roles of prey and predator blur as the violent pursuit of money and justice collide.","80|53|37",7.951,13849,28.3918,"2026-10-06"
1858,"Transformers","2007-06-27","Young teenager Sam Witwicky becomes involved in the ancient struggle between two extraterrestrial factions of transforming robots – the heroic Autobots and the evil Decepticons. Sam holds the clue to unimaginable power and the Decepticons will stop at nothing to retrieve it.","12|878|28",6.8,12589,5.7589,"2026-10-06"
1949,"Zodiac","2007-03-02","Police conduct a manhunt for the Zodiac Killer, a serial killer who terrorized the San Francisco Bay Area during the late 1960s and early 1970s, taunting police with letters, bloodstained clothing, and ciphers mailed to newspapers.","80|9648|53",7.532,11966,15.406,"2026-10-06"
5915,"Into the Wild","2007-09-21","After graduating from Emory University in 1992, top student and athlete Christopher McCandless abandons his possessions, gives his entire $24,000 savings account to charity, and hitchhikes to Alaska to live in the wilderness.","12|18",7.794,10377,13.8286,"2026-10-06"
810,"Shrek the Third","2007-05-17","After the King of Far Far Away dies, Shrek and Fiona are to succede. However, Shrek wants to return to his cozy swamp and live in peace and quiet, so when he finds out there is another heir to the throne, he and Donkey set off to bring him back to rule the kingdom.","14|12|16|35|10751",6.315,10035,37.627,"2026-10-06"
35,"The Simpsons Movie","2007-07-25","After Homer accidentally pollutes the town's water supply, Springfield is encased in a gigantic dome by the EPA and the Simpsons are declared fugitives.","16|35|10751",7.024,8753,16.8325,"2026-10-06"
4638,"Hot Fuzz","2007-02-14","Former London constable Nicholas Angel finds it difficult to adapt to his new assignment in the sleepy British village of Sandford. Not only does he miss the excitement of the big city, but he also has a well-meaning oaf for a partner. However, when a series of grisly accidents rocks Sandford, Angel smells something rotten in the idyllic village.","80|28|35",7.571,8654,16.2421,"2026-10-06"
2503,"The Bourne Ultimatum","2007-08-03","Bourne is brought out of hiding once again by reporter Simon Ross who is trying to unveil Operation Blackbriar, an upgrade to Project Treadstone, in a series of newspaper columns. Information from the reporter stirs a new set of memories, and Bourne must finally uncover his dark past while dodging The Company's best efforts to eradicate him.","28|18|9648|53",7.4,8638,16.3977,"2026-10-06"
1979,"Fantastic Four: Rise of the Silver Surfer","2007-06-13","The Fantastic Four return to the big screen as a new and all powerful enemy threatens the Earth. The seemingly unstoppable 'Silver Surfer', but all is not what it seems and there are old and new enemies that pose a greater threat than the intrepid superheroes realize.","878|12|28",5.636,8606,13.2658,"2026-10-06"
8363,"Superbad","2007-08-17","Two co-dependent high school seniors are forced to deal with separation anxiety after their plan to stage a booze-soaked party goes awry.","35",7.273,8417,19.5674,"2026-10-06"
7326,"Juno","2007-12-05","Faced with an unplanned pregnancy, sixteen year old high-schooler, Juno MacGuff, makes an unusual decision regarding her unborn child.","35|18|10749",7.063,7844,9.182,"2026-10-06"
7345,"There Will Be Blood","2007-12-26","Ruthless silver miner, turned oil prospector, Daniel Plainview, moves to oil-rich California. Using his son to project a trustworthy, family-man image, Plainview cons local landowners into selling him their valuable properties for a pittance. However, local preacher Eli Sunday suspects Plainview's motives and intentions, starting a slow-burning feud that threatens both their lives.","18",8.063,7758,17.2186,"2026-10-06"
298,"Ocean's Thirteen","2007-06-05","Danny Ocean's team of criminals are back and composing a plan more personal than ever. When ruthless casino owner Willy Bank doublecrosses Reuben Tishkoff, causing a heart attack, Danny Ocean vows that he and his team will do anything to bring down Willy Bank along with everything he's got. Even if it means asking for help from an enemy.","80|53",6.733,7116,16.106,"2026-10-06"
1250,"Ghost Rider","2007-01-15","In order to save his dying father, young stunt cyclist Johnny Blaze sells his soul to Mephistopheles and sadly parts from the pure-hearted Roxanne Simpson, the love of his life. Years later, Johnny's path crosses again with Roxanne, now a go-getting reporter, and also with Mephistopheles, who offers to release Johnny's soul if Johnny becomes the fabled, fiery 'Ghost Rider'.","53|28|14",5.624,6686,20.3322,"2026-10-06"
1571,"Live Free or Die Hard","2007-06-20","John McClane is back and badder than ever, and this time he calls on the services of a young hacker in his bid to stop a ring of Internet terrorists intent on taking control of America's computer infrastructure.","28|53",6.644,6540,17.4723,"2026-10-06"
13885,"Sweeney Todd: The Demon Barber of Fleet Street","2007-12-21","The infamous story of Benjamin Barker, a.k.a Sweeney Todd, who sets up a barber shop down in London which is the basis for a sinister partnership with his fellow tenant, Mrs. Lovett. Based on the hit Broadway musical.","18|27",7.176,6509,12.5876,"2026-10-06"
4982,"American Gangster","2007-11-02","Loosely based on the criminal career of Frank Lucas, a gangster from La Grange, North Carolina, who smuggled heroin into the United States on American service planes returning from the Vietnam War, before being detained by a task force led by Newark Detective Richie Roberts.","18|80",7.595,6275,18.4488,"2026-10-06"
5876,"The Mist","2007-11-21","After a violent storm, a dense cloud of mist envelops a small Maine town, trapping David Drayton and his five-year-old son in a local grocery store with other local residents. They soon discover that the mist conceals deadly horrors that threaten their lives, and worse, their sanity.","27|878|53",7,6115,13.4473,"2026-10-06"
1562,"28 Weeks Later","2007-04-26","Twenty-eight weeks after the spread of a deadly rage virus, the inhabitants of the British Isles have lost their battle against the onslaught, as the virus has killed everyone there. Six months later, a group of Americans dare to set foot on the Isles, convinced the danger has passed. But it soon becomes all too clear that the scourge continues to live, waiting to pounce on its next victims.","27|53|878",6.6,5904,16.9764,"2026-10-06"
4523,"Enchanted","2007-11-20","The beautiful princess Giselle is banished by an evil queen from her magical, musical animated land and finds herself in the gritty reality of the streets of modern-day Manhattan. Shocked by this strange new environment that doesn't operate on a ""happily ever after"" basis, Giselle is now adrift in a chaotic world badly in need of enchantment. But when Giselle begins to fall in love with a charmingly flawed divorce lawyer who has come to her aid - even though she is already promised to a perfect fairy tale prince back home - she has to wonder: Can a storybook view of romance survive in the real world?","35|10751|14|10749",6.851,5836,13.8746,"2026-10-06"
1991,"Death Proof","2007-05-22","Austin's hottest DJ, Jungle Julia, sets out into the night to unwind with her two friends Shanna and Arlene. Covertly tracking their moves is Stuntman Mike, a scarred rebel leering from behind the wheel of his muscle car, revving just feet away.","28|53",6.839,5827,15.1274,"2026-10-06"
6637,"National Treasure: Book of Secrets","2007-12-19","Benjamin Franklin Gates and Abigail Chase re-team with Riley Poole and, now armed with a stack of long-lost pages from John Wilkes Booth's diary, Ben must follow a clue left there to prove his ancestor's innocence in the assassination of Abraham Lincoln.","28|12|9648",6.383,5699,14.4171,"2026-10-06"
7485,"Shooter","2007-03-22","A top Marine sniper, Bob Lee Swagger, leaves the military after a mission goes horribly awry and disappears, living in seclusion. He is coaxed back into service after a high-profile government official convinces him to help thwart a plot to kill the President of the United States. Ultimately double-crossed and framed for the attempt, Swagger becomes the target of a nationwide manhunt. He goes on the run to track the real killer and find out who exactly set him up, and why, eventually seeking revenge against some of the most powerful and corrupt leaders in the free world.","18|28|53",7.128,5657,17.9453,"2026-10-06"
1265,"Bridge to Terabithia","2007-02-15","Jesse Aarons trained all summer to become the fastest runner in school. So he's very upset when newcomer Leslie Burke outruns him and everyone else. Despite this and other differences including that she's rich, he's poor, she's a city girl, and he's a country boy the two become fast friends. Together they create Terabithia, a land of monsters, trolls, ogres, and giants where they rule as king and queen.","12|18|10751",7.4,5500,33.8887,"2026-10-06"
5559,"Bee Movie","2007-04-29","Barry B. Benson, a recent college graduate who wants more out of his life than making honey, decides to sue the human race after learning about the exploitation of bees at the hands of mankind. What will happen next?","10751|16|12|35",6.1,5444,21.9455,"2026-10-06"
3021,"1408","2007-06-22","A man who specializes in debunking paranormal occurrences checks into the fabled room 1408 at the Dolphin Hotel. Soon after settling in, he confronts genuine terror.","27|9648",6.697,5104,8.9261,"2026-10-06"
2268,"The Golden Compass","2007-12-04","In a parallel universe, after overhearing a shocking secret, precocious orphan Lyra Belacqua trades her carefree existence roaming the halls of Jordan College for an otherworldly adventure in the far North, unaware that it's part of her destiny.","12|14",6.087,4947,15.6512,"2026-10-06"
4347,"Atonement","2007-02-27","A young girl irrevocably changes the course of several lives when she accuses her older sister's lover of a crime he did not commit.","18|10749",7.632,4859,10.7267,"2026-10-06"
6477,"Alvin and the Chipmunks","2007-12-13","A struggling songwriter named Dave Seville finds success when he comes across a trio of singing chipmunks: mischievous leader Alvin, brainy Simon, and chubby, impressionable Theodore.","35|10751|14|16",5.8,4840,18.5125,"2026-10-06"
7737,"Resident Evil: Extinction","2007-09-20","Years after the Racoon City catastrophe, survivors travel across the Nevada desert, hoping to make it to Alaska. Alice joins the caravan and their fight against hordes of zombies and the evil Umbrella Corp.","27|28|878",6.31,4764,6.3464,"2026-10-06"
2698,"Evan Almighty","2007-06-09","God contacts Junior Congressman Evan Baxter and tells him to build an ark in preparation for a great flood.","14|35|10751",5.6,4677,12.6787,"2026-10-06"
2270,"Stardust","2007-08-10","In a countryside town bordering on a magical land, a young man makes a promise to his beloved that he'll retrieve a fallen star by venturing into the magical realm. His journey takes him into a world beyond his wildest dreams and reveals his true identity.","12|14|10749|10751",7.294,4600,11.0897,"2026-10-06"
6145,"Fracture","2007-04-19","A husband is on trial for the attempted murder of his wife, in what is seemingly an open/shut case for the ambitious district attorney trying to put him away. However, there are surprises for both around every corner, and, as a suspenseful game of cat-and-mouse is played out, each must manipulate and outwit the other.","53",7.258,4477,9.7918,"2026-10-06"
1272,"Sunshine","2007-04-05","Fifty years into the future, the sun is dying, and Earth is threatened by arctic temperatures. A team of astronauts is sent to revive the Sun — but the mission fails. Seven years later, a new team is sent to finish the mission as mankind’s last hope.","878|53",7,4457,8.7307,"2026-10-06"
4964,"Knocked Up","2007-06-01","A slacker and a career-driven woman accidentally conceive a child after a one-night stand. As they try to make the relationship work, they must navigate the challenges of parenthood and their differences in lifestyle and maturity.","35|10749|18",6.305,4445,10.9735,"2026-10-06"
4771,"Gone Baby Gone","2007-09-18","When 4 year old Amanda McCready disappears from her home and the police make little headway in solving the case, the girl's aunt, Beatrice McCready hires two private detectives, Patrick Kenzie and Angie Gennaro. The detectives freely admit that they have little experience with this type of case, but the family wants them for two reasons—they're not cops and they know the tough neighborhood in which they all live.","80|18|9648",7.302,4346,11.3781,"2026-10-06"
663,"Saw IV","2007-10-25","Despite Jigsaw's death, and in order to save the lives of two of his colleagues, Lieutenant Rigg is forced to take part in a new game, which promises to test him to the limit.","27|53|80",6.171,4248,8.925,"2026-10-06"
7350,"The Bucket List","2007-12-25","Corporate billionaire Edward Cole and working class mechanic Carter Chambers are worlds apart. At a crossroads in their lives, they share a hospital room and discover they have two things in common: a desire to spend the time they have left doing everything they ever wanted to do and an unrealized need to come to terms with who they are. Together they embark on the road trip of a lifetime, becoming friends along the way and learning to live life to the fullest, with insight and humor.","18|35",7.191,4244,11.2117,"2026-10-06"
8271,"Disturbia","2007-03-27","Kale has a life most teenagers would envy. He spends his days endlessly playing video games, surfing the net, eating junk food and watching cable. He has complete free reign of the house, and a beautiful young hottie named Ashley has just moved in next door. There’s only one problem—he’s not allowed to leave the house. Kale’s under court-ordered house arrest for three months, and if he takes one step beyond a 100-foot perimeter of the house, his next confinement will be in a real prison.","53|18|9648",6.695,4236,9.075,"2026-10-06"
5176,"3:10 to Yuma","2007-09-06","In Arizona in the late 1800s, infamous outlaw Ben Wade and his vicious gang of thieves and murderers have plagued the Southern Railroad. When Wade is captured, Civil War veteran Dan Evans, struggling to survive on his drought-plagued ranch, volunteers to deliver him alive to the ""3:10 to Yuma"", a train that will take the killer to trial.","37",7.235,4206,12.168,"2026-10-06"
4538,"The Darjeeling Limited","2007-09-07","Three American brothers who have not spoken to each other in a year set off on a train voyage across India with a plan to find themselves and bond with each other -- to become brothers again like they used to be. Their ""spiritual quest"", however, veers rapidly off-course (due to events involving over-the-counter pain killers, Indian cough syrup, and pepper spray).","12|18|35",7.141,4108,6.9901,"2026-10-06"
1992,"Planet Terror","2007-04-06","Two doctors find their graveyard shift inundated with townspeople ravaged by sores. Among the wounded is Cherry Darling, a dancer whose leg was ripped from her body. As the invalids quickly become enraged aggressors, Cherry and her ex-boyfriend El Wray lead a team of accidental warriors into the night.","27|28|53",6.7,3983,12.2649,"2026-10-06"
13649,"High School Musical 2","2007-08-17","The East High Wildcats are gearing up for big fun as they land the coolest summer jobs imaginable. Troy, Gabriella, Chad, and Taylor have scored sweet gigs at the Lava Springs Country Club owned by Sharpay and Ryan's family. Sharpay's first rule of business: Get Troy. As Troy experiences a life of privilege he's never known, will he give up the Wildcats and Gabriella to rise to the top?","35|10751|10770",6.5,3925,6.9424,"2026-10-06"
5174,"Rush Hour 3","2007-08-08","After a botched assassination attempt, the mismatched duo finds themselves in Paris, struggling to retrieve a precious list of names, as the murderous crime syndicate's henchmen try their best to stop them. Once more, Lee and Carter must fight their way through dangerous gangsters; however, this time, the past has come back to haunt Lee. Will the boys get the job done once and for all?","28|35|80",6.5,3872,14.7895,"2026-10-06"
2252,"Eastern Promises","2007-09-14","A Russian teenager living in London dies during childbirth but leaves clues in her diary that could tie her child to a rape involving a violent Russian mob family.","53|80|9648",7.344,3863,12.6297,"2026-10-06"
1620,"Hitman","2007-11-21","A genetically engineered assassin with deadly aim, known only as ""Agent 47"" eliminates strategic targets for a top-secret organization. But when he's double-crossed, the hunter becomes the prey as 47 finds himself in a life-or-death game of international intrigue.","28|53|18",6.177,3787,9.4571,"2026-10-06"
3594,"The Number 23","2007-02-23","Animal control officer Walter Sparrow becomes obsessed with a novel that he believes was written about him, as more and more similarities between himself and his literary alter ego seem to arise.","53|9648|80|18",6.408,3650,13.2705,"2026-10-06"
6023,"P.S. I Love You","2007-11-15","A young widow discovers that her late husband has left her 10 messages intended to help ease her pain and start a new life.","18|10749",7.172,3553,11.085,"2026-10-06"
440,"Aliens vs Predator: Requiem","2007-12-25","After a horrifying PredAlien crash-lands near a small Colorado town, killing everyone it encounters and producing countless Alien offspring, a lone Predator arrives to ""clean up"" the infestation.","28|878|53|27",5.2,3458,13.5465,"2026-10-06"
1738,"Next","2007-04-25","Las Vegas showroom magician Cris Johnson has a secret which torments him: he can see a few minutes into the future. Sick of the examinations he underwent as a child and the interest of the government and medical establishment in his power, he lies low under an assumed name in Vegas, performing cheap tricks and living off small-time gambling ""winnings."" But when a terrorist group threatens to detonate a nuclear device in Los Angeles, government agent Callie Ferris must use all her wiles to capture Cris and convince him to help her stop the cataclysm.","28|878|53",6.148,3408,8.0955,"2026-10-06"
1267,"Meet the Robinsons","2007-03-23","Lewis, a brilliant young inventor, is keen on creating a time machine to find his mother, who abandoned him in an orphanage. Things take a turn when he meets Wilbur Robinson and his family.","16|35|10751|878|12",6.952,3250,19.1817,"2026-10-06"
1268,"Mr. Bean's Holiday","2007-03-22","Mr. Bean wins a trip to Cannes where he unwittingly separates a young boy from his father and must help the two reunite. On the way he discovers France, bicycling and true love, among other things.","10751|35",6.406,3233,11.8467,"2026-10-06"
4513,"30 Days of Night","2007-10-17","This is the story of an isolated Alaskan town that is plunged into darkness for a month each year when the sun sinks below the horizon. As the last rays of light fade, the town is attacked by a bloodthirsty gang of vampires bent on an uninterrupted orgy of destruction. Only the small town's husband-and-wife Sheriff team stand between the survivors and certain destruction.","27|53",6.4,3189,15.7982,"2026-10-06"
2310,"Beowulf","2007-11-05","A 6th-century Scandinavian warrior named Beowulf embarks on a mission to slay the man-like ogre, Grendel.","12|28|16",5.928,3175,8.5725,"2026-10-06"
13363,"The Man from Earth","2007-06-10","A departing professor gathers his closest colleagues for an intimate farewell, but the night takes an unexpected turn when he shares a stunning secret about his past. As the conversation unfolds, skepticism and curiosity collide, challenging everything they thought they knew about history, science, and belief.","878|18",7.621,3062,7.6571,"2026-10-06"
5123,"August Rush","2007-11-21","Evan, a musically gifted orphan, runs away from his orphanage and searches New York City for his birth parents. On his journey, he's taken under the wing of the Wizard, a homeless man who lives in an abandoned theater. After discovering his talent, the Wizard gives Evan the name ""August Rush"" and devises a plan to profit from his talent. Little does Evan know that his parents, Lyla and Louis, are searching for him too.","10751|18|10402",7.432,2917,8.1523,"2026-10-06"
4512,"The Assassination of Jesse James by the Coward Robert Ford","2007-09-20","Outlaw Jesse James is rumored to be the 'fastest gun in the West'. An eager recruit into James' notorious gang, Robert Ford eventually grows jealous of the famed outlaw and, when Robert and his brother sense an opportunity to kill James, their murderous action elevates their target to near mythical status.","18|37",7.067,2895,8.9064,"2026-10-06"
9408,"Surf's Up","2007-06-08","With a documentary crew in tow, Cody Maverick—a young surfer from Antarctica—travels to the pacific for his first professional competition. Determined to earn respect and live up to his idol, Big Z, Cody pushes himself to the limit. But all that changes when an encounter with a laid-back local forces him to rethink his values.","16|35|10751",6.527,2837,10.6889,"2026-10-06"
9757,"Norbit","2007-02-08","A mild-mannered guy who is engaged to a monstrous woman meets the woman of his dreams, and schemes to find a way to be with her.","35",5.737,2712,9.8228,"2026-10-06"
2976,"Hairspray","2007-07-19","Pleasantly plump teenager Tracy Turnblad auditions to be on Baltimore's most popular dance show - The Corny Collins Show - and lands a prime spot. Through her newfound fame, she becomes determined to help her friends and end the racial segregation that has been a staple of the show.","35|10749|18",6.7,2685,8.7445,"2026-10-06"
2082,"Halloween","2007-08-31","The early years of young Michael Myers and the events leading up to his fateful Halloween night murder rampage in the quiet town of Haddonfield, Illinois.","27",6.2,2648,11.1933,"2026-10-06"
3563,"I Now Pronounce You Chuck & Larry","2007-07-12","Firefighters Chuck Ford and Larry Valentine are guy's guys, loyal to the core—which is why when widower Larry asks Chuck to pose as his lover so that he can get domestic partner benefits for his kids, his buddy agrees. However, things get dicey when a bureaucrat comes calling, and the boys are forced to present a picture of domestic bliss.","35|10749",6.1,2608,9.0318,"2026-10-06"
14001,"Dead Silence","2007-03-16","Jamie returns to his hometown in search of answers to his wife's murder, which occurred after receiving a weird package containing a ventriloquist dummy named Billy, which may be linked to the legend of ventriloquist Mary Shaw. Destined to find out the truth, Jamie goes to the town of Raven's Fair, where Shaw used to perform and is buried. But Jamie is in for more than he expected.","27",6.454,2524,15.215,"2026-10-06"
11199,"Wild Hogs","2007-03-02","Restless and ready for an adventure, four suburban bikers leave the safety of their subdivision and head out on the open road. But complications ensue when they cross paths with an intimidating band of New Mexico bikers known as the Del Fuegos.","28|12|35",6,2522,7.3661,"2026-10-06"
1646,"Freedom Writers","2007-01-05","A young teacher inspires her class of at-risk students to learn tolerance, apply themselves, and pursue education beyond high school.","80|18",7.935,2505,10.7486,"2026-10-06"
1248,"Hannibal Rising","2007-02-06","The story of the early, murderous roots of the cannibalistic killer, Hannibal Lecter – from his hard-scrabble Lithuanian childhood, where he witnesses the repulsive lengths to which hungry soldiers will go to satiate themselves, through his sojourn in France, where as a medical student he hones his appetite for the kill and learnt sword skills from his Japanese girlfriend, who happened to have similar fate","80|53|27",6.3,2478,2.1902,"2026-10-06"
1691,"Hostel: Part II","2007-06-07","Three American college students studying abroad are lured to a Slovakian hostel, and discover the grim reality behind it.","27",5.862,2293,10.6292,"2026-10-06"
13680,"The Game Plan","2007-09-28","Bachelor football star Joe Kingman seems to have it all. He is wealthy and carefree, and his team is on the way to capturing a championship. Suddenly, he is tackled by some unexpected news: He has a young daughter, the result of a last fling with his ex-wife. Joe must learn to balance his personal and professional lives with the needs of his child.","35|10751",6.5,2256,11.8865,"2026-10-06"
4141,"Shoot 'Em Up","2007-07-26","A man named Mr. Smith delivers a woman's baby during a shootout, and is then called upon to protect the newborn from the army of gunmen.","28|53|35|80",6.507,2205,11.1181,"2026-10-06"
6615,"Lars and the Real Girl","2007-10-12","Extremely shy Lars finds it impossible to make friends or socialize. His brother and sister-in-law worry about him, so when he announces that he has a girlfriend he met on the Internet, they are overjoyed. But Lars' new lady is a life-size plastic woman. On the advice of a doctor, his family and the rest of the community go along with his delusion.","18|10749",7.208,2183,8.8398,"2026-10-06"
10431,"War","2007-08-24","FBI agent Jack Crawford is out for revenge when his partner is killed and all clues point to the mysterious assassin Rogue. But when Rogue turns up years later to take care of some unfinished business, he triggers a violent clash of rival gangs. Will the truth come out before it's too late? And when the dust settles, who will remain standing?","28|80|53",6.419,2130,8.7216,"2026-10-06"
8277,"American Pie Presents: Beta House","2007-12-06","Erik, Ryan, and Cooze start college and pledge the Beta House fraternity, presided over by none other than legendary Dwight Stifler. But chaos ensues when a fraternity of geeks threatens to stop the debauchery and the Betas have to make a stand for their right to party.","35",5.6,2079,10.2391,"2026-10-06"
4566,"Michael Clayton","2007-09-28","A law firm brings in its ""fixer"" to remedy the situation after a lawyer has a breakdown while representing a chemical company that he knows is guilty in a multi-billion dollar class action suit.","18|53|80",6.794,2076,7.6592,"2026-10-06"
9955,"Blades of Glory","2007-03-30","When a much-publicized ice-skating scandal strips them of their gold medals, two world-class athletes skirt their way back onto the ice via a loophole that allows them to compete together as a pairs team.","35",6.126,1993,10.1983,"2026-10-06"
2196,"Death at a Funeral","2007-08-17","A myriad of outrageous calamities befalls an eccentric English clan with more than a few skeletons in its closets when the family's patriarch dies an unexpected death.","35|18",6.9,1990,6.9028,"2026-10-06"
3432,"Mr. Brooks","2007-05-31","A psychological thriller about a man who is sometimes controlled by his murder-and-mayhem-loving alter ego.","80|53",6.923,1961,6.3583,"2026-10-06"
4349,"The Kingdom","2007-08-22","A team of U.S. government agents is sent to investigate the bombing of an American facility in the Middle East.","53|28|18",6.751,1901,8.3774,"2026-10-06"
11172,"Music and Lyrics","2007-02-09","A washed-up '80s pop star gets a chance at a comeback when reigning pop diva Cora Corman invites him to write & record a duet with her, but there's a problem--Alex hasn't written a song in years; he's never written lyrics and he has to come up with a hit in a matter of days.","35|10402|10749",6.451,1852,7.2339,"2026-10-06"
4858,"The Invasion","2007-08-17","Washington, D.C. psychologist Carol Bennell and her colleague Dr. Ben Driscoll are the only two people on Earth who are aware of an epidemic running rampant through the city. They discover an alien virus aboard a crashed space shuttle that transforms anyone who comes into contact with it into unfeeling drones while they sleep. Carol realizes her son holds the key to stopping the spread of the plague and she races to find him before it is too late.","27|9648|878|53",6.08,1830,8.9611,"2026-10-06"
9038,"The Heartbreak Kid","2007-10-05","Eddie, the 40-year-old confirmed bachelor finally says ""I do"" to the beautiful and sexy Lila. But during their honeymoon in Mexico, the woman of his dreams turns out to be a total nightmare, and the guy who could never pull the trigger realizes he’s jumped the gun.","35|10749",5.755,1816,11.8399,"2026-10-06"
7972,"Before the Devil Knows You're Dead","2007-09-26","When two brothers organize the robbery of their parents' jewelry store, the job goes horribly wrong, triggering a series of events that send them and their family hurtling towards a shattering climax.","80|18|53",7.107,1817,6.6129,"2026-10-06"
9760,"Epic Movie","2007-01-25","When the Pevensie siblings each follow their own path, they find themselves at Willy's Chocolate Factory. Walking through a wardrobe, they discover the world of Gnarnia, ruled by the White Bitch. Meeting up with characters such as Harry Potter and Captain Jack Swallows, the newly reunited family must team up with Aslo, a wise-but-horny lion to stop the White Bitch's army.","35|12|14",3.9,1746,7.7245,"2026-10-06"
9963,"Premonition","2007-02-08","A depressed housewife who learns her husband was killed in a car accident the day previously awakens the next morning to find him alive and well at home, and then awakens the day after to a world in which he is still dead.","53|18|9648",6.3,1740,5.0311,"2026-10-06"
10030,"Good Luck Chuck","2007-09-21","Cursed since childhood, dentist Charlie Logan cannot find the right woman. Even worse, he learns that each of his ex-girlfriends finds true love with the man she meets after her relationship with him ends. Hearing of Charlie's reputation as a good-luck charm, women from all over line up for a quick tryst. But when Charlie meets the woman of his dreams, he must find a way to break the curse or risk losing her to the next man she meets.","35|10749",5.938,1732,11.0055,"2026-10-06"
6538,"Charlie Wilson's War","2007-12-19","A Texas congressman sets a series of events in motion when he conspires with a CIA operative to aid Afghan mujahideen rebels fighting the Soviets.","35|18|36",6.545,1726,7.6809,"2026-10-06"
10294,"Vacancy","2007-04-20","A young married couple becomes stranded at an isolated motel and find hidden video cameras in their room. They realize that unless they escape, they'll be the next victims of a snuff film.","27|53",6.279,1715,5.226,"2026-10-06"
9793,"The Hills Have Eyes 2","2007-03-22","A group of National Guard trainees on a routine mission find themselves up against cannibalistic mutants in the New Mexico desert.","27",5.6,1680,11.6336,"2026-10-06"
13483,"Awake","2007-11-28","While undergoing heart surgery, a man experiences a phenomenon called ‘anesthetic awareness’, which leaves him awake but paralyzed throughout the operation. As various obstacles present themselves, his wife must make life-altering decisions while wrestling with her own personal drama.","53|80|9648",6.595,1632,6.6471,"2026-10-06"
13186,"Wrong Turn 2: Dead End","2007-08-25","Retired military commander Colonel Dale Murphy hosts the simulated post-apocalyptic reality show where participants are challenged to survive a remote West Virginia wasteland. But the show turns into a nightmarish showdown when each realizes they are being hunted by an inbred family of cannibals determined to make them all dinner!","27|53",6.18,1627,13.9585,"2026-10-06"
2001,"We Own the Night","2007-10-12","A New York nightclub manager tries to save his brother and father from Russian mafia hitmen.","18|80|53",6.685,1575,7.1534,"2026-10-06"
3638,"No Reservations","2007-06-15","Master chef Kate Armstrong runs her life and her kitchen with intimidating intensity. However, a recipe for disaster may be in the works when she becomes the guardian of her young niece while crossing forks with the brash sous-chef who just joined her staff. Though romance blooms in the face of rivalry, Kate needs to look outside the kitchen to find true happiness.","35|10749|18",6.712,1548,10.8042,"2026-10-06"
5723,"Once","2007-03-23","A vacuum repairman moonlights as a street musician and hopes for his big break. One day a Czech immigrant, who earns a living selling flowers, approaches him with the news that she is also an aspiring singer-songwriter. The pair decide to collaborate, and the songs that they compose reflect the story of their blossoming love.","18|10402|10749",7.419,1507,5.6667,"2026-10-06"
9952,"Rescue Dawn","2007-06-23","A US Fighter pilot's epic struggle of survival after being shot down on a mission over Laos during the Vietnam War.","12|18|10752",6.953,1494,5.8287,"2026-10-06"
4688,"Across the Universe","2007-09-14","When young dockworker Jude leaves Liverpool to find his estranged father in the United States, he is swept up by the waves of change that are re-shaping the nation. Jude falls in love with Lucy, who joins the growing anti-war movement. As the body count in Vietnam rises, political tensions at home spiral out of control and the star-crossed lovers find themselves in a psychedelic world gone mad.","18|10749|14",7.108,1485,5.3807,"2026-10-06"
155,"The Dark Knight","2008-07-16","Batman raises the stakes in his war on crime. With the help of Lt. Jim Gordon and District Attorney Harvey Dent, Batman sets out to dismantle the remaining criminal organizations that plague the streets. The partnership proves to be effective, but they soon find themselves prey to a reign of chaos unleashed by a rising criminal mastermind known to the terrified citizens of Gotham as the Joker.","28|53|80",8.5,36887,51.7157,"2026-10-06"
1726,"Iron Man","2008-04-30","After being held captive in an Afghan cave, billionaire engineer Tony Stark creates a unique weaponized suit of armor to fight evil.","28|878|12",7.666,28914,39.449,"2026-10-06"
10681,"WALL·E","2008-06-26","After hundreds of years doing what he was built for, WALL•E— a robot designed to clean up the earth—discovers a new purpose in life when he meets a sleek search robot named EVE. EVE comes to realize that WALL•E has inadvertently stumbled upon the key to the planet's future, and races back to space to report to the humans. Meanwhile, WALL•E chases EVE across the galaxy and sets into motion one of the most imaginative adventures ever brought to the big screen.","16|10751|878",8.1,20961,37.3406,"2026-10-06"
8966,"Twilight","2008-11-20","When Bella Swan moves to a small town in the Pacific Northwest, she falls in love with Edward Cullen, a mysterious classmate who reveals himself to be a 108-year-old vampire. Despite Edward's repeated cautions, Bella can't stay away from him, a fatal move that endangers her own life.","14|18|10749",6.3,14719,32.8074,"2026-10-06"
4922,"The Curious Case of Benjamin Button","2008-12-25","Born under unusual circumstances, Benjamin Button springs into being as an elderly man in a New Orleans nursing home and ages in reverse. Twelve years after his birth, he meets Daisy, a child who flits in and out of his life as she grows up to be a dancer. Though he has all sorts of unusual adventures over the course of his life, it is his relationship with Daisy, and the hope that they will come together at the right time, that drives Benjamin forward.","18|14|10749",7.603,14098,19.6549,"2026-10-06"
1724,"The Incredible Hulk","2008-06-12","Scientist Bruce Banner scours the planet for an antidote to the unbridled force of rage within him: the Hulk. But when the military masterminds who dream of exploiting his powers force him back to civilization, he finds himself coming face to face with a new, deadly foe.","878|28|12",6.3,13199,29.632,"2026-10-06"
9502,"Kung Fu Panda","2008-06-04","Chosen by prophecy but doubted by all, Po is an unlikely choice for the mystical title of the Dragon Warrior—a clumsy panda thrust into the world of kung fu as a deadly enemy threatens the Valley of Peace. Under reluctant guidance by Master Shifu and the Furious Five, Po must embrace who he is to unlock the power that no scroll can teach.","28|16|35|10751",7.34,13048,29.1715,"2026-10-06"
8681,"Taken","2008-02-18","Bryan Mills, a former government operative, is trying to reconnect with his teenage daughter Kim. After reluctantly agreeing with his ex-wife to let Kim go to Paris on vacation with a friend, his worst nightmare comes true. While on the phone with his daughter shortly after she arrives in Paris, she and her friend are abducted by a gang of human traffickers. Working against the clock, Bryan relies on his extensive training and skills to track down the ruthless gang that abducted her and launch a one-man war to rescue his daughter.","28|53",7.4,12452,17.9025,"2026-10-06"
13223,"Gran Torino","2008-12-12","Disgruntled Korean War veteran Walt Kowalski sets out to reform his neighbor, Thao Lor, a Hmong teenager who tried to steal Kowalski's prized possession: a 1972 Gran Torino.","18",7.987,11865,14.6094,"2026-10-06"
12405,"Slumdog Millionaire","2008-11-12","A teenager reflects on his life after being accused of cheating on the Indian version of ""Who Wants to be a Millionaire?"".","18|10749",7.727,11638,13.7517,"2026-10-06"
8960,"Hancock","2008-07-01","Hancock is a down-and-out superhero who's forced to employ a PR expert to help repair his image when the public grows weary of all the damage he's inflicted during his lifesaving heroics. The agent's idea of imprisoning the antihero to make the world miss him proves successful, but will Hancock stick to his new sense of purpose or slip back into old habits?","14|28",6.358,10527,11.6921,"2026-10-06"
217,"Indiana Jones and the Kingdom of the Crystal Skull","2008-05-21","Set during the Cold War, the Soviets—led by sword-wielding Irina Spalko—are in search of a crystal skull which has supernatural powers related to a mystical Lost City of Gold. Indy is coerced to head to Peru at the behest of a young man whose friend—and Indy's colleague—Professor Oxley has been captured for his knowledge of the skull's whereabouts.","12|28",6.026,9279,18.4256,"2026-10-06"
10764,"Quantum of Solace","2008-10-29","Betrayed by Vesper, the woman he loved, 007 fights the urge to make his latest mission personal. Pursuing his determination to uncover the truth, Bond and M interrogate Mr. White, who reveals that the organization that blackmailed Vesper is far more complex and dangerous than anyone had imagined.","12|28|53",6.3,8793,14.9183,"2026-10-06"
7191,"Cloverfield","2008-01-15","Five young New Yorkers throw their friend a going-away party the night that a monster the size of a skyscraper descends upon the city. Told from the point of view of their video camera, the film is a document of their attempt to survive the most surreal, horrifying event of their lives.","28|53|878",6.73,8144,11.3662,"2026-10-06"
14574,"The Boy in the Striped Pyjamas","2008-05-07","When his family moves from their home in Berlin to a strange new house in Poland, young Bruno befriends Shmuel, a boy who lives on the other side of the fence where everyone seems to be wearing striped pajamas. Unaware of Shmuel's fate as a Jewish prisoner or the role his own Nazi father plays in his imprisonment, Bruno embarks on a dangerous journey inside the camp's walls.","18|10752|36",7.818,7858,19.3798,"2026-10-06"
8909,"Wanted","2008-06-19","Doormat Wesley Gibson is an office worker whose life is going nowhere. He meets an attractive woman named Fox and discovers that his recently murdered father - whom Wesley never knew - belonged to the Fraternity, a secret society of assassins which takes its orders from Fate itself. Fox and Sloan, the Fraternity's leader, teach Wesley, through intense training, to tap into dormant powers and hone his innate killing skills. Though he enjoys his newfound abilities, he begins to suspect that there is more to the Fraternity than meets the eye.","28|53|80",6.533,7813,12.2473,"2026-10-06"
10527,"Madagascar: Escape 2 Africa","2008-10-30","Alex, Marty, and other zoo animals find a way to escape from Madagascar when the penguins reassemble a wrecked airplane. The precariously repaired craft stays airborne just long enough to make it to the African continent. There the New Yorkers encounter members of their own species for the first time. Africa proves to be a wild place, but Alex and company wonder if it is better than their Central Park home.","12|16|35|10751",6.535,7631,17.2075,"2026-10-06"
10201,"Yes Man","2008-12-09","Carl Allen, a guy whose life is going nowhere, signs up for a self-help program based on one simple covenant: say yes to everything…and anything.","35|10749",6.695,7606,11.138,"2026-10-06"
11321,"Seven Pounds","2008-12-18","An IRS agent with a fateful secret embarks on an extraordinary journey of redemption by forever changing the lives of seven strangers.","18",7.601,7408,15.6346,"2026-10-06"
7446,"Tropic Thunder","2008-08-09","A group of self-absorbed actors set out to make the most expensive war film ever. After ballooning costs force the studio to cancel the movie, the frustrated director refuses to stop shooting, leading his cast into the jungles of Southeast Asia, where they encounter real bad guys.","28|35|10752",6.73,7243,18.6827,"2026-10-06"
11631,"Mamma Mia!","2008-07-03","A spirited young bride-to-be living with her single mother on a small Greek island secretly invites three of her mother's ex-boyfriends in hope of finding her biological father to walk her down the aisle.","35|10749",7,7181,17.7091,"2026-10-06"
2454,"The Chronicles of Narnia: Prince Caspian","2008-05-15","One year after their incredible adventures in the Lion, the Witch and the Wardrobe, Peter, Edmund, Lucy and Susan Pevensie return to Narnia to aid a young prince whose life has been threatened by the evil King Miraz. Now, with the help of a colorful cast of new characters, including Trufflehunter the badger and Nikabrik the dwarf, the Pevensie clan embarks on an incredible quest to ensure that Narnia is returned to its rightful heir.","12|10751|14",6.639,6950,17.3237,"2026-10-06"
13053,"Bolt","2008-11-21","Bolt is the star of the biggest show in Hollywood. The only problem is, he thinks it's real. After he's accidentally shipped to New York City and separated from Penny, his beloved co-star and owner, Bolt must harness all his ""super powers"" to find a way home.","16|10751|12|35",6.554,6664,16.8699,"2026-10-06"
8247,"Jumper","2008-02-13","David Rice is a man who knows no boundaries, a Jumper, born with the uncanny ability to teleport instantly to anywhere on Earth. When he discovers others like himself, David is thrust into a dangerous and bloodthirsty war while being hunted by a sinister and determined group of zealots who have sworn to destroy all Jumpers. Now, David’s extraordinary gift may be his only hope for survival!","28|12|878",6.179,6460,9.339,"2026-10-06"
12162,"The Hurt Locker","2008-10-10","During the Iraq War, a Sergeant recently assigned to an army bomb squad is put at odds with his squad mates due to his maverick way of handling his work.","18|53|10752",7.249,6396,12.6281,"2026-10-06"
8321,"In Bruges","2008-02-08","Ray and Ken, two hit men, are in Bruges, Belgium, waiting for their next mission. While they are there they have time to think and discuss their previous assignment. When the mission is revealed to Ken, it is not what he expected.","35|18|80",7.499,6008,11.8294,"2026-10-06"
11253,"Hellboy II: The Golden Army","2008-07-11","Hellboy, his pyrokinetic girlfriend, Liz, and aquatic empath, Abe Sapien, face their biggest battle when an underworld elven prince plans to reclaim Earth for his magical kindred. Tired of living in the shadow of humans, Prince Nuada tries to awaken an ancient force of killing machines, the all-powerful Golden Army, to clear the way for fantasy creatures to roam free. Only Hellboy can stop the dark prince and prevent humanity's annihilation.","14|28",6.77,5775,9.566,"2026-10-06"
4944,"Burn After Reading","2008-09-05","When a disc containing memoirs of a former CIA analyst falls into the hands of gym employees, Linda and Chad, they see a chance to make enough money for Linda to have life-changing cosmetic surgery. Predictably, events whirl out of control for the duo, and those in their orbit.","35|18",6.68,5427,9.6721,"2026-10-06"
88751,"Journey to the Center of the Earth","2008-07-10","On a quest to find out what happened to his missing brother, a scientist, his nephew and their mountain guide discover a fantastic and dangerous lost world in the center of the earth.","28|878|12|35|10751",6.102,5315,13.8479,"2026-10-06"
8065,"21","2008-03-27","Ben Campbell is a young, highly intelligent student at M.I.T. who strives to succeed. Wanting a scholarship to transfer to Harvard School of Medicine to become a doctor, Ben learns that he cannot afford the $300,000 tuition as he comes from a poor, working-class background. But one evening, Ben is introduced by his unorthodox math professor to a small but secretive club of five students, Jill, Choi, Kianna, and Fisher, who are being trained by Professor Rosa to count cards at blackjack.","18|80",6.693,5169,8.1586,"2026-10-06"
1735,"The Mummy: Tomb of the Dragon Emperor","2008-07-01","Archaeologist Rick O'Connell travels to China, pitting him against an emperor from the 2,000-year-old Han dynasty who's returned from the dead to pursue a quest for world domination. This time, O'Connell enlists the help of his wife and son to quash the so-called 'Dragon Emperor' and his abuse of supernatural power.","12|28|14",5.5,4954,17.4073,"2026-10-06"
14306,"Marley & Me","2008-12-25","A newly married couple, in the process of starting a family, learn many of life's important lessons from their trouble-loving retriever, Marley. Packed with plenty of laughs to lighten the load, the film explores the highs and lows of marriage, maturity and confronting one's own mortality, as seen through the lens of family life with a dog.","35|10751",7.175,4886,10.3539,"2026-10-06"
3580,"Changeling","2008-10-24","Los Angeles, 1928. When single mother Christine Collins leaves for work, her son vanishes without a trace. Five months later, the police reunite mother and son. But when Christine suspects that the boy returned to her isn't her child, her quest for truth exposes a world of corruption.","80|18|9648",7.569,4620,9.1694,"2026-10-06"
7555,"Rambo","2008-01-24","In Thailand, ex-Green Beret John James Rambo joins a group of mercenaries to venture into war-torn neighboring Myanmar to rescue a group of Christian aid workers who have been kidnapped by a ruthless local infantry unit.","28|53|10752",6.706,4429,12.7931,"2026-10-06"
10189,"Pineapple Express","2008-08-06","A stoner and his dealer are forced to go on the run from the police after the pothead witnesses a cop commit a murder.","28|35|80",6.637,4346,9.5199,"2026-10-06"
10483,"Death Race","2008-08-22","Terminal Island, New York: 2020. Overcrowding in the US penal system has reached a breaking point. Prisons have been turned over to a monolithic Weyland Corporation, which sees jails full of thugs as an opportunity for televised sport. Adrenalized inmates, a global audience hungry for violence and a spectacular, enclosed arena come together to form the 'Death Race', the biggest, most brutal event.","28|53|878",6.322,4285,18.8735,"2026-10-06"
2253,"Valkyrie","2008-12-25","Wounded in Africa during World War II, Nazi Col. Claus von Stauffenberg returns to his native Germany and joins the Resistance in a daring plan to create a shadow government and assassinate Adolf Hitler. When events unfold so that he becomes a central player, he finds himself tasked with both leading the coup and personally killing the Führer.","18|53|10752",6.962,4228,8.7907,"2026-10-06"
4148,"Revolutionary Road","2008-12-19","A young couple living in a Connecticut suburb during the mid-1950s struggle to come to terms with their personal problems while trying to raise their two children. Based on a novel by Richard Yates.","18|10749",6.989,4221,14.6508,"2026-10-06"
10661,"You Don't Mess with the Zohan","2008-06-05","An Israeli counterterrorism soldier with a secretly fabulous ambition to become a Manhattan hairstylist. Zohan's desire runs so deep that he'll do anything -- including faking his own death and going head-to-head with an Arab cab driver -- to make his dreams come true.","35|28",5.721,4194,12.9979,"2026-10-06"
12163,"The Wrestler","2008-12-17","Aging wrestler Randy ""The Ram"" Robinson is long past his prime but still ready and rarin' to go on the pro-wrestling circuit. After a particularly brutal beating, however, Randy hangs up his tights, pursues a serious relationship with a long-in-the-tooth stripper, and tries to reconnect with his estranged daughter. But he can't resist the lure of the ring and readies himself for a comeback.","18|10749",7.538,4155,10.6078,"2026-10-06"
5038,"Vicky Cristina Barcelona","2008-08-15","Two girlfriends on a summer holiday in Spain become enamored with the same painter, unaware that his ex-wife, with whom he has a tempestuous relationship, is about to re-enter the picture.","18|10749",6.798,4135,7.1264,"2026-10-06"
8645,"The Happening","2008-06-11","When a deadly airborne virus threatens to wipe out the northeastern United States, teacher Elliot Moore and his wife Alma flee from contaminated cities into the countryside in a fight to discover the truth. Is it terrorism, the accidental release of some toxic military bio weapon -- or something even more sinister?","53|878",5.4,4124,12.7995,"2026-10-06"
11665,"Get Smart","2008-06-19","When members of the nefarious crime syndicate KAOS attack the U.S. spy agency Control and the identities of secret agents are compromised, the Chief has to promote hapless but eager analyst Maxwell Smart to field agent. He is partnered with veteran and capable Agent 99, the only spy whose cover remains intact. Can they work together to thwart the evil world-domination plans of KAOS and its crafty operative?","28|35|53",6.22,4032,16.202,"2026-10-06"
11917,"Saw V","2008-10-23","Following Jigsaw's grisly demise, Detective Mark Hoffman is commended as a hero, but Agent Strahm is suspicious, and delves into Hoffman's past. Meanwhile, another group of people are put through a series of gruesome tests.","27|53|80",6.172,3930,9.6105,"2026-10-06"
10200,"The Day the Earth Stood Still","2008-12-10","A representative of an alien race that went through drastic evolution to survive its own climate change, Klaatu comes to Earth to assess whether humanity can prevent the environmental damage they have inflicted on their own planet. When barred from speaking to the United Nations, he decides humankind shall be exterminated so the planet can survive.","18|878|53",5.7,3898,10.6325,"2026-10-06"
9870,"Forgetting Sarah Marshall","2008-04-17","When actress Sarah Marshall dumps aspiring musician Peter Bretter for rock star Aldous Snow, Peter's world comes crashing down. His best friend Brian suggests that Peter should get away from everything and to fly off to Hawaii to escape all his problems. After arriving in Hawaii and meeting the beautiful receptionist Rachel Jansen, Peter is shocked to see not only Aldous in Hawaii, but also Sarah.","35|10749|18",6.509,3808,9.4831,"2026-10-06"
13387,"Transporter 3","2008-11-26","Frank Martin puts the driving gloves on to deliver Valentina, the kidnapped daughter of a Ukrainian government official, from Marseilles to Odessa on the Black Sea. En route, he has to contend with thugs who want to intercept Valentina's safe delivery and not let his personal feelings get in the way of his dangerous objective.","28|53|80",6.2,3802,16.5084,"2026-10-06"
11887,"High School Musical 3: Senior Year","2008-10-11","As seniors in high school, Troy and Gabriella struggle with the idea of being separated from one another as college approaches. Along with the rest of the Wildcats, they stage a spring musical to address their experiences, hopes and fears about their future.","35|18|10751",6.5,3650,7.5566,"2026-10-06"
12222,"Horton Hears a Who!","2008-03-03","An imaginative elephant named Horton hears a faint cry for help coming from a tiny speck of dust floating through the air. Horton suspects there may be life on that speck and despite a surrounding community, who thinks he has lost his mind, he is determined to save the tiny particle.","16|35|10751|12|14",6.526,3635,18.1734,"2026-10-06"
12133,"Step Brothers","2008-07-25","Brennan Huff and Dale Doback might be grown men. But that doesn't stop them from living at home and turning into jealous, competitive stepbrothers when their single parents marry. Brennan's constant competition with Dale strains his mom's marriage to Dale's dad, leaving everyone to wonder whether they'll ever see eye to eye.","35",6.563,3535,12.128,"2026-10-06"
6557,"27 Dresses","2008-01-10","Altruistic Jane finds herself facing her worst nightmare as her younger sister announces her engagement to the man Jane secretly adores.","35|10749",6.453,3519,11.142,"2026-10-06"
8055,"The Reader","2008-12-10","The story of Michael Berg, a German lawyer who, as a teenager in the late 1950s, had an affair with an older woman, Hanna, who then disappeared only to resurface years later as one of the defendants in a war crimes trial stemming from her actions as a concentration camp guard late in the war. He alone realizes that Hanna is illiterate and may be concealing that fact at the expense of her freedom.","18|10749",7.461,3489,11.9972,"2026-10-06"
12113,"Body of Lies","2008-10-09","The CIA’s hunt is on for the mastermind of a wave of terrorist attacks. Roger Ferris is the agency’s man on the ground, moving from place to place, scrambling to stay ahead of ever-shifting events. An eye in the sky – a satellite link – watches Ferris.  At the other end of that real-time link is the CIA’s Ed Hoffman, strategizing events from thousands of miles away. And as Ferris nears the target, he discovers trust can be just as dangerous as it is necessary for survival.","28|18|53",6.629,3454,10.8643,"2026-10-06"
13809,"RocknRolla","2008-09-04","When a Russian mobster sets up a real estate scam that generates millions of pounds, various members of London's criminal underworld pursue their share of the fortune. Various shady characters, including Mr One-Two, Stella the accountant, and Johnny Quid, a druggie rock-star, try to claim their slice.","28|80|53",6.953,3447,6.3906,"2026-10-06"
9029,"What Happens in Vegas","2008-05-07","During a wild vacation in Las Vegas, career woman Joy McNally and playboy Jack Fuller come to the sober realization that they have married each other after a night of drunken abandon. They are then compelled, for legal reasons, to live life as a couple for a limited period of time. At stake is a large amount of money.","35|10749",6.123,3404,10.1642,"2026-10-06"
7840,"10,000 BC","2008-03-04","A prehistoric epic that follows a young mammoth hunter's journey through uncharted territory to secure the future of his tribe.","12|28|18|14",5.5,3261,7.3382,"2026-10-06"
13027,"Eagle Eye","2008-09-25","Jerry Shaw and Rachel Holloman are two strangers whose lives are suddenly thrown into turmoil by a mysterious woman they have never met. Threatening their lives and family, the unseen caller uses everyday technology to control their actions and push them into increasing danger. As events escalate, Jerry and Rachel become the country's most-wanted fugitives and must figure out what is happening to them.","9648|53|28",6.513,3253,11.4913,"2026-10-06"
10202,"Bedtime Stories","2008-12-24","Skeeter Bronson is a down-on-his-luck guy who's always telling bedtime stories to his niece and nephew. But his life is turned upside down when the fantastical stories he makes up for entertainment inexplicably turn into reality. Can a bewildered Skeeter manage his own unruly fantasies now that the outrageous characters and situations from his mind have morphed into actual people and events?","14|35|10751|10749",6.163,3058,12.6816,"2026-10-06"
8204,"The Spiderwick Chronicles","2008-02-14","Upon moving into the run-down Spiderwick Estate with their mother, twin brothers Jared and Simon Grace, along with their sister Mallory, find themselves pulled into an alternate world full of faeries and other creatures.","10751|12|14|28",6.7,2962,10.0437,"2026-10-06"
10358,"Zack and Miri Make a Porno","2008-09-18","Lifelong platonic friends Zack and Miri look to solve their respective cash-flow problems by making an adult film together. As the cameras roll, however, the duo begin to sense that they may have more feelings for each other than they previously thought.","35|10749",6.3,2764,9.1995,"2026-10-06"
10665,"The Strangers","2008-05-29","After a 4 a.m. knock at the door and haunting voices, Kristen McKay and James Hoyt’s remote getaway becomes a psychological night of terror as three masked strangers invade. Now they must go far beyond what they thought themselves capable of if they hope to survive.","27",6.1,2759,11.3518,"2026-10-06"
8848,"The Bank Job","2008-02-28","Terry is a small-time car dealer trying to leave his shady past behind and start a family. Martine is a beautiful model from Terry's old neighbourhood who knows that Terry is no angel. When Martine proposes a foolproof plan to rob a bank, Terry recognises the danger but realises this may be the opportunity of a lifetime.","53|80|18",6.856,2730,16.1591,"2026-10-06"
8390,"Definitely, Maybe","2008-02-08","When Will decides to tell his daughter the story of how he met her mother, he discovers that a second look at the past might also give him a second chance at the future.","35|10749",6.935,2696,9.1151,"2026-10-06"
8456,"Never Back Down","2008-03-04","Jake, full of anger after his father's death, is just starting to find a place for himself at his new Orlando high school - until Ryan, head of an underground MMA fight club, picks Jake out as a prime opponent. After being trounced by Ryan in front of the entire school, Jake begins training under the firm, moral guidance of a MMA master, where he learns how to fight... and how to avoid a fight. But it becomes obvious that a rematch will be inevitable if Jake wants to stop Ryan and his bullying, once and for all.","18|28",6.779,2566,12.9165,"2026-10-06"
6972,"Australia","2008-11-18","Set in northern Australia before World War II, an English aristocrat who inherits a sprawling ranch reluctantly pacts with a stock-man in order to protect her new property from a takeover plot. As the pair drive 2,000 head of cattle over unforgiving landscape, they experience the bombing of Darwin by Japanese forces firsthand.","12|10749|18",6.596,2506,5.7516,"2026-10-06"
10139,"Milk","2008-11-05","The true story of Harvey Milk, the first openly gay man ever elected to public office. In San Francisco in the late 1970s, Harvey Milk becomes an activist for gay rights and inspires others to join him in his fight for equal rights that should be available to all Americans.","36|18",7.211,2503,4.4674,"2026-10-06"
8328,"Step Up 2: The Streets","2008-02-14","When rebellious street dancer Andie West lands at the elite Maryland School of the Arts, she finds herself fighting to fit in while also trying to hold onto her old life. When she joins forces with the school's hottest dancer, Chase Collins, to form a crew of fellow outcasts to compete in Baltimore's underground dance battle The Streets.","10402|18|10749",6.7,2467,11.1332,"2026-10-06"
8461,"Funny Games","2008-03-14","When Ann, husband George, and son Georgie arrive at their holiday home they are visited by a pair of polite and seemingly pleasant young men. Armed with deceptively sweet smiles and some golf clubs, they proceed to terrorize and torture the tight-knit clan, giving them until the next day to survive.","53|27",6.5,2361,7.1392,"2026-10-06"
13051,"Max Payne","2008-10-15","A DEA agent whose family was slain as part of a conspiracy, and an assassin out to avenge her sister's death, join forces to solve a series of murders in New York City.","80|28|18",5.418,2342,8.2936,"2026-10-06"
2309,"Inkheart","2008-12-11","The adventures of a father and his young daughter, in their search for a long lost book that will help reunite a missing, close relative.","12|10751|14",6.31,2335,8.3263,"2026-10-06"
9381,"Babylon A.D.","2008-08-20","A veteran-turned-mercenary is hired to take a young woman with a secret from post-apocalyptic Eastern Europe to New York City.","28|12|878|53",5.671,2335,6.4011,"2026-10-06"
4564,"Sex and the City","2008-05-12","When Carrie's big step forward in her relationship goes awry, best friends Charlotte, Miranda and Samantha are there to help her pick up the pieces.","35|18|10749",6.5,2325,12.3179,"2026-10-06"
12184,"The Other Boleyn Girl","2008-02-28","A sumptuous and sensual tale of intrigue, romance and betrayal set against the backdrop of a defining moment in European history: two beautiful sisters, Anne and Mary Boleyn, driven by their family's blind ambition, compete for the love of the handsome and passionate King Henry VIII.","18|10749|36",6.71,2292,7.8954,"2026-10-06"
12180,"Star Wars: The Clone Wars","2008-08-05","As the Clone Wars sweep through the galaxy, Anakin Skywalker and his new Padawan learner Ahsoka Tano plunge into a dangerous mission to rescue the kidnapped son of crime lord Jabba the Hutt.","16|28|878|12",6.162,2288,7.1337,"2026-10-06"
7461,"Vantage Point","2008-02-01","During an historic counter-terrorism summit in Spain, the President of the United States is struck down by an assassin's bullet. Eight strangers have a perfect view of the kill, but what did they really see? As the minutes leading up to the fatal shot are replayed through the eyes of each eyewitness, the reality of the assassination takes shape.","18|28|53|80",6.416,2265,9.7596,"2026-10-06"
15373,"Role Models","2008-11-07","Two salesmen trash a company truck on an energy drink-fueled bender. Upon their arrest, the court gives them a choice: do hard time or spend 150 service hours with a mentorship program. After one day with the kids, however, jail doesn't look half bad.","35",6.485,2226,10.5697,"2026-10-06"
13655,"Camp Rock","2008-06-20","When Mitchie gets a chance to attend Camp Rock, her life takes an unpredictable twist, and she learns just how important it is to be true to yourself.","10402|10751|10770",6.391,2215,7.0778,"2026-10-06"
13510,"Eden Lake","2008-09-12","When a young couple goes to a remote wooded lake for a romantic getaway, their quiet weekend is shattered by an aggressive group of local kids. Rowdiness quickly turns to rage as the teens terrorize the couple in unimaginable ways, and a weekend outing becomes a bloody battle for survival.","27|53",6.821,2206,9.7644,"2026-10-06"
15157,"Another Cinderella Story","2008-09-16","A guy who danced with what could be the girl of his dreams at a costume ball only has one hint at her identity: the Zune she left behind as she rushed home in order to make her curfew. And with a once-in-a-lifetime opportunity in front of him, he sets out to find his masked beauty.","10402|35|10749|10751",7.3,2149,5.6942,"2026-10-06"
13515,"Mirrors","2008-08-14","An ex-cop and his family are the target of an evil force that is using mirrors as a gateway into their home.","27|9648",6.3,2134,5.729,"2026-10-06"
11918,"Superhero Movie","2008-03-28","Rick Riker is a nerdy teen imbued with superpowers by a radioactive dragonfly. And because every hero needs a nemesis, enter Lou Landers, aka the villainously goofy Hourglass.","35|28|878",5.344,2101,11.1965,"2026-10-06"
12620,"The House Bunny","2008-08-22","Shelley is living a carefree life until a rival gets her tossed out of the Playboy Mansion. With nowhere to go, fate delivers her to the sorority girls from Zeta Alpha Zeta. Unless they can sign a new pledge class, the seven socially clueless women will lose their house to the scheming girls of Phi Iota Mu. In order to accomplish their goal, they need Shelley to teach them the ways of makeup and men; at the same time, Shelley needs some of what the Zetas have - a sense of individuality. The combination leads all the girls to learn how to stop pretending and start being themselves.","10749|35",5.7,2073,12.1488,"2026-10-06"
1729,"The Forbidden Kingdom","2008-04-17","An American teenager who is obsessed with Hong Kong cinema and kung-fu classics makes an extraordinary discovery in a Chinatown pawnshop: the legendary stick weapon of the Chinese sage and warrior, the Monkey King. With the lost relic in hand, the teenager unexpectedly finds himself travelling back to ancient China to join a crew of warriors from martial arts lore on a dangerous quest to free the imprisoned Monkey King.","28|12|14",6.656,2002,10.5615,"2026-10-06"
14359,"Doubt","2008-12-12","In 1964 Bronx, two Catholic school nuns question the new priest's ambiguous relationship with a troubled African-American student.","18",7.207,1992,5.7503,"2026-10-06"
13813,"Defiance","2008-12-31","Based on a true story, during World War II, four Jewish brothers escape their Nazi-occupied homeland of West Belarus in Poland and join the Soviet partisans to combat the Nazis. The brothers begin the rescue of roughly 1,200 Jews still trapped in the ghettos of Poland.","18|36|10752",6.843,1967,5.0776,"2026-10-06"
13600,"City of Ember","2008-10-07","For generations, the people of the City of Ember have flourished in an amazing world of glittering lights. But Ember's once powerful generator is failing and the great lamps that illuminate the city are starting to flicker. Now, two teenagers, in a race against time, must search Ember for clues that will unlock the ancient mystery of the city's existence, before the the lights go out forever.","12|10751|14",6.4,1963,13.3607,"2026-10-06"
13971,"Wild Child","2008-08-15","Sixteen-year-old Poppy has everything her unlimited credit cards can buy, and a spoiled attitude to match. After a final thoughtless prank, her exasperated father ships her off to boarding school in England. There, Poppy meets her match in a stern headmistress and a class full of girls who will not tolerate her selfishness.","35|10751",6.7,1946,18.0018,"2026-10-06"
7278,"Meet the Spartans","2008-01-24","The heroic Leonidas, armed with nothing but leather underwear and a cape, leads a ragtag group of thirteen Spartans to defend their homeland against the invading Persians (whose ranks include Ghost Rider, Rocky Balboa, the Transformers, and a hunchbacked Paris Hilton). No one is safe when the Spartans take on the biggest icons in pop culture!","35|14",4.1,1901,9.2162,"2026-10-06"
7459,"Speed Racer","2008-05-07","Speed Racer is a young and brilliant racing driver. When corruption in the racing leagues costs his brother his life, Speed must team up with the police and the mysterious Racer X to bring an end to the corruption and criminal activities.","10751|28|12|35",6.384,1869,12.4225,"2026-10-06"
10761,"Made of Honor","2008-04-30","Tom and Hannah have been platonic friends for 10 years. He's a serial dater, while she wants marriage but hasn't found Mr. Right. Just as Tom is starting to think that he is relationship material after all, Hannah gets engaged. When she asks Tom to be her 'maid' of honor, he reluctantly agrees just so he can attempt to stop the wedding and woo her.","35|10749",6.474,1854,11.2457,"2026-10-06"
12783,"The Duchess","2008-09-05","A chronicle of the life of 18th century aristocrat Georgiana, Duchess of Devonshire, who was reviled for her extravagant political and personal life.","18|36|10749",6.976,1847,8.3298,"2026-10-06"
1266,"Street Kings","2008-04-10","Tom Ludlow is a disillusioned L.A. Police Officer, rarely playing by the rules and haunted by the death of his wife. When evidence implicates him in the execution of a fellow officer, he is forced to go up against the cop culture he's been a part of his entire career, ultimately leading him to question the loyalties of everyone around him.","28|80|18|53",6.676,1823,10.2652,"2026-10-06"
8836,"The X-Files: I Want to Believe","2008-07-24","Mulder and Scully are called back to duty by the FBI when a former priest claims to be receiving psychic visions pertaining to a kidnapped agent.","9648|878|53",5.9,1733,7.0741,"2026-10-06"
13335,"Harold & Kumar Escape from Guantanamo Bay","2008-04-25","Having satisfied their urge for White Castle, Harold and Kumar jump on a plane to catch up with Harold's love interest, who's headed for the Netherlands. But the pair must change their plans when Kumar is accused of being a terrorist. Rob Corddry also stars in this wild comedy sequel that follows the hapless stoners' misadventures as they try to avoid being captured by the Department of Homeland Security.","35|12",6.32,1693,6.6677,"2026-10-06"
4960,"Synecdoche, New York","2008-10-24","A theater director struggles with his work, and the women in his life, as he attempts to create a life-size replica of New York inside a warehouse as part of his new play.","18",7.5,1687,6.9453,"2026-10-06"
8676,"Fool's Gold","2008-02-07","Treasure hunter Ben ""Finn"" Finnegan has sunk his marriage to Tess and his trusty boat in his obsessive quest to find the legendary Queen's Dowry. When he finds a vital clue that may finally pinpoint the treasure's whereabouts, he drags Tess and her boss, billionaire Nigel Honeycutt, along on the hunt. But Finn is not the only one interested in the gold; his former mentor-turned-enemy Moe Fitch, hired by rapper-turned-gangster Bigg Bunny, will stop at nothing to beat him to it.","12|10749|35",5.812,1657,8.4426,"2026-10-06"
13179,"Tinker Bell","2008-09-11","Journey into the secret world of Pixie Hollow and hear Tinker Bell speak for the very first time as the astonishing story of Disney's most famous fairy is finally revealed in the all-new motion picture ""Tinker Bell.""","16|10751|12|14",7,1630,12.6508,"2026-10-06"
14784,"The Fall","2008-01-03","In a hospital on the outskirts of 1920s Los Angeles, an injured stuntman begins to tell a fellow patient, a little girl with a broken arm, a fantastic story about 5 mythical heroes. Thanks to his fractured state of mind and her vivid imagination, the line between fiction and reality starts to blur as the tale advances.","12|14|18",7.626,1629,10.0634,"2026-10-06"
11260,"Meet Dave","2008-07-08","A crew of miniature aliens operate a spaceship that has a human form. While trying to save their planet, the aliens encounter a new problem, as their ship becomes smitten with an Earth woman.","35|878|12|10751",5.342,1605,7.1169,"2026-10-06"
4953,"Be Kind Rewind","2008-02-21","A man whose brain becomes magnetized unintentionally destroys every tape in his friend's video store. In order to satisfy the store's most loyal renter, an aging woman with signs of dementia, the two men set out to remake the lost films.","18|35",6.3,1541,5.4297,"2026-10-06"
19995,"Avatar","2009-12-16","In the 22nd century, a paraplegic Marine is dispatched to the moon Pandora on a unique mission, but becomes torn between following orders and protecting an alien civilization.","878|28|12",7.61,34778,42.8769,"2026-10-06"
16869,"Inglourious Basterds","2009-08-02","In Nazi-occupied France during World War II, a group of Jewish-American soldiers known as ""The Basterds"" are chosen specifically to spread fear throughout the Third Reich by scalping and brutally killing Nazis. The Basterds, lead by Lt. Aldo Raine soon cross paths with a French-Jewish teenage girl who runs a movie theater in Paris which is targeted by the soldiers.","18|53|10752",8.217,24885,33.1944,"2026-10-06"
14160,"Up","2009-05-28","Carl Fredricksen spent his entire life dreaming of exploring the globe and experiencing life to its fullest. But at age 78, life seems to have passed him by, until a twist of fate (and a persistent 8-year old Wilderness Explorer named Russell) gives him a new lease on life.","16|35|10751|12",7.96,22210,31.0902,"2026-10-06"
767,"Harry Potter and the Half-Blood Prince","2009-07-15","Dumbledore tries to prepare Harry for the final battle with Voldemort while Death Eaters wreak havoc in both Muggle and Wizard worlds.","12|14",7.682,21259,35.2666,"2026-10-06"
18785,"The Hangover","2009-06-02","When three friends finally come to after a raucous night of bachelor-party revelry, they find a baby in the closet and a tiger in the bathroom. But they can't seem to locate their best friend, Doug – who's supposed to be tying the knot. Launching a frantic search for Doug, the trio perseveres through a nasty hangover to try to make it to the church on time.","35",7.338,18592,33.0077,"2026-10-06"
10528,"Sherlock Holmes","2009-12-23","Eccentric consulting detective Sherlock Holmes and Doctor John Watson battle to bring down a new nemesis and unravel a deadly plot that could destroy England.","28|12|9648",7.222,15088,16.6118,"2026-10-06"
19908,"Zombieland","2009-10-02","Columbus has made a habit of running from what scares him. Tallahassee doesn't have fears. If he did, he'd kick their ever-living ass. In a world overrun by zombies, these two are perfectly evolved survivors. But now, they're about to stare down the most terrifying prospect of all: each other.","35|27",7.258,13531,16.501,"2026-10-06"
14161,"2012","2009-10-10","Dr. Adrian Helmsley, part of a worldwide geophysical team investigating the effect on the earth of radiation from unprecedented solar storms, learns that the earth's core is heating up. He warns U.S. President Thomas Wilson that the crust of the earth is becoming unstable and that without proper preparations for saving a fraction of the world's population, the entire race is doomed. Meanwhile, writer Jackson Curtis stumbles on the same information. While the world's leaders race to build ""arks"" to escape the impending cataclysm, Curtis struggles to find a way to save his family. Meanwhile, volcanic eruptions and earthquakes of unprecedented strength wreak havoc around the world.","28|12|878",5.899,13077,17.1297,"2026-10-06"
2080,"X-Men Origins: Wolverine","2009-04-28","After seeking to live a normal life after 200 years, Logan sets out to avenge a death by undergoing the mutant Weapon X program and becoming Wolverine.","12|28|878",6.298,11589,2.1686,"2026-10-06"
19913,"(500) Days of Summer","2009-07-17","Tom, greeting-card writer and hopeless romantic, is caught completely off-guard when his girlfriend, Summer, suddenly dumps him. He reflects on their 500 days together to try to figure out where their love affair went sour, and in doing so, Tom rediscovers his true passions in life.","35|18|10749",7.308,11346,16.3855,"2026-10-06"
13475,"Star Trek","2009-05-06","The fate of the galaxy rests in the hands of bitter rivals. One, James Kirk, is a delinquent, thrill-seeking Iowa farm boy. The other, Spock, a Vulcan, was raised in a logic-based society that rejects all emotion. As fiery instinct clashes with calm reason, their unlikely but powerful partnership is the only thing capable of leading their crew through unimaginable danger, boldly going where no one has gone before. The human adventure has begun again.","878|28|12",7.439,10762,18.3229,"2026-10-06"
17654,"District 9","2009-08-05","Thirty years ago, aliens arrive on Earth. Not to conquer or give aid, but to find refuge from their dying planet. Separated from humans in a South African area called District 9, the aliens are managed by Multi-National United, which is unconcerned with the aliens' welfare but will do anything to master their advanced technology. When a company field agent contracts a mysterious virus that begins to alter his DNA, there is only one place he can hide: District 9.","878",7.479,10701,16.6117,"2026-10-06"
13183,"Watchmen","2009-03-04","In a gritty and alternate 1985, the glory days of costumed vigilantes have been brought to a close by a government crackdown. But after one of the masked veterans is brutally murdered, an investigation into the killer is initiated. The reunited heroes set out to prevent their own destruction, but in doing so they uncover a sinister plot that puts all of humanity in grave danger.","9648|28|878",7.355,10306,13.9014,"2026-10-06"
18239,"The Twilight Saga: New Moon","2009-11-18","Forks, Washington resident Bella Swan is reeling from the departure of her vampire love, Edward Cullen, and finds comfort in her friendship with Jacob Black, a werewolf. But before she knows it, she's thrust into a centuries-old conflict, and her desire to be with Edward at any cost leads her to take greater and greater risks.","12|14|18|10749",5.983,9930,21.8228,"2026-10-06"
14836,"Coraline","2009-02-05","Wandering her rambling old house in her boring new town, 11-year-old Coraline discovers a hidden door to a strangely idealized version of her life. In order to stay in the fantasy, she must make a frighteningly real sacrifice.","16|10751|14|27",7.9,9501,56.3025,"2026-10-06"
8373,"Transformers: Revenge of the Fallen","2009-06-19","Sam Witwicky leaves the Autobots behind for a normal life. But when his mind is filled with cryptic symbols, the Decepticons target him and he is dragged back into the Transformers' war.","878|28|12",6.2,9444,7.3932,"2026-10-06"
8355,"Ice Age: Dawn of the Dinosaurs","2009-06-26","Times are changing for Manny the moody mammoth, Sid the motor mouthed sloth and Diego the crafty saber-toothed tiger. Life heats up for our heroes when they meet some new and none-too-friendly neighbors – the mighty dinosaurs.","16|35|10751|12",6.8,9102,25.4553,"2026-10-06"
13804,"Fast & Furious","2009-04-02","When a crime brings them back to L.A., fugitive ex-con Dom Toretto reignites his feud with agent Brian O'Conner. But as they are forced to confront a shared enemy, Dom and Brian must give in to an uncertain new trust if they hope to outmaneuver him. And the two men will find the best way to get revenge: push the limits of what's possible behind the wheel.","28|80|53",6.685,8038,2.3145,"2026-10-06"
18240,"The Proposal","2009-06-02","When she learns she's in danger of losing her visa status and being deported, overbearing book editor Margaret Tate forces her put-upon assistant, Andrew Paxton, to marry her.","35|10749|18",7.183,7817,23.282,"2026-10-06"
13448,"Angels & Demons","2009-04-20","Harvard symbologist Robert Langdon is recruited by the Vatican to investigate the apparent return of the Illuminati – a secret, underground organization – after four cardinals are kidnapped on the night of the papal conclave.","53|9648",6.73,7531,22.468,"2026-10-06"
18360,"Night at the Museum: Battle of the Smithsonian","2009-05-20","Hapless museum night watchman Larry Daley must help his living, breathing exhibit friends out of a pickle now that they've been transferred to the archives at the Smithsonian Institution. Larry's (mis)adventures this time include close encounters with Amelia Earhart, Abe Lincoln and Ivan the Terrible.","12|14|28|35|10751",6.154,7478,11.0417,"2026-10-06"
28178,"Hachi: A Dog's Tale","2009-06-08","Professor Wilson discovers a lost Akita puppy on his way home. Despite objections from his wife, Hachi endears himself to the family and grows to be Parker's loyal companion. As their bond grows deeper, a beautiful relationship unfolds.","18|10751",8,7349,16.1777,"2026-10-06"
534,"Terminator Salvation","2009-05-20","All grown up in post-apocalyptic 2018, John Connor must lead the resistance of humans against the increasingly dominating militaristic robots. But when Marcus Wright appears, his existence confuses the mission as Connor tries to determine whether Wright has come from the future or the past -- and whether he's friend or foe.","28|878|53",6.1,7273,17.801,"2026-10-06"
22881,"The Blind Side","2009-11-20","The story of Michael Oher, a homeless and traumatized boy who became an All American football player and first round NFL draft pick with the help of a caring woman and her family.","18",7.66,7023,18.1166,"2026-10-06"
22794,"Cloudy with a Chance of Meatballs","2009-09-17","Inventor Flint Lockwood creates a machine that makes clouds rain food, enabling the down-and-out citizens of Chewandswallow to feed themselves. But when the falling food reaches gargantuan proportions, Flint must scramble to avert disaster. Can he regain control of the machine and put an end to the wild weather before the town is destroyed?","16|35|10751",6.7,6655,18.4214,"2026-10-06"
17431,"Moon","2009-06-12","With only three weeks left in his three-year contract, Sam Bell is eager to return to Earth. Stationed alone at a Moon-based facility with his computer assistant GERTY, an unexpected accident sets off a series of unsettling events that shake his isolation.","878|18",7.563,6544,10.3334,"2026-10-06"
31011,"Mr. Nobody","2009-11-06","Nemo Nobody leads an ordinary existence with his wife and 3 children; one day, he wakes up as a mortal centenarian in the year 2092.","878|18|10749",7.8,6390,10.2746,"2026-10-06"
10315,"Fantastic Mr. Fox","2009-10-14","The Fantastic Mr. Fox, bored with his current life, plans a heist against the three local farmers. The farmers, tired of sharing their chickens with the sly fox, seek revenge against him and his family.","12|16|35|10751",7.8,6358,20.1153,"2026-10-06"
10198,"The Princess and the Frog","2009-12-08","A waitress, desperate to fulfill her dreams as a restaurant owner, is set on a journey to turn a frog prince back into a human being, but she has to face the same problem after she kisses him.","16|10749|14|10751",7.238,6308,22.3291,"2026-10-06"
13811,"Knowing","2009-03-19","A teacher opens a time capsule that has been dug up at his son's elementary school; in it are some chilling predictions -- some that have already occurred and others that are about to -- that lead him to believe his family plays a role in the events that are about to unfold.","878|53",6.3,6023,9.9828,"2026-10-06"
22803,"Law Abiding Citizen","2009-10-15","A frustrated man decides to take justice into his own hands after a plea bargain sets one of his family's killers free. He targets not only the killer but also the district attorney and others involved in the deal.","18|80|53",7.395,5881,19.3852,"2026-10-06"
21208,"Orphan","2009-07-24","After losing their baby, a married couple adopt 9-year old Esther, who may not be as innocent as she seems.","27|53",6.99,5799,13.5313,"2026-10-06"
23827,"Paranormal Activity","2009-09-25","After a young, middle-class couple moves into what seems like a typical suburban house, they become increasingly disturbed by a presence that may or may not be demonic, but is certainly the most active in the middle of the night.","27|9648",6.061,5602,9.9306,"2026-10-06"
16996,"17 Again","2009-03-11","On the brink of a midlife crisis, 30-something Mike O'Donnell wishes he could have a ""do-over."" And that's exactly what he gets when he wakes up one morning to find he's 17 years old again. With his adult mind stuck inside the body of a teenager, Mike actually has the chance to reverse some decisions he wishes he'd never made. But maybe they weren't so bad after all.","35|14",6.323,5547,13.4594,"2026-10-06"
15512,"Monsters vs Aliens","2009-03-19","When Susan Murphy is unwittingly clobbered by a meteor full of outer space gunk on her wedding day, she mysteriously grows to 49-feet-11-inches. The military jumps into action and captures Susan, secreting her away to a covert government compound. She is renamed Ginormica and placed in confinement with a ragtag group of Monsters...","16|10751|12|878",6.3,5144,24.8233,"2026-10-06"
7980,"The Lovely Bones","2009-12-26","After being brutally murdered, 14-year-old Susie Salmon watches from heaven over her grief-stricken family -- and her killer. As she observes their daily lives, she must balance her thirst for revenge with her desire for her family to heal.","14|18",7.1,5094,15.6613,"2026-10-06"
14869,"G.I. Joe: The Rise of Cobra","2009-08-03","From the Egyptian desert to deep below the polar ice caps, the elite G.I. JOE team uses the latest in next-generation spy and military equipment to fight the corrupt arms dealer Destro and the growing threat of the mysterious Cobra organization to prevent them from plunging the world into chaos.","12|28|53|878",5.782,5044,11.2024,"2026-10-06"
17979,"A Christmas Carol","2009-11-04","Miser Ebenezer Scrooge is awakened on Christmas Eve by spirits who reveal to him his own miserable existence, what opportunities he wasted in his youth, his current cruelties, and the dire fate that awaits him if he does not change his ways. Scrooge is faced with his own story of growing bitterness and meanness, and must decide what his own future will hold: death or redemption.","16|18|10751|14",6.913,5006,12.9403,"2026-10-06"
11322,"Public Enemies","2009-07-01","Depression-era bank robber John Dillinger's charm and audacity endear him to much of America's downtrodden public, but he's also a thorn in the side of J. Edgar Hoover and the fledgling FBI. Desperate to capture the elusive outlaw, Hoover makes Dillinger his first Public Enemy Number One and assigns his top agent, Melvin Purvis, the task of bringing him in dead or alive.","80|36|18",6.685,4987,12.5685,"2026-10-06"
20766,"The Road","2009-11-25","A father and his son walk alone through burned America. Nothing moves in the ravaged landscape save the ash on the wind and water. It is cold enough to crack stones and, when the snow falls, it is gray. Their destination is the warmer south, although they don't know what, if anything, awaits them there.","12|18",7.019,4450,10.431,"2026-10-06"
22954,"Invictus","2009-12-11","Newly elected President Nelson Mandela knows his nation remains racially and economically divided in the wake of apartheid. Believing he can bring his people together through the universal language of sport, Mandela rallies South Africa's rugby union team as they make their historic run to the 1995 Rugby World Cup Championship match.","18|36",7.179,4450,8.4672,"2026-10-06"
19994,"Jennifer's Body","2009-09-18","Jennifer, a gorgeous, seductive cheerleader takes evil to a whole new level after she's possessed by a sinister demon. Now it's up to her best friend to stop Jennifer's reign of terror before it's too late.","27|35",6.009,4431,18.0115,"2026-10-06"
16871,"Drag Me to Hell","2009-05-27","After denying a woman the extension she needs to keep her home, loan officer Christine Brown sees her once-promising life take a startling turn for the worse. Christine is convinced she's been cursed by a Gypsy, but her boyfriend is skeptical. Her only hope seems to lie in a psychic who claims he can help her lift the curse and keep her soul from being dragged straight to hell.","27|53",6.492,4237,12.4702,"2026-10-06"
22947,"Up in the Air","2009-12-04","Corporate downsizing expert Ryan Bingham spends his life in planes, airports, and hotels, but just as he’s about to reach a milestone of ten million frequent flyer miles, he meets a woman who causes him to rethink his transient life.","18|10749",6.9,4157,13.1009,"2026-10-06"
10184,"He's Just Not That Into You","2009-02-06","Remember that really cute girl/guy who said they'd call – and didn't? Maybe they lost your number. Maybe they're in the hospital. Maybe they're awed by your looks, brains or success. Or maybe... They're just not that into you.","35|10749|18",6.62,4128,10.6534,"2026-10-06"
12437,"Underworld: Rise of the Lycans","2009-01-22","A prequel to the first two Underworld films, this fantasy explains the origins of the feud between the Vampires and the Lycans. Aided by his secret love, Sonja, courageous Lucian leads the Lycans in battle against brutal Vampire king Viktor. Determined to break the king's enslavement of his people, Lucian faces off against the Death Dealer army in a bid for Lycan independence.","14|28|53",6.5,4074,11.1927,"2026-10-06"
19912,"The Final Destination","2009-08-26","A horrifying premonition saves a young man and his friends from death during a racetrack accident but terrible fates await them nonetheless.","27|9648",5.6,4062,15.0508,"2026-10-06"
7445,"Brothers","2009-12-02","When his helicopter goes down during his fourth tour of duty in Afghanistan, Marine Sam Cahill is presumed dead. Back home, brother Tommy steps in to look over Sam’s wife, Grace, and two children. Sam’s surprise homecoming triggers domestic mayhem.","18|53|10752",7.317,4045,10.6758,"2026-10-06"
12244,"9","2009-08-19","When 9 first comes to life, he finds himself in a post-apocalyptic world. All humans are gone, and it is only by chance that he discovers a small community of others like him taking refuge from fearsome machines that roam the earth intent on their extinction. Despite being the neophyte of the group, 9 convinces the others that hiding will do them no good.","28|12|16|878|53",6.967,4042,12.1214,"2026-10-06"
20943,"The Ugly Truth","2009-07-24","A romantically challenged morning show producer is reluctantly embroiled in a series of outrageous tests by her chauvinistic correspondent to prove his theories on relationships and help her find love. His clever ploys, however, lead to an unexpected result.","35|10749",6.51,3859,13.617,"2026-10-06"
22804,"Saw VI","2009-10-22","Special Agent Strahm is dead, and Detective Hoffman has emerged as the unchallenged successor to Jigsaw's legacy. However, when the FBI draws closer to Hoffman, he is forced to set a game into motion, and Jigsaw's grand scheme is finally understood.","27|53",6.3,3622,11.5708,"2026-10-06"
19959,"Surrogates","2009-09-24","Set in a futuristic world where humans live in isolation and interact through surrogate robots, a cop is forced to leave his home for the first time in years in order to investigate the murders of others' surrogates.","878|28|53",6.166,3558,7.8262,"2026-10-06"
18487,"The Taking of Pelham 1 2 3","2009-06-10","Armed men hijack a New York City subway train, holding the passengers hostage in return for a ransom, and turning an ordinary day's work for dispatcher Walter Garber into a face-off with the mastermind behind the crime.","80|53|28",6.369,3508,9.6809,"2026-10-06"
15092,"Crank: High Voltage","2009-04-16","Chelios faces a Chinese mobster who has stolen his nearly indestructible heart and replaced it with a battery-powered ticker that requires regular jolts of electricity to keep working.","28|53|80",6.092,3280,15.3542,"2026-10-06"
10521,"Bride Wars","2009-01-09","Two best friends become rivals when their respective weddings are accidentally booked for the same day.","35|10749",6.249,3247,11.9962,"2026-10-06"
23398,"Alvin and the Chipmunks: The Squeakquel","2009-12-21","Pop sensations Alvin, Simon and Theodore end up in the care of Dave Seville's twenty-something nephew Toby. The boys must put aside music super stardom to return to school, and are tasked with saving the school's music program by winning the $25,000 prize in a battle of the bands. But the Chipmunks unexpectedly meet their match in three singing chipmunks known as The Chipettes - Brittany, Eleanor and Jeanette. Romantic and musical sparks are ignited when the Chipmunks and Chipettes square off.","35|10751|16|14|10402",5.7,3197,17.5483,"2026-10-06"
26466,"Triangle","2009-10-16","When Jess sets sail on a yacht with a group of friends, she cannot shake the feeling that there is something wrong.","27",6.9,3154,10.3038,"2026-10-06"
8054,"The Imaginarium of Doctor Parnassus","2009-10-01","After a carnival troupe saves his life, a man agrees to help its immortal leader collect five souls and win a bet with the devil.","12|14|9648",6.387,2966,9.1248,"2026-10-06"
13207,"Friday the 13th","2009-02-11","A group of young adults visit a boarded up campsite named Crystal Lake where they soon encounter the mysterious Jason Voorhees and his deadly intentions.","27|53",5.8,2952,22.6127,"2026-10-06"
17609,"Antichrist","2009-05-20","A grieving couple retreats to their cabin 'Eden' in the woods, hoping to repair their broken hearts and troubled marriage. But nature takes its course and things go from bad to worse.","18|27|53",6.6,2934,7.4358,"2026-10-06"
20048,"Confessions of a Shopaholic","2009-02-05","In the glamorous world of New York City, Rebecca Bloomwood is a fun-loving girl who is really good at shopping – a little too good, perhaps. She dreams of working for her favorite fashion magazine, but can't quite get her foot in the door – until ironically, she snags a job as an advice columnist for a financial magazine published by the same company.","35|10749",6.498,2816,8.9449,"2026-10-06"
24420,"The Time Traveler's Wife","2009-08-14","Due to a genetic disorder, handsome librarian Henry DeTamble involuntarily zips through time, appearing at various moments in the life of his true love, the beautiful artist Clare Abshire.","18|10749|14",6.958,2805,10.1178,"2026-10-06"
14560,"Paul Blart: Mall Cop","2009-01-15","When a shopping mall is taken over by a gang of organized crooks, it's up to a mild-mannered security guard to save the day.","28|12|35|10751",5.45,2798,8.5889,"2026-10-06"
18533,"Bronson","2009-03-13","A young man who was sentenced to 7 years in prison for robbing a post office ends up spending 30 years in solitary confinement. During this time, his own personality is supplanted by his alter ego, Charles Bronson.","18|28|80",6.9,2787,4.2888,"2026-10-06"
19898,"Pandorum","2009-09-08","Two crew members wake up on an abandoned spacecraft with no idea who they are, how long they've been asleep, or what their mission is. The two soon discover they're actually not alone – and the reality of their situation is more horrifying than they could have imagined.","28|27|9648|878|53",6.6,2782,5.3258,"2026-10-06"
18501,"Gamer","2009-09-03","Mind-control technology has taken society by a storm, a multiplayer on-line game called ""Slayers"" allows players to control human prisoners in mass-scale. Simon controls Kable, the online champion of the game. Kable's ultimate challenge becomes regaining his identity and independence by defeating the game's mastermind.","28|53|878",5.695,2725,6.6949,"2026-10-06"
13455,"Push","2009-02-04","After his father, an assassin, is brutally murdered, Nick Gant vows revenge on Division, the covert government agency that dabbles in psychic warfare and experimental drugs. Hiding in Hong Kong's underworld, Nick assembles a band of rogue psychics dedicated to destroying Division. Together with Cassie, a teenage clairvoyant, Nick goes in search of a missing girl and a stolen suitcase that could be the key to accomplishing their mutual goal.","878|28|12|53",6.2,2525,7.6695,"2026-10-06"
12556,"Ghosts of Girlfriends Past","2009-05-01","Celebrity photographer Connor Mead lives life in the fast lane, committed to lifelong bachelorhood and simultaneous relationships with multiple women. On the eve of his younger brother Paul's wedding, Connor's mockery of love proves a real buzz-kill for everyone - including his childhood crush, Jenny, the one woman who always seemed immune to his considerable charms. Later that night, he gets a wake-up call from the ghost of his late Uncle Wayne, the hard-partying, legendary ladies' man who was Connor's mentor. Uncle Wayne has an urgent message which he delivers through three ghosts who guide Connor on an eye-opening tour of his romantic past, present and future. Along the way, they attempt to discern whether he will ever be able to change his ways -- and if there is any hope of him finding true love.","10749|35|14",5.969,2499,6.4097,"2026-10-06"
10313,"The Men Who Stare at Goats","2009-10-17","A reporter in Iraq might just have the story of a lifetime when he meets Lyn Cassady, a guy who claims to be a former member of the U.S. Army's New Earth Army, a unit that employs paranormal powers in their missions.","35|10752",5.967,2491,5.0719,"2026-10-06"
37169,"The Human Centipede (First Sequence)","2009-10-31","During a stopover in Germany in the middle of a carefree road trip through Europe, two American girls find themselves alone at night when their car breaks down in the woods. Searching for help at a nearby villa, they are wooed into the clutches of a deranged retired surgeon, who has a very disturbed vision.","27",5.158,2484,18.3354,"2026-10-06"
12573,"A Serious Man","2009-10-02","It is 1967, and Larry Gopnik, a physics professor at a quiet Midwestern university, has just been informed by his wife Judith that she is leaving him. He scrambles to find a semblance of meaning as he loses control of nearly every aspect of his life.","35|18",6.688,2472,7.7116,"2026-10-06"
28355,"Case 39","2009-08-13","In her many years as a social worker, Emily Jenkins believes she has seen it all, until she meets 10-year-old Lilith and the girl's cruel parents. Emily's worst fears are confirmed when the parents try to harm the child, and so Emily assumes custody of Lilith while she looks for a foster family. However, Emily soon finds that dark forces surround the seemingly innocent girl, and the more she tries to protect Lilith, the more horrors she encounters.","27|9648|53",6.3,2448,8.1535,"2026-10-06"
16614,"Adventureland","2009-04-03","It's the summer of 1987, and recent college grad James Brennan can't wait to begin his long-anticipated dream trip to Europe. Unfortunately, James' plans come to a screeching halt when his parents announce that they are unable to subsidize his trip. Forced to take a job at the local amusement park, James prepares for the worst summer ever, until he finds love with a captivating co-worker named Em.","35|18|10749",6.401,2425,5.0919,"2026-10-06"
23082,"The Invention of Lying","2009-10-02","Set in a world where the concept of lying doesn't exist, a loser changes his lot when he invents lying and uses it to get ahead.","35|14|10749",6.215,2423,7.7423,"2026-10-06"
29917,"Exam","2009-06-19","Eight talented candidates have reached the final stage of selection to join the ranks of a mysterious and powerful corporation. Entering a windowless room, where an armed guard keeps watch, they are given 80 minutes to answer one simple question.","53|9648",6.672,2394,5.0224,"2026-10-06"
18947,"The Boat That Rocked","2009-04-01","When a group of rebellious deejays decides to defy the ban on government-censored music, they take to the seas to broadcast music and mayhem to millions of adoring fans.","18|35",7.224,2359,7.0255,"2026-10-06"
24238,"Mary and Max","2009-04-09","A tale of friendship between two unlikely pen pals: Mary, a lonely, eight-year-old girl living in the suburbs of Melbourne, and Max, a forty-four-year old, severely obese man living in New York.","16|35|18",7.881,2348,9.8519,"2026-10-06"
10024,"My Sister's Keeper","2009-06-26","Sara and Brian live an idyllic life with their young son and daughter. But their family is rocked by sudden, heartbreaking news that forces them to make a difficult and unorthodox choice in order to save their baby girl's life. The parents' desperate decision raises both ethical and moral questions and rips away at the foundation of their relationship. Their actions ultimately set off a court case that threatens to tear the family apart, while revealing surprising truths that challenge everyone's perceptions of love and loyalty and give new meaning to the definition of healing.","18",7.374,2307,9.4672,"2026-10-06"
14164,"Dragonball Evolution","2009-03-12","On his 18th birthday, Goku receives a mystical Dragonball as a gift from his grandfather. There are only six others like it in the whole world, and legend has it that whoever possesses all seven will be granted one perfect wish. When the arrival of a dark force triggers a tragedy, Goku and his companions are propelled into an epic quest to collect the seven Dragonballs and save the Earth from destruction.","28|12|14|878|53",2.93,2299,8.2033,"2026-10-06"
23488,"Dorian Gray","2009-09-09","Seduced into the decadent world of Lord Henry Wotton, handsome young aristocrat Dorian Gray becomes obsessed with maintaining his youthful appearance, and commissions a special portrait that will weather the winds of time while he remains forever young. When Gray's obsession spirals out of control, his desperate attempts to safeguard his secret turn his once-privileged life into a living hell.","14|18|53",6.045,2289,7.6308,"2026-10-06"
24803,"Julie & Julia","2009-08-06","Julia Child and Julie Powell – both of whom wrote memoirs – find their lives intertwined. Though separated by time and space, both women are at loose ends... until they discover that with the right combination of passion, fearlessness and butter, anything is possible.","10749|18",6.711,2264,10.7266,"2026-10-06"
16866,"Planet 51","2009-11-19","When Earth astronaut Capt. Chuck Baker arrives on Planet 51 -- a world reminiscent of American suburbia circa 1950 -- he tries to avoid capture, recover his spaceship and make it home safely, all with the help of an empathetic little green being.","16|10751|35|878|12",5.9,2230,9.6789,"2026-10-06"
16995,"State of Play","2009-04-17","When a congressional aide is killed, a Washington, D.C. journalist starts investigating the case involving the Representative, his old college friend.","53|80|9648",6.808,2227,11.6707,"2026-10-06"
19899,"Couples Retreat","2009-09-19","Four couples, all friends, descend on a tropical island resort. Though one husband and wife are there to work on their marriage, the others just want to enjoy some fun in the sun. They soon find, however, that paradise comes at a price: Participation in couples therapy sessions is mandatory. What started out as a cut-rate vacation turns into an examination of the common problems many face.","35|10749",5.6,2141,9.0798,"2026-10-06"
18126,"Hannah Montana: The Movie","2009-04-10","When Miley Stewart (aka pop-star Hannah Montana) gets too caught up in the superstar celebrity lifestyle, her dad decides it's time for a total change of scenery. But sweet niblets! Miley must trade in all the glitz and glamour of Hollywood for some ol' blue jeans on the family farm in Tennessee, and question if she can be both Miley Stewart and Hannah Montana.","35|18|10751|10402|10749",6.583,2134,6.0042,"2026-10-06"
17610,"Year One","2009-06-18","When a couple of lazy hunter-gatherers are banished from their primitive village, they set off on an epic journey through the ancient world.","35|12",5.005,2104,6.9687,"2026-10-06"
16523,"Where the Wild Things Are","2009-10-16","Max imagines running away from his mom and sailing to a far-off land where large talking beasts—Ira, Carol, Douglas, the Bull, Judith and Alexander—crown him as their king, play rumpus, build forts and discover secret hideaways.","12|18|10751|14",6.501,2079,6.6893,"2026-10-06"
19585,"G-Force","2009-07-24","A team of trained secret agent animals, guinea pigs Darwin, Hurley, Juarez, Blaster, mole Speckles, and fly Mooch takes on a mission for the US government to stop evil Leonard Saber, who plans to destroy the world with household appliances. But the government shuts them down and they are sentenced to a pet shop. Can they escape to defeat the villain and save the world?","10751|14|28|12|35",5.494,2059,11.3809,"2026-10-06"
18405,"The Last House on the Left","2009-03-13","When athletic teen Mari Collingwood opts to hang out with her friend Paige in town rather than spend an evening in with her parents vacationing at the family's remote lake house, it marks the beginning of a night no one is going to forget.","80|53|27|18",6.513,2027,8.7297,"2026-10-06"
16538,"I Love You, Man","2009-03-20","Peter Klaven is a successful real estate agent who, upon getting engaged to the woman of his dreams, Zooey, discovers, to his dismay and chagrin, that he has no male friend close enough to serve as his Best Man. Peter immediately sets out to rectify the situation, embarking on a series of bizarre and awkward ""man-dates.""","35|10749",6.569,2007,9.1501,"2026-10-06"
18480,"Brüno","2009-07-08","Flamboyantly gay Austrian television reporter Bruno stirs up trouble with unsuspecting guests and large crowds through brutally frank interviews and painfully hilarious public displays of homosexuality.","35",5.64,1992,5.1601,"2026-10-06"
22824,"The Fourth Kind","2009-11-05","Since the 1960s, a disproportionate number of the population in and around Nome, Alaska, have gone missing. Despite FBI investigations, the disappearances remain a mystery. Dr. Abigail Tyler, a psychologist, may be on the verge of blowing the unsolved cases wide open when, during the course of treating her patients, she finds evidence of alien abductions.","9648|878|53",6.399,1977,8.4147,"2026-10-06"
22825,"The Box","2009-10-29","Norma and Arthur Lewis, a suburban couple with a young child, receive a simple wooden box as a gift, which bears fatal and irrevocable consequences. A mysterious stranger delivers the message that the box promises to bestow upon its owner $1 million with the press of a button. However pressing this button will simultaneously cause the death of another human being somewhere in the world; someone they don't know. With just 24 hours to have the box in their possession, Norma and Arthur find themselves in the cross-hairs of a startling moral dilemma and must face the true nature of their humanity.","53|878",5.642,1953,5.3772,"2026-10-06"
22832,"Ninja Assassin","2009-09-29","Ninja Assassin follows Raizo, one of the deadliest assassins in the world. Taken from the streets as a child, he was transformed into a trained killer by the Ozunu Clan, a secret society whose very existence is considered a myth. But haunted by the merciless execution of his friend by the Clan, Raizo breaks free from them and vanishes. Now he waits, preparing to exact his revenge.","28|12|53",6.789,1903,13.1353,"2026-10-06"
19265,"Whatever Works","2009-06-19","Whatever Works explores the relationship between a crotchety misanthrope, Boris and a naïve, impressionable young runaway from the south, Melody. When Melody's uptight parents arrive in New York to rescue her, they are quickly drawn into wildly unexpected romantic entanglements. Everyone discovers that finding love is just a combination of lucky chance and appreciating the value of ""whatever works.""","35|10749",7.075,1892,5.0709,"2026-10-06"
13836,"Race to Witch Mountain","2009-03-13","A taxi driver gets more than he bargained for when he picks up two teen runaways. Not only does the pair possess supernatural powers, but they're also trying desperately to escape people who have made them their targets.","12|10751|14|878|53|28",5.796,1873,8.521,"2026-10-06"
26123,"American Pie Presents: The Book of Love","2009-12-02","Ten years after the first American Pie movie, three new hapless virgins discover the Bible hidden in the school library at East Great Falls High. Unfortunately for them, the book is ruined, and with incomplete advice, the Bible leads them on a hilarious journey to lose their virginity.","35",5.3,1869,7.5839,"2026-10-06"
25793,"Precious: Based on the Novel 'Push' by Sapphire","2009-11-06","In Harlem in 1987, Claireece ""Precious"" Jones is a 16-year-old African American girl born into a life no one would want. She's pregnant for the second time by her absent father, and at home she must wait hand and foot on her mother, an angry woman who abuses her emotionally and physically. School is chaotic and Precious has reached the ninth grade with good marks and a secret – she can't read.","18",7.3,1830,7.4829,"2026-10-06"
26736,"Wizards of Waverly Place: The Movie","2009-08-28","During a family vacation, Alex, a young witch, accidentally casts a curse on her loved ones. To reverse this, she tries to find a magical stone while her brother tries to keep their parents together.","10751|10770|12|35|14|28|18",7.3,1821,6.011,"2026-10-06"
19458,"Princess Protection Program","2009-06-08","When her nation is invaded, a young princess is taken into the Princess Protection Program. She is relocated to Louisiana, where she stays with a covert agent and his tomboyish daughter, and must learn how to behave like an ordinary teenager.","10751|10770|35|18",6.6,1778,5.0535,"2026-10-06"
27205,"Inception","2010-07-15","Cobb, a skilled thief who commits corporate espionage by infiltrating the subconscious of his targets is offered a chance to regain his old life as payment for a task considered to be impossible: ""inception"", the implantation of another person's idea into a target's subconscious.","28|878|12",8.374,40344,53.0887,"2026-10-06"
11324,"Shutter Island","2010-02-14","World War II soldier-turned-U.S. Marshal Teddy Daniels investigates the disappearance of a patient from a hospital for the criminally insane, but his efforts are compromised by troubling visions and a mysterious doctor.","18|53|9648",8.196,26528,39.6253,"2026-10-06"
10138,"Iron Man 2","2010-04-28","With the world now aware of his dual life as the armored superhero Iron Man, billionaire inventor Tony Stark faces pressure from the government, the press and the public to share his technology with the military. Unwilling to let go of his invention, Stark, with Pepper Potts and James 'Rhodey' Rhodes at his side, must forge new alliances – and confront powerful enemies.","12|28|878",6.855,22997,47.0979,"2026-10-06"
12444,"Harry Potter and the Deathly Hallows: Part 1","2010-11-17","Harry, Ron and Hermione walk away from their last year at Hogwarts to find and destroy the remaining Horcruxes, putting an end to Voldemort's bid for immortality. But with Harry's beloved Dumbledore dead and Voldemort's unscrupulous Death Eaters on the loose, the world is more dangerous than ever.","12|14",7.7,20862,35.578,"2026-10-06"
20352,"Despicable Me","2010-07-08","Determined to prove he's the world's greatest supervillain, Gru hatches an audacious plan to steal the Moon. To pull it off, he adopts three orphaned girls—Margo, Edith, and Agnes—intending to use them as pawns in his scheme. But the unexpected bond they form forces him to question the criminal life he's always known.","16|35|80|878|10751",7.3,16437,53.2698,"2026-10-06"
10193,"Toy Story 3","2010-06-16","Woody, Buzz, and the rest of Andy's toys haven't been played with in years. With Andy about to go to college, the gang find themselves accidentally left at a nefarious day care center. The toys must band together to escape and return home to Andy.","16|10751|35",7.817,16306,34.5738,"2026-10-06"
44214,"Black Swan","2010-12-03","A committed dancer struggles to maintain her sanity after winning the lead role in a production of Tchaikovsky's ""Swan Lake.""","18|53|27",7.683,15938,24.1935,"2026-10-06"
12155,"Alice in Wonderland","2010-03-03","Alice, now 19 years old, returns to the whimsical world she first entered as a child and embarks on a journey to discover her true destiny.","10751|14|12",6.643,15094,31.4846,"2026-10-06"
10191,"How to Train Your Dragon","2010-03-18","As the son of a Viking leader on the cusp of manhood, shy Hiccup Horrendous Haddock III faces a rite of passage: he must kill a dragon to prove his warrior mettle. But after downing a feared dragon, he realizes that he no longer wants to destroy it, and instead befriends the beast – which he names Toothless – much to the chagrin of his warrior father.","14|12|16|10751",7.9,14779,23.6168,"2026-10-06"
37799,"The Social Network","2010-10-01","In 2003, Harvard undergrad and computer programmer Mark Zuckerberg begins work on a new concept that eventually turns into the global social network known as Facebook. Six years later, Mark is one of the youngest billionaires ever, but his unprecedented success leads to both personal and legal complications when he ends up on the receiving end of two lawsuits, one involving his former friend.","18",7.4,13588,23.116,"2026-10-06"
38757,"Tangled","2010-11-24","Feisty teenager Rapunzel, who has long and magical hair, wants to go and see sky lanterns on her eighteenth birthday, but she's bound to a tower by her overprotective mother. She strikes a deal with Flynn Rider, a charming wanted thief, and the duo set off on an action-packed escapade.","16|10751|12",7.617,12743,32.3099,"2026-10-06"
23483,"Kick-Ass","2010-03-26","Dave Lizewski is an unnoticed high school student and comic book fan who one day decides to become a super-hero, even though he has no powers, training or meaningful reason to do so.","28|80",7.1,12680,15.2395,"2026-10-06"
45269,"The King's Speech","2010-11-26","The King's Speech tells the story of the man who became King George VI, the father of Queen Elizabeth II. After his brother abdicates, George ('Bertie') reluctantly assumes the throne. Plagued by a dreaded stutter and considered unfit to be king, Bertie engages the help of an unorthodox speech therapist named Lionel Logue. Through a set of unexpected techniques, and as a result of an unlikely friendship, Bertie is able to find his voice and boldly lead the country into war.","18|36",7.731,9554,18.5593,"2026-10-06"
24021,"The Twilight Saga: Eclipse","2010-06-23","Bella once again finds herself surrounded by danger as Seattle is ravaged by a string of mysterious killings and a malicious vampire continues her quest for revenge. In the midst of it all, she is forced to choose between her love for Edward and her friendship with Jacob, knowing that her decision has the potential to ignite the ageless struggle between vampire and werewolf. With her graduation quickly approaching, Bella is confronted with the most important decision of her life.","12|14|18|10749",6.186,9411,18.1943,"2026-10-06"
22538,"Scott Pilgrim vs. the World","2010-08-12","As bass guitarist for a garage-rock band, Scott Pilgrim has never had trouble getting a girlfriend; usually, the problem is getting rid of them. But when Ramona Flowers skates into his heart, he finds she has the most troublesome baggage of all: an army of ex-boyfriends who will stop at nothing to eliminate him from her list of suitors.","28|35|10749",7.485,8914,14.0716,"2026-10-06"
27578,"The Expendables","2010-08-07","Barney Ross leads a band of highly skilled mercenaries including knife enthusiast Lee Christmas, a martial arts expert Yin Yang, heavy weapons specialist Hale Caesar, demolitionist Toll Road, and a loose-cannon sniper Gunner Jensen. When the group is commissioned by the mysterious Mr. Church to assassinate the dictator of a small South American island, Barney and Lee visit the remote locale to scout out their opposition and discover the true nature of the conflict engulfing the city.","53|12|28",6.3,8495,25.5972,"2026-10-06"
44115,"127 Hours","2010-11-12","The true story of mountain climber Aron Ralston's remarkable adventure to save himself after a fallen boulder crashes on his arm and traps him in an isolated canyon in Utah.","12|18|53",7.091,8322,15.9132,"2026-10-06"
20526,"TRON: Legacy","2010-12-14","Sam Flynn, the tech-savvy and daring son of Kevin Flynn, investigates his father's disappearance and is pulled into The Grid. With the help of a mysterious program named Quorra, Sam quests to stop evil dictator Clu from crossing into the real world.","12|28|878",6.55,8189,22.3232,"2026-10-06"
10192,"Shrek Forever After","2010-05-16","A midlife-crisis burdened Shrek, longing for the days of when he felt like a real ogre, makes a pact with magic deal-maker Rumpelstiltskin. But when he's duped and sent to a twisted version of Far Far Away—where Rumpelstiltskin is king, ogres are hunted, and he and Fiona have never met—he sets out to restore his world and reclaim his true love.","35|12|14|16|10751",6.4,8155,31.7963,"2026-10-06"
32657,"Percy Jackson & the Olympians: The Lightning Thief","2010-02-01","Accident prone teenager, Percy discovers he's actually a demi-God, the son of Poseidon, and he is needed when Zeus' lightning is stolen. Percy must master his new found skills in order to prevent a war between the Gods that could devastate the entire world.","12|14|10751",6.2,7970,18.6428,"2026-10-06"
38055,"Megamind","2010-10-28","After Megamind, a highly intelligent alien supervillain, defeats his long-time nemesis Metro Man, Megamind creates a new hero to fight, but must act to save the city when his ""creation"" becomes an even worse villain than he was.","16|28|35|10751|878",7,7721,20.2497,"2026-10-06"
37735,"Easy A","2010-09-16","Olive, an average high school student, sees her below-the-radar existence turn around overnight once she decides to use the school's gossip grapevine to advance her social standing. Now her classmates are turning against her and the school board is becoming concerned, including her favorite teacher and the distracted guidance counselor. With the support of her hilariously idiosyncratic parents and a little help from a long-time crush, Olive attempts to take on her notorious new identity and crush the rumor mill once and for all.","35",6.8,7573,13.3029,"2026-10-06"
9543,"Prince of Persia: The Sands of Time","2010-05-19","A rogue prince reluctantly joins forces with a mysterious princess and together, they race against dark forces to safeguard an ancient dagger capable of releasing the Sands of Time – gift from the gods that can reverse time and allow its possessor to rule the world.","12|14|28",6.314,7361,13.466,"2026-10-06"
39514,"RED","2010-10-13","After surviving an assault from a squad of hit men, retired CIA black ops agent Frank Moses reassembles his old team for an all-out war. Frank reunites with old Joe, crazy Marvin and wily Victoria to uncover a massive conspiracy that threatens their lives. Only their expert training will allow them to survive a near-impossible mission -- breaking into CIA headquarters.","28|12|35|80|53",6.708,7322,13.5372,"2026-10-06"
20504,"The Book of Eli","2010-01-14","A post-apocalyptic tale, in which a lone man fights his way across America in order to protect a sacred book that holds the secrets to saving humankind.","28|53|878",6.811,6927,14.9382,"2026-10-06"
38365,"Grown Ups","2010-06-24","After their high school basketball coach passes away, five good friends and former teammates reunite for a Fourth of July holiday weekend.","35",6.4,6917,38.008,"2026-10-06"
18823,"Clash of the Titans","2010-03-26","Born of a god but raised as a man, Perseus is helpless to save his family from Hades, vengeful god of the underworld. With nothing to lose, Perseus volunteers to lead a dangerous mission to defeat Hades before he can seize power from Zeus and unleash hell on earth. Battling unholy demons and fearsome beasts, Perseus and his warriors will only survive if Perseus accepts his power as a god, defies fate and creates his own destiny.","12|14|28",5.9,6878,17.0564,"2026-10-06"
38575,"The Karate Kid","2010-06-10","12-year-old Dre Parker could've been the most popular kid in Detroit, but his mother's latest career move has landed him in China. Dre immediately falls for his classmate Mei Ying but the cultural differences make such a friendship impossible. Even worse, Dre's feelings make him an enemy of the class bully, Cheng. With no friends in a strange land, Dre has nowhere to turn but maintenance man Mr. Han, who is a kung fu master. As Han teaches Dre that kung fu is not about punches and parries, but maturity and calm, Dre realizes that facing down the bullies will be the fight of his life.","28|12|18|10751",6.6,6735,22.9903,"2026-10-06"
27576,"Salt","2010-07-21","As a CIA officer, Evelyn Salt swore an oath to duty, honor, and country. Her loyalty will be tested when a Russian defector accuses her of being a Russian sleeper spy. She goes on the run, using all her skills and years of experience as a covert operative to elude capture, protect her husband, and stay one step ahead of her colleagues at the CIA. Her efforts to prove her innocence only serve to cast doubt on her motives, as the hunt to uncover the truth behind her identity continues and the question remains: ""Who is Salt?""","28|9648|53",6.421,6098,9.0909,"2026-10-06"
10140,"The Chronicles of Narnia: The Voyage of the Dawn Treader","2010-12-02","This time around Edmund and Lucy Pevensie, along with their pesky cousin Eustace Scrubb find themselves swallowed into a painting and on to a fantastic Narnian ship headed for the very edges of the world.","12|10751|14",6.445,6034,11.8687,"2026-10-06"
41733,"Due Date","2010-11-03","Peter Highman must scramble across the US in five days to be present for the birth of his first child. He gets off to a bad start when his wallet and luggage are stolen, and put on the 'no-fly' list. Peter embarks on a terrifying journey when he accepts a ride from an actor.","35|18",6.393,6001,8.8494,"2026-10-06"
44264,"True Grit","2010-12-22","Following the murder of her father by a hired hand, a 14-year-old farm girl sets out to capture the killer. To aid her, she hires the toughest U.S. Marshal she can find—a man with 'true grit'—Reuben J. 'Rooster' Cogburn.","18|12|37",7.304,5948,12.099,"2026-10-06"
37710,"The Tourist","2010-12-08","American tourist Frank meets mysterious British woman Elise on the train to Venice. Romance seems to bud, but there's more to her than meets the eye.","28|53|10749",6.19,5880,12.9725,"2026-10-06"
23168,"The Town","2010-09-15","A proficient group of thieves rob a bank and hold the manager hostage. Things begin to get complicated when one of the crew members falls in love with her.","80|18|53",7.2,5867,14.7697,"2026-10-06"
43347,"Love & Other Drugs","2010-11-22","Maggie is an alluring free spirit who won't let anyone – or anything – tie her down. But she meets her match in Jamie, whose relentless and nearly infallible charm serves him well with the ladies and the cutthroat world of pharmaceutical sales. Maggie and Jamie's evolving relationship takes them both by surprise, as they find themselves under the influence of the ultimate drug: love.","18|35|10749",7.041,5742,16.7449,"2026-10-06"
27022,"The Sorcerer's Apprentice","2010-07-13","Balthazar Blake is a master sorcerer in modern-day Manhattan trying to defend the city from his arch-nemesis, Maxim Horvath. Balthazar can't do it alone, so he recruits Dave Stutler, a seemingly average guy who demonstrates hidden potential, as his reluctant protégé. The sorcerer gives his unwilling accomplice a crash course in the art and science of magic, and together, these unlikely partners work to stop the forces of darkness.","14|12|28",6.148,5405,13.2803,"2026-10-06"
20662,"Robin Hood","2010-05-12","When soldier Robin happens upon the dying Robert of Loxley, he promises to return the man's sword to his family in Nottingham. There, he assumes Robert's identity; romances his widow, Marion; and draws the ire of the town's sheriff and King John's henchman, Godfrey.","28|12|36|18",6.401,5168,11.7768,"2026-10-06"
34544,"The A-Team","2010-06-09","A man who loves when a plan comes together, Col. Hannibal Smith leads a close-knit team of elite operatives and Iraq War veterans. Framed for a crime they didn't commit, Smith and his men, Capt. H.M. ‘Howling Mad’ Murdock , Sgt. Bosco ‘B.A.’ Baracus, and Lt. Templeton ‘Faceman’ Peck, break out and go rogue, using their special talents to clear their names and find the perpetrator. Hot on their trail is Capt. Charissa Sosa, who was once involved with a member of Smith's team and has sworn to capture them, no matter what it takes.","28|35|80",6.4,5144,14.0884,"2026-10-06"
37834,"Knight and Day","2010-06-15","A fugitive couple goes on a glamorous and sometimes deadly adventure where nothing and no one – even themselves – are what they seem. Amid shifting alliances and unexpected betrayals, they race across the globe, with their survival ultimately hinging on the battle of truth vs. trust.","28|35",6.243,5058,15.8712,"2026-10-06"
45317,"The Fighter","2010-12-10","Boxer ""Irish"" Micky Ward's unlikely road to the world light welterweight title. His Rocky-like rise was shepherded by half-brother Dicky, a boxer-turned-trainer who rebounded in life after nearly being KO'd by drugs and crime.","18",7.375,4867,8.98,"2026-10-06"
34851,"Predators","2010-07-07","A group of cold-blooded killers find themselves trapped on an alien planet to be hunted by extraterrestrial Predators.","878|28|53",6.3,4807,12.3693,"2026-10-06"
27581,"The Other Guys","2010-08-06","Unlike their heroic counterparts on the force, desk-bound NYPD detectives Gamble and Hoitz garner no headlines as they work day to day. When a seemingly minor case turns out to be a big deal, the two cops get the opportunity to finally prove to their comrades that they have the right stuff.","35|28|80",6.342,4724,20.4861,"2026-10-06"
35791,"Resident Evil: Afterlife","2010-09-01","In a world ravaged by a virus infection, turning its victims into the Undead, Alice continues on her journey to find survivors and lead them to safety. Her deadly battle with the Umbrella Corporation reaches new heights, but Alice gets some unexpected help from an old friend. A new lead that promises a safe haven from the Undead takes them to Los Angeles, but when they arrive the city is overrun by thousands of Undead - and Alice and her comrades are about to step into a deadly trap.","28|12|27|878",6.062,4377,1.1801,"2026-10-06"
10196,"The Last Airbender","2010-06-30","A century has passed since the Fire Nation declared war on the other three nations of air, water, and earth in its attempt for global domination. Aang, the long-lost Avatar, is found by Water Tribe siblings Katara and Sokka and must learn to master water, earth, and fire bending to defeat the Fire Nation and restore balance to the world.","28|12|14",4.637,4376,15.3393,"2026-10-06"
22971,"Dear John","2010-02-04","While Sergeant John Tyree is home on two weeks leave from Germany, he meets Savannah after he dives into the ocean to retrieve Savannah's purse that had fallen off a pier. John eventually falls in love with Savannah, who promises to write to him until he returns from overseas.","18|10749|10752",6.8,4354,7.693,"2026-10-06"
44048,"Unstoppable","2010-11-04","When a massive, unmanned locomotive roars out of control, the threat is more ominous than just a derailment. The train is laden with toxic chemicals, and an accident would decimate human life and cause an environmental disaster. The only hope of bringing the train to a safe stop is in the hands of veteran engineer Frank Barnes, and young conductor Will Colson, who must risk their lives to save those in the runaway's path. Inspired by true events.","28|53",6.631,4032,11.9975,"2026-10-06"
23169,"Remember Me","2010-03-11","Still reeling from a heartbreaking family event and his parents' subsequent divorce, Tyler Hawkins discovers a fresh lease on life when he meets Ally Craig, a gregarious beauty who witnessed her mother's death. But as the couple draws closer, the fallout from their separate tragedies jeopardizes their love.","18|10749",7.098,3813,8.9669,"2026-10-06"
23631,"Machete","2010-09-01","After being set-up and betrayed by the man who hired him to assassinate a Texas Senator, an ex-Federale launches a brutal rampage of revenge against his former boss.","28|35|53",6.337,3666,6.8709,"2026-10-06"
46705,"Blue Valentine","2010-12-26","Dean and Cindy live a quiet life in a modest neighborhood. They appear to have the world at their feet at the outset of the relationship. However, his lack of ambition and her retreat into self-absorption cause potentially irreversible cracks in their marriage.","18|10749",6.97,3639,8.9291,"2026-10-06"
39451,"Little Fockers","2010-12-21","It has taken 10 years, two little Fockers with wife Pam and countless hurdles for Greg to finally get in with his tightly wound father-in-law, Jack. After the cash-strapped dad takes a job moonlighting for a drug company, Jack's suspicions about his favorite male nurse come roaring back. When Greg and Pam's entire clan descends for the twins' birthday party, Greg must prove to the skeptical Jack that he's fully capable as the man of the house.","35|10749",5.7,3537,12.3178,"2026-10-06"
43949,"Flipped","2010-08-06","When Juli meets Bryce in the second grade, she knows it's true love. After spending six years trying to convince Bryce the same, she's ready to give up - until he starts to reconsider.","10749|18",8.021,3432,9.4053,"2026-10-06"
35690,"The Last Song","2010-03-31","A drama centered on a rebellious girl who is sent to a Southern beach town for the summer to stay with her father. Through their mutual love of music, the estranged duo learn to reconnect.","18|10751|10749",7.229,3421,7.6497,"2026-10-06"
41439,"Saw 3D","2010-10-22","As a deadly battle rages over Jigsaw's brutal legacy, a group of Jigsaw survivors gathers to seek the support of self-help guru and fellow survivor Bobby Dagen, a man whose own dark secrets unleash a new wave of terror.","27|80",5.975,3407,8.6227,"2026-10-06"
38408,"Life As We Know It","2010-10-02","After a disastrous first date for caterer Holly and network sports director Messer, all they have in common is a dislike for each other and their love for their goddaughter Sophie. But when they suddenly become all Sophie has in this world, Holly and Messer must set their differences aside. Juggling careers and social calendars, they'll have to find common ground while living under the same roof.","35|10749|18",6.888,3340,9.7447,"2026-10-06"
46838,"Tucker and Dale vs. Evil","2010-01-22","Two hillbillies are suspected of being killers by a group of paranoid college kids camping near the duo's West Virginian cabin. As the body count climbs, so does the fear and confusion as the college kids try to seek revenge against the pair.","35|27",7.407,3327,8.2717,"2026-10-06"
32856,"Valentine's Day","2010-02-10","Intertwining couples and singles in Los Angeles break-up and make-up based on the pressures and expectations of Valentine's Day.","35|10749",5.93,3220,9.8212,"2026-10-06"
43539,"The Next Three Days","2010-11-18","Life seems perfect for John Brennan until his wife, Lara, is arrested for a murder she says she didn’t commit. Three years into her sentence, John is struggling to hold his family together, raising their son and teaching at college while he pursues every means available to prove her innocence. With the rejection of their final appeal, Lara becomes suicidal and John decides there is only one possible, bearable solution: to break his wife out of prison.","10749|18|53|80",7.092,3219,9.4873,"2026-10-06"
44040,"Devil","2010-09-16","A group of people are trapped in an elevator high above Philadelphia, and one of them is the Devil.","27|9648|53",6.101,3209,6.3669,"2026-10-06"
26388,"Buried","2010-09-24","As an American civilian truck driver working in Iraq, Paul Conroy's convoy is attacked by a group of Iraqi insurgents. Some time later, Paul awakes in a coffin with only a lighter, a cell phone, and his ever-growing anxiety. Faced with a dwindling oxygen supply and a dying battery, he must fight panic, despair, and delirium as he races against time to escape the claustrophobic death trap.","53",6.6,3161,6.0199,"2026-10-06"
35056,"Date Night","2010-04-08","Phil and Claire Foster fear that their mild-mannered relationship may be falling into a stale rut. During their weekly date night, their dinner reservation leads to their being mistaken for a couple of thieves—and now a number of unsavoury characters want Phil and Claire killed.","35|28|12",6.119,3154,8.508,"2026-10-06"
27573,"The Bounty Hunter","2010-03-16","Milo Boyd, a down-on-his-luck bounty hunter, thinks he's seeing an upswing in fortune when he gets a call to bring in his bail-jumping ex-wife, a reporter named Nicole. Milo considers the job an easy payday, but Nicole quickly escapes to chase a lead on a murder case. The former spouses play an escalating game of one-upmanship, until they suddenly find themselves on the run for their lives.","28|35|10749",5.856,3133,7.1722,"2026-10-06"
37056,"Letters to Juliet","2010-05-13","An American girl on vacation in Italy finds an unanswered ""letter to Juliet"" -- one of thousands of missives left at the fictional lover's Verona courtyard, which are typically answered by the ""secretaries of Juliet"" -- and she goes on a quest to find the lovers referenced in the letter.","35|18|10749",7.003,3064,10.178,"2026-10-06"
23437,"A Nightmare on Elm Street","2010-04-30","Teenagers Nancy, Quentin, Kris, Jesse and Dean are all neighborhood friends who begin having the same dream of a horribly disfigured man who wears a tattered sweater and a glove made of knives. The man terrorizes them in their dreams, and the only escape is to wake up. But when, one by one, they start dying violently, the friends realize that what happens in the dream world is real, and the only way to stay alive is to stay awake.","27|9648|53",5.522,2994,15.2324,"2026-10-06"
22894,"Legion","2010-01-21","When God loses faith in humankind, he sends his legion of angels to bring on the Apocalypse. Humanity's only hope for survival lies in a group of strangers trapped in an out-of-the-way, desert diner with the Archangel Michael.","28|14|27",5.911,2969,11.1051,"2026-10-06"
23048,"Hot Tub Time Machine","2010-03-26","Four pals are stuck in a rut in adulthood: Adam has just been dumped, Lou is a hopeless party animal, Nick is a henpecked husband, and Jacob does nothing but play video games in his basement. But they get a chance to brighten their future by changing their past after a night of heavy drinking in a ski-resort hot tub results in their waking up in 1986.","878|35|12",6,2842,9.0266,"2026-10-06"
41436,"Paranormal Activity 2","2010-10-20","Just as Daniel and Kristi welcome a newborn baby into their home, a demonic presence begins terrorizing them, tearing apart their perfect world and turning it into an inescapable nightmare.","27|9648",5.807,2712,6.0371,"2026-10-06"
38167,"Eat Pray Love","2010-08-12","A married woman realizes how unhappy her marriage really is, and that her life needs to go in a different direction. After a painful divorce, she takes off on a round-the-world journey to ""find herself"".","18|10749",6.244,2695,14.3729,"2026-10-06"
43947,"I Spit on Your Grave","2010-06-17","A beautiful woman from the city, Jennifer Hills, rents an isolated cabin in the country to write her latest novel. Soon, a group of local lowlifes subject her to a nightmare of degradation, rape, and violence.","53|80|27",6.5,2686,16.6725,"2026-10-06"
38745,"Gulliver's Travels","2010-12-23","Travel writer Lemuel Gulliver takes an assignment in Bermuda, but ends up on the island of Liliput, where he towers over its tiny citizens.","10751|35|12|14",5.227,2624,7.4918,"2026-10-06"
41216,"Legend of the Guardians: The Owls of Ga'Hoole","2010-07-10","When a young owl is abducted by an evil Owl army, he must escape with new-found friends and seek the legendary Guardians to stop the menace.","16|12|10751|14",6.844,2573,8.883,"2026-10-06"
42188,"Never Let Me Go","2010-03-18","As children, Kathy, Ruth, and Tommy spend their childhood at an idyllic and secluded English boarding school. As they grow into adults, they must come to terms with the complexity and strength of their love for one another while also preparing for the haunting reality awaiting them.","18|10749|878",6.847,2546,8.1164,"2026-10-06"
11439,"The Ghost Writer","2010-02-12","A writer stumbles upon a long-hidden secret when he agrees to help former British Prime Minister Adam Lang complete his memoirs on a remote island after the politician's assistant drowns in a mysterious accident.","53|9648",6.815,2540,6.4727,"2026-10-06"
37707,"Splice","2010-06-03","Elsa and Clive, two young rebellious scientists, defy legal and ethical boundaries and forge ahead with a dangerous experiment: splicing together human and animal DNA to create a new organism. Named ""Dren"", the creature rapidly develops from a deformed female infant into a beautiful but dangerous winged human-chimera, who forges a bond with both of her creators - only to have that bond turn deadly.","27|878",5.9,2534,6.8814,"2026-10-06"
43923,"It's Kind of a Funny Story","2010-10-08","A clinically depressed teenager gets a new start after he checks himself into an adult psychiatric ward.","35|18|10749",6.942,2523,5.2824,"2026-10-06"
26389,"From Paris with Love","2010-02-04","James Reese has a good job as an ambassador's aid in France, but his real passion is a side gig—working in a minor role in the CIA. He would love to be a full-fledged agent and can't believe his luck when he lands an assignment with Charlie Wax. Trigger-happy Charlie soon has James crying for his desk job, but when he learns that the same guys they're trying to catch are after him, James realises that Charlie may be his only hope of survival.","28|80|53",6.5,2473,14.7993,"2026-10-06"
43593,"Piranha 3D","2010-08-20","Each year the population of sleepy Lake Victoria, Arizona explodes from 5,000 to 50,000 residents for the annual Spring Break celebration. But then, an earthquake opens an underwater chasm, releasing an enormous swarm of ancient Piranha that have been dormant for thousands of years, now with a taste for human flesh. This year, there's something more to worry about than the usual hangovers and complaints from locals, a new type of terror is about to be cut loose on Lake Victoria.","35|27",5.4,2471,9.456,"2026-10-06"
22972,"Green Zone","2010-03-11","During the U.S.-led occupation of Baghdad in 2003, Chief Warrant Officer Roy Miller and his team of Army inspectors are dispatched to find weapons of mass destruction believed to be stockpiled in the Iraqi desert. Rocketing from one booby-trapped and treacherous site to the next, the men search for deadly chemical agents but stumble instead upon an elaborate cover-up that threatens to invert the purpose of their mission.","10752|28|12|18|53",6.484,2468,8.4846,"2026-10-06"
34016,"She's Out of My League","2010-03-11","When he starts dating drop-dead gorgeous Molly, insecure airport security agent Kirk can't believe it. As his friends and family share their doubts about the relationship lasting, Kirk does everything he can to avoid losing Molly forever.","10749|35",6.51,2435,12.1796,"2026-10-06"
42297,"Burlesque","2010-11-23","Ali leaves behind a troubled life and follows her dreams to Los Angeles, where she lands a job as a cocktail waitress at the Burlesque Lounge, a once-majestic theater that houses an inspired musical revue. Vowing to perform there, she makes the leap from bar to stage, helping restore the club's former glory.","18|10749",7.215,2414,7.5553,"2026-10-06"
29427,"The Crazies","2010-02-26","Four friends find themselves trapped in their small hometown after they discover their friends and neighbors going quickly and horrifically insane.","9648|27|28",6.3,2372,10.0076,"2026-10-06"
37821,"Killers","2010-06-04","When an elite assassin marries a beautiful computer whiz after a whirlwind romance, he gives up the gun and settles down with his new bride. That is, until he learns that someone from his past has put a contract out on his life.","28|35|53|10749",5.963,2356,6.0845,"2026-10-06"
41402,"Let Me In","2010-10-01","A bullied young boy befriends a young female vampire who lives in secrecy with her guardian.  A remake of the movie “Let The Right One In” which was an adaptation of a book.","18|27|9648",6.8,2282,10.5734,"2026-10-06"
19901,"Daybreakers","2010-01-06","In the year 2019, a plague has transformed almost every human into a vampire. Faced with a dwindling blood supply, the fractured dominant race plots their survival; meanwhile, a researcher works with a covert band of vampires on a way to save humankind.","28|14|878",6.3,2274,7.145,"2026-10-06"
37950,"Charlie St. Cloud","2010-07-30","Accomplished sailor Charlie St. Cloud has the adoration of his mother Claire and his little brother Sam, as well as a college scholarship that will lead him far from his sleepy Pacific Northwest hometown. But his bright future is cut short when tragedy strikes and takes his dreams with it. After high school classmate Tess returns home unexpectedly, Charlie grows torn between honoring a promise he made four years earlier and moving forward with newfound love. As he finds the courage to let go of the past for good, Charlie discovers the soul most worth saving is his own.","18|10749",6.974,2269,7.6946,"2026-10-06"
7978,"The Wolfman","2010-02-10","Lawrence Talbot, an American man on a visit to Victorian London to make amends with his estranged father, gets bitten by a werewolf and, after a moonlight transformation, leaves him with a savage hunger for flesh.","27",5.9,2262,11.6686,"2026-10-06"
25195,"Leap Year","2010-01-08","When yet another anniversary passes without a marriage proposal from her boyfriend, Anna decides to take action. Aware of a Celtic tradition that allows women to pop the question on Feb. 29, she plans to follow her lover to Dublin and ask him to marry her. Fate has other plans, however, and Anna winds up on the other side of the Emerald Isle with handsome, but surly, Declan -- an Irishman who may just lead Anna down the road to true love.","10749|35",6.894,2214,8.9377,"2026-10-06"
31867,"Repo Men","2010-03-18","In the future, medical technology has advanced to the point where people can buy artificial organs to extend their lives. But if they default on payments, an organization known as the Union sends agents to repossess the organs. Remy is one of the best agents in the business, but when he becomes the recipient of an artificial heart, he finds himself in the same dire straits as his many victims.","28|878|53|80",6.342,2199,7.7945,"2026-10-06"
41283,"Faster","2010-11-23","After 10 years in prison, Driver is now a free man with a single focus - hunting down the people responsible for brutally murdering his brother.","80|18|28|53",6.356,2176,8.1228,"2026-10-06"
23023,"Tooth Fairy","2010-01-14","When minor-league hockey player Derek Thompson -- who has a penchant for knocking out his opponents' teeth every time he plays -- disillusions a fan, he is sentenced to a stint for one week as a bona fide, tutu-clad, real-life tooth fairy. Soon, Derek is inspired to rekindle his youthful dreams.","35|10751|14",5.5,2158,6.9981,"2026-10-06"
44363,"Frozen","2010-02-05","When three skiers find themselves stranded on a chair lift at a New England ski resort that has closed for the next week, they are forced to make life or death choices that prove to be more perilous than staying put and freezing to death.","53",6,2088,7.1636,"2026-10-06"
41210,"The Switch","2010-08-20","Kassie is a smart, fun-loving single woman who, despite her neurotic best friend Wally’s objections, decides it’s time to have a baby – even if it means doing it herself… with a little help from a charming sperm donor. But, unbeknownst to her, Kassie’s plans go awry because of a last-minute switch that isn’t discovered until seven years later… when Wally gets acquainted with Kassie’s cute, though slightly neurotic, son.","35|10749|18",6.235,2088,7.1936,"2026-10-06"
39013,"Winter's Bone","2010-06-11","After discovering her father put their house up for his bail bond and then disappeared, 17-year-old Ree Dolly must confront the local criminal underworld and the harsh Ozark wilderness in order to to track down her father and save her family.","18|9648",6.773,2069,12.7383,"2026-10-06"
34647,"Enter the Void","2010-05-05","This psychedelic tour of life after death is seen entirely from the point of view of Oscar, a young American drug dealer and addict living in Tokyo with his prostitute sister, Linda. When Oscar is killed by police during a bust gone bad, his spirit journeys from the past -- where he sees his parents before their deaths -- to the present -- where he witnesses his own autopsy -- and then to the future, where he looks out for his sister from beyond the grave.","14|18",7.3,2064,6.1745,"2026-10-06"
34813,"The Losers","2010-04-23","On a mission deep in the Bolivian jungle, a team of elite commandos finds itself on the receiving end of a lethal betrayal. Now presumed dead, the men join forces with a mysterious operative named Aisha to hunt down their enemy and even the score.","28|12|80|9648|53",6.258,2061,10.803,"2026-10-06"
41233,"Step Up 3D","2010-08-04","A tight-knit group of New York City street dancers, including Luke and Natalie, team up with NYU freshman Moose, and find themselves pitted against the world's best hip-hop dancers in a high-stakes showdown that will change their lives forever.","18|10749",6.836,2051,9.1995,"2026-10-06"
32823,"Get Him to the Greek","2010-06-03","Pinnacle records has the perfect plan to get their sinking company back on track: a comeback concert in LA featuring Aldous Snow, a fading rockstar who has dropped off the radar in recent years. Record company intern Aaron Green is faced with the monumental task of bringing his idol, out of control rock star Aldous Snow, back to LA for his comeback show.","12|35|10402",5.965,2013,6.3765,"2026-10-06"
35019,"Nanny McPhee and the Big Bang","2010-03-26","Nanny McPhee appears at the door of a harried young mother who is trying to run the family farm while her husband is away at war. But once she’s arrived, Nanny discovers that the children are fighting a war of their own against two spoiled city cousins who have just moved in. Relying on everything from a flying motorcycle and a statue that comes to life to a tree-climbing piglet and a baby elephant, Nanny uses her magic to teach her mischievous charges five new lessons.","35|14|10751",6.3,2000,12.8904,"2026-10-06"
38778,"Dinner for Schmucks","2010-07-30","Rising executive Tim Conrad works for a boss who hosts a monthly dinner in which the guest who brings the biggest buffoon gets a career-boost. Tim plans on not attending until he meets Barry, a man who builds dioramas using stuffed mice. Barry's blundering but good intentions send Tim's life into a downward spiral, threatening a major business deal and possibly scuttling Tim's engagement to his fiancee.","35",5.727,1993,6.4635,"2026-10-06"
28211,"Chloe","2010-02-25","Catherine and David Stewart are a well-to-do couple living in a posh area of Toronto, but all is not well in paradise. Catherine suspects that David is cheating on her, so she hires an escort named Chloe to meet David and see if he gives in to temptation — but events spin out of control when Chloe spills the details of her torrid encounters.","18|53|9648",6.146,1927,5.1409,"2026-10-06"
8952,"I Love You Phillip Morris","2010-02-04","Steven Russell leads a seemingly average life – an organ player in the local church, happily married to Debbie, and a member of the local police force. That is until he has a severe car accident that leads him to the ultimate epiphany: he’s gay and he’s going to live life to the fullest – even if he has to break the law to do it. Taking on an extravagant lifestyle, Steven turns to cons and fraud to make ends meet and is eventually sent to the State Penitentiary where he meets the love of his life, a sensitive, soft-spoken man named Phillip Morris. His devotion to freeing Phillip from jail and building the perfect life together prompts him to attempt (and often succeed at) one impossible con after another.","35|80|18|10749",6.405,1873,4.1052,"2026-10-06"
1771,"Captain America: The First Avenger","2011-07-22","During World War II, Steve Rogers is a sickly man from Brooklyn who's transformed into super-soldier Captain America to aid in the war effort. Rogers must stop the Red Skull – Adolf Hitler's ruthless head of weaponry, and the leader of an organization that intends to use a mysterious device of untold powers for world domination.","28|12|878",7.013,23319,19.5593,"2026-10-06"
10195,"Thor","2011-04-21","Against his father Odin's will, The Mighty Thor - a powerful but arrogant warrior god - recklessly reignites an ancient war. Thor is cast down to Earth and forced to live among humans as punishment. Once here, Thor learns what it takes to be a true hero when the most dangerous villain of his world sends the darkest forces of Asgard to invade Earth.","12|14|28",6.772,22873,26.1159,"2026-10-06"
12445,"Harry Potter and the Deathly Hallows: Part 2","2011-07-12","Harry, Ron and Hermione continue their quest to vanquish the evil Voldemort once and for all. Just as things begin to look hopeless for the young wizards, Harry discovers a trio of magical objects that endow him with powers to rival Voldemort's formidable skills.","12|14",8.081,22522,36.3684,"2026-10-06"
1865,"Pirates of the Caribbean: On Stranger Tides","2011-05-15","When Jack crosses paths with a woman from his past, he's not sure if it's love...or if she's a ruthless con artist using him to find the fabled Fountain of Youth.","12|28|14",6.575,15294,28.3014,"2026-10-06"
64690,"Drive","2011-09-15","Driver is a skilled Hollywood stuntman who moonlights as a getaway driver for criminals. Though he projects an icy exterior, lately he's been warming up to a pretty neighbor named Irene and her young son, Benicio. When Irene's husband gets out of jail, he enlists Driver's help in a million-dollar heist. The job goes horribly wrong, and Driver must risk his life to protect Irene and Benicio from the vengeful masterminds behind the robbery.","18|53|80",7.583,14078,17.6678,"2026-10-06"
49538,"X-Men: First Class","2011-06-01","Before Charles Xavier and Erik Lensherr took the names Professor X and Magneto, they were two young men discovering their powers for the first time. Before they were arch-enemies, they were closest of friends, working together with other mutants (some familiar, some new), to stop the greatest threat the world has ever known.","28|878|12",7.307,13913,1.2928,"2026-10-06"
61791,"Rise of the Planet of the Apes","2011-08-03","A highly intelligent chimpanzee named Caesar has been living a peaceful suburban life ever since he was born. But when he gets taken to a cruel primate facility, Caesar decides to revolt against those who have harmed him.","53|28|18|878",7.354,13121,24.395,"2026-10-06"
49530,"In Time","2011-10-27","In the not-too-distant future, the aging gene has been switched off. To avoid overpopulation, time has become the currency and the way people pay for luxuries and necessities. The rich can live forever, while the rest struggle to negotiate for their immortality. A poor young man who suddenly comes into a fortune of time finds himself on the run from a corrupt police force known as the ""time keepers"".","28|53|878",6.971,12468,20.0897,"2026-10-06"
51876,"Limitless","2011-03-17","The life of an unsuccessful writer is transformed by a top-secret 'smart drug' that allows him to use 100% of his brain and become a perfect version of himself. His enhanced abilities soon attract shadowy forces that threaten his new life.","53|9648|878",7.206,11793,11.4671,"2026-10-06"
45243,"The Hangover Part II","2011-05-25","The Hangover crew heads to Thailand for Stu's wedding. After the disaster of a bachelor party in Las Vegas last year, Stu is playing it safe with a mellow pre-wedding brunch. However, nothing goes as planned and Bangkok is the perfect setting for another adventure with the rowdy group.","35",6.514,11591,18.5236,"2026-10-06"
58574,"Sherlock Holmes: A Game of Shadows","2011-11-22","There is a new criminal mastermind at large (Professor Moriarty) and not only is he Holmes’ intellectual equal, but his capacity for evil and lack of conscience may give him an advantage over the detective.","28|12|9648",7.147,11188,11.8149,"2026-10-06"
56292,"Mission: Impossible - Ghost Protocol","2011-12-07","Ethan Hunt and his team are racing against time to track down a dangerous terrorist named Hendricks, who has gained access to Russian nuclear launch codes and is planning a strike on the United States. An attempt to stop him ends in an explosion causing severe destruction to the Kremlin and the IMF to be implicated in the bombing, forcing the President to disavow them. No longer being aided by the government, Ethan and his team chase Hendricks around the globe, although they might still be too late to stop a disaster.","28|53|12",7.118,11052,20.8475,"2026-10-06"
39254,"Real Steel","2011-09-28","Charlie Kenton is a washed-up fighter who retired from the ring when robots took over the sport. After his robot is trashed, he reluctantly teams up with his estranged son to rebuild and train an unlikely contender.","28|878|18",7.152,9609,39.3052,"2026-10-06"
50646,"Crazy, Stupid, Love.","2011-07-29","Cal Weaver is living the American dream. He has a good job, a beautiful house, great children and a beautiful wife, named Emily. Cal's seemingly perfect life unravels, however, when he learns that Emily has been unfaithful and wants a divorce. Over 40 and suddenly single, Cal is adrift in the fickle world of dating. Enter, Jacob Palmer, a self-styled player who takes Cal under his wing and teaches him how to be a hit with the ladies.","35|18|10749",7.277,9555,22.0761,"2026-10-06"
45612,"Source Code","2011-03-30","When decorated soldier Captain Colter Stevens wakes up in the body of an unknown man, he discovers he's part of a mission to find the bomber of a Chicago commuter train.","53|878|9648",7.312,9455,15.9172,"2026-10-06"
50619,"The Twilight Saga: Breaking Dawn - Part 1","2011-11-16","Bella Swan and Edward Cullen's honeymoon phase is abruptly disrupted by betrayals and unforeseen tragedies that endanger their world.","12|14|10749",6.184,9438,20.8027,"2026-10-06"
50014,"The Help","2011-08-09","Aibileen Clark is a middle-aged African-American maid who has spent her life raising white children and has recently lost her only son; Minny Jackson is an African-American maid who has often offended her employers despite her family's struggles with money and her desperate need for jobs; and Eugenia ""Skeeter"" Phelan is a young white woman who has recently moved back home after graduating college to find out her childhood maid has mysteriously disappeared. These three stories intertwine to explain how life in Jackson, Mississippi revolves around ""the help""; yet they are always kept at a certain distance because of racial lines.","18",8.207,9317,25.235,"2026-10-06"
38356,"Transformers: Dark of the Moon","2011-06-28","The Autobots continue to work for NEST, now no longer in secret. But after discovering a strange artifact during a mission in Chernobyl, it becomes apparent to Optimus Prime that the United States government has been less than forthright with them.","28|878|12",6.2,9199,4.7564,"2026-10-06"
51497,"Fast Five","2011-04-20","Former cop Brian O'Conner partners with ex-con Dom Toretto on the opposite side of the law. Since Brian and Mia Toretto broke Dom out of custody, they've blown across many borders to elude authorities. Now backed into a corner in Rio de Janeiro, they must pull one last job in order to gain their freedom.","28|53|80",7.2,9119,2.5718,"2026-10-06"
49013,"Cars 2","2011-06-11","Star race car Lightning McQueen and his pal Mater head overseas to compete in the World Grand Prix race. But the road to the championship becomes rocky as Mater gets caught up in an intriguing adventure of his own: international espionage.","16|10751|12|35",6.193,8739,30.2477,"2026-10-06"
50544,"Friends with Benefits","2011-07-21","Dylan is done with relationships. Jamie decides to stop buying into the Hollywood clichés of true love. When the two become friends they decide to try something new and take advantage of their mutual attraction - but without any emotional attachment.","10749|35",6.642,8542,13.0764,"2026-10-06"
49444,"Kung Fu Panda 2","2011-05-25","Po is finally living the dream as the Dragon Warrior—until a shadow from his past comes roaring back. When the ruthless peacock Lord Shen unleashes a devastating new weapon used to wipe out kung fu masters across the land, Po and the Furious Five race across China to put an end to his plans. But if Po is to have any hope of stopping him, he must first confront the truth of his origins—and find inner peace before his past tears him apart.","16|10751|35|28",7.1,8172,23.3906,"2026-10-06"
59436,"Midnight in Paris","2011-05-11","While on a trip to Paris with his fiancée's family, a nostalgic screenwriter finds himself mysteriously going back to the 1920s every day at midnight.","14|35|10749",7.5,7914,13.1535,"2026-10-06"
44912,"Green Lantern","2011-06-14","For centuries, a small but powerful force of warriors called the Green Lantern Corps has sworn to keep intergalactic order. Each Green Lantern wears a ring that grants him superpowers. But when a new enemy called Parallax threatens to destroy the balance of power in the Universe, their fate and the fate of Earth lie in the hands of the first human ever recruited.","12|28|878",5.2,7892,20.3944,"2026-10-06"
44826,"Hugo","2011-11-22","Orphaned and alone except for an uncle, Hugo Cabret lives in the walls of a train station in 1930s Paris. Hugo's job is to oil and maintain the station's clocks, but to him, his more important task is to protect a broken automaton and notebook left to him by his late father. Accompanied by the goddaughter of an embittered toy merchant, Hugo embarks on a quest to solve the mystery of the automaton and find a place he can call home.","12|18|10751",7.2,7849,8.4919,"2026-10-06"
65754,"The Girl with the Dragon Tattoo","2011-12-14","Disgraced journalist Mikael Blomkvist investigates the disappearance of a weary patriarch's niece from 40 years ago. He is aided by the pierced, tattooed, punk computer hacker named Lisbeth Salander. As they work together in the investigation, Blomkvist and Salander uncover immense corruption beyond anything they have ever imagined.","53|80|9648",7.386,7834,12.4635,"2026-10-06"
49018,"Insidious","2011-03-31","A family discovers that dark spirits have invaded their home after their son inexplicably falls into an endless sleep. When they reach out to a professional for help, they learn things are a lot more personal than they thought.","27|53",6.96,7642,21.8185,"2026-10-06"
46195,"Rio","2011-04-03","Captured by smugglers when he was just a hatchling, a macaw named Blu never learned to fly and lives a happily domesticated life in Minnesota with his human friend, Linda. Blu is thought to be the last of his kind, but when word comes that Jewel, a lone female, lives in Rio de Janeiro, Blu and Linda go to meet her. Animal smugglers kidnap Blu and Jewel, but the pair soon escape and begin a perilous adventure back to freedom -- and Linda.","16|12|35|10751",6.773,7360,16.6133,"2026-10-06"
44896,"Rango","2011-03-02","When Rango, a lost family pet, accidentally winds up in the gritty, gun-slinging Western town of Dirt, the theater-loving lizard suddenly finds himself the newly appointed sheriff. Welcomed as the last hope the town has been waiting for, Rango is forced to play his new role to the hilt and uncover the truth behind a looming water crisis—before his act catches up with him.","16|35|10751|37|12",6.921,7347,14.0986,"2026-10-06"
37686,"Super 8","2011-06-09","In late 1970s Ohio, a group of friends filming a homemade zombie movie witness a devastating train derailment. Soon after, their quiet town is gripped by unexplained disappearances, strange phenomena, and a growing sense of fear, as they uncover that something terrifying has been set loose.","53|878|9648",6.782,7319,11.3107,"2026-10-06"
51540,"Horrible Bosses","2011-07-08","For Nick, Kurt and Dale, the only thing that would make the daily grind more tolerable would be to grind their intolerable bosses into dust. Quitting is not an option, so, with the benefit of a few-too-many drinks and some dubious advice from a hustling ex-con, the three friends devise a convoluted and seemingly foolproof plan to rid themselves of their respective employers... permanently.","35|80",6.573,6998,13.9015,"2026-10-06"
39538,"Contagion","2011-09-08","As an epidemic of a lethal airborne virus - that kills within days - rapidly grows, the worldwide medical community races to find a cure and control the panic that spreads faster than the virus itself.","18|53|878",6.656,6744,10.1418,"2026-10-06"
39513,"Paul","2011-02-14","For the past 60 years, a space-traveling smart-ass named Paul has been locked up in a top-secret military base, advising world leaders about his kind. But when he worries he’s outlived his usefulness and the dissection table is drawing uncomfortably close, Paul escapes on the first RV that passes by his compound in Area 51. Fortunately, it contains the two earthlings who are most likely to rescue and harbor an alien on the run.","12|35|878",6.8,6500,8.7398,"2026-10-06"
50546,"Just Go with It","2011-02-10","While romancing Palmer, a much younger schoolteacher, plastic surgeon Danny Maccabee enlists his loyal assistant Katherine to pretend to be his soon to be ex-wife, in order to cover up a careless lie. When more lies backfire, Katherine's kids become involved, and everyone heads off for a weekend in Hawaii that will change all their lives.","35|10749",6.705,6264,17.5827,"2026-10-06"
60308,"Moneyball","2011-09-23","The story of Oakland Athletics general manager Billy Beane's successful attempt to put together a baseball team on a budget, by employing computer-generated analysis to draft his players.","18",7.3,6032,12.8363,"2026-10-06"
17578,"The Adventures of Tintin","2011-10-24","Intrepid young reporter, Tintin, and his loyal dog, Snowy, are thrust into a world of high adventure when they discover a ship carrying an explosive secret. As Tintin is drawn into a centuries-old mystery, Ivan Ivanovitch Sakharine suspects him of stealing a priceless treasure. Tintin and Snowy, with the help of salty, cantankerous Captain Haddock and bumbling detectives, Thompson and Thomson, travel half the world, one step ahead of their enemies, as Tintin endeavors to find the Unicorn, a sunken ship that may hold a vast fortune, but also an ancient curse.","12|16|9648",6.934,5998,13.7229,"2026-10-06"
49849,"Cowboys & Aliens","2011-07-29","A stranger stumbles into the desert town of Absolution with no memory of his past and a futuristic shackle around his wrist. With the help of mysterious beauty Ella and the iron-fisted Colonel Dolarhyde, he finds himself leading an unlikely posse of cowboys, outlaws, and Apache warriors against a common enemy from beyond this world in an epic showdown for survival.","878|37",5.712,5643,11.8696,"2026-10-06"
23629,"Sucker Punch","2011-03-24","A young woman, institutionalized by her abusive stepfather, retreats into a vivid fantasy world where she envisions a plan to escape. Gathering a group of fellow inmates, she embarks on a quest to collect five mystical items, blurring the lines between reality and imagination.","28|14|53",6.21,5262,13.5884,"2026-10-06"
59440,"Warrior","2011-09-09","The youngest son of an alcoholic former boxer returns home, where he's trained by his father for competition in a mixed martial arts tournament – a path that puts the fighter on a collision course with his estranged, older brother.","18|28",7.842,5165,9.5883,"2026-10-06"
46529,"I Am Number Four","2011-02-18","A teenage fugitive with an incredible secret races to stay one step ahead of the mysterious forces seeking destroy him. With three dead and one on the run, the race to find the elusive Number Four begins. Outwardly normal teen John Smith never gets too comfortable in the same identity, and along with his guardian, Henri, he is constantly moving from town to town. With each passing day, John gains a stronger grasp on his extraordinary new powers, and his bond to the beings that share his fantastic fate grows stronger.","28|53|878|12",6.2,5148,12.7818,"2026-10-06"
38050,"The Adjustment Bureau","2011-03-03","A man glimpses the future Fate has planned for him – and chooses to fight for his own destiny. Battling the powerful Adjustment Bureau across, under and through the streets of New York, he risks his destined greatness to be with the only woman he's ever loved.","878|53|10749",6.794,5106,11.9826,"2026-10-06"
41630,"No Strings Attached","2011-01-21","Emma is a busy doctor who sets up a seemingly perfect arrangement when she offers her best friend Adam a relationship with one rule: No strings attached. But when a fling becomes a thing, can sex friends stay best friends?","35|10749",6.301,5088,23.6504,"2026-10-06"
52449,"Bad Teacher","2011-05-16","A lazy, incompetent middle school teacher who hates her job and her students is forced to return to her job to make enough money for a boob job after her rich fiancé dumps her.","35",5.613,5060,10.8046,"2026-10-06"
55721,"Bridesmaids","2011-05-13","Annie's life is a mess. But when she finds out her lifetime best friend is engaged, she simply must serve as Lillian's maid of honor. Though lovelorn and broke, Annie bluffs her way through the expensive and bizarre rituals. With one chance to get it perfect, she’ll show Lillian and her bridesmaids just how far you’ll go for someone you love.","35|10749",6.5,4790,12.5106,"2026-10-06"
417859,"Puss in Boots","2011-10-27","Long before he even met Shrek, the notorious fighter, lover and outlaw Puss in Boots becomes a hero when he sets off on an adventure with the tough and street smart Kitty Softpaws and the mastermind Humpty Dumpty to save his town. This is the true story of The Cat, The Myth, The Legend... The Boots.","28|12|16|35|10751",6.6,4774,22.611,"2026-10-06"
51828,"One Day","2011-03-02","After spending the night together on the eve of their college graduation, Dexter and Emma are shown each year on the same date to see where they are in their lives. They are sometimes together, and sometimes not.","18|10749",7.421,4636,8.6912,"2026-10-06"
41446,"Scream 4","2011-04-13","Fifteen years after the original Woodsboro murders, Sidney Prescott returns home to promote her new book about surviving trauma, only for a new Ghostface killer to emerge, targeting a new group of teens.","27|9648",6.483,4324,14.8974,"2026-10-06"
48138,"Unknown","2011-02-16","A man awakens from a coma, only to discover that someone has taken on his identity and that no one, (not even his wife), believes him. With the help of a young woman, he sets out to prove who he is.","28|9648|53",6.698,4308,8.3376,"2026-10-06"
40807,"50/50","2011-09-30","Inspired by a true story, a comedy centered on a 27-year-old guy who learns of his cancer diagnosis and his subsequent struggle to beat the disease.","35|18",7.202,4281,5.9099,"2026-10-06"
55779,"Final Destination 5","2011-08-12","Death is just as omnipresent as ever, and is unleashed after one man’s premonition saves a group of coworkers from a terrifying suspension bridge collapse. But this group of unsuspecting souls was never supposed to survive, and, in a terrifying race against time, the ill-fated group frantically tries to discover a way to escape Death’s sinister agenda.","27|9648",6.2,4252,15.1392,"2026-10-06"
71676,"Ghost Rider: Spirit of Vengeance","2011-12-10","When the devil resurfaces with aims to take over the world in human form, Johnny Blaze reluctantly comes out of hiding to transform into the flame-spewing supernatural hero Ghost Rider -- and rescue a 10-year-old boy from an unsavory end.","28|14|53",5.022,4210,13.9796,"2026-10-06"
41513,"The Smurfs","2011-07-29","When the evil wizard Gargamel chases the tiny blue Smurfs out of their village, they tumble from their magical world and into ours -- in fact, smack dab in the middle of Central Park. Just three apples high and stuck in the Big Apple, the Smurfs must find a way to get back to their village before Gargamel tracks them down.","16|10751|12|35|14",5.8,4095,16.3522,"2026-10-06"
62215,"Melancholia","2011-03-16","Two sisters find their already strained relationship challenged as a mysterious new planet threatens to collide with Earth.","18|878",7.1,3955,6.3669,"2026-10-06"
82520,"Return","2011-02-10","Back from a tour of duty, Kelli struggles to find her place in her family and the rust-belt town she no longer recognizes.","18",6.436,3929,1.4081,"2026-10-06"
44943,"Battle: Los Angeles","2011-03-08","When once distant UFOs become a terrifying threat and an alien invasion force begins attacking Earths major costal and riverside cities, a U.S Marine staff sergeant and his team are sent into battle only to find they must take it upon themselves to defeat an unknown enemy and protect what remains of Los Angeles.","878|28",5.832,3865,10.9288,"2026-10-06"
50456,"Hanna","2011-04-07","Raised by her father, an ex-CIA agent, in the wilds of Finland, Hanna's upbringing has been geared to making her the perfect assassin. Sent into the world by her father on a mission, Hanna journeys across Europe, eluding agents dispatched after her by a ruthless intelligence operative. As she nears her ultimate target, Hanna faces startling revelations about her existence.","28|53|12",6.589,3789,5.6844,"2026-10-06"
50348,"The Lincoln Lawyer","2011-03-17","Mick Haller is a charismatic defense attorney who does business out of his Lincoln Continental sedan. Mick spends most of his time defending petty crooks and other bottom-feeders, so it comes as quite a surprise when he lands the case of a lifetime: defending a Beverly Hills playboy who is accused of attempted murder. However, what Mick initially thinks is an open-and-shut case with a big monetary reward develops into something more sinister.","80|18|53",7.208,3788,9.7626,"2026-10-06"
57212,"War Horse","2011-12-25","On the brink of the First World War, Albert's beloved horse Joey is sold to the Cavalry by his father. Against the backdrop of the Great War, Joey begins an odyssey full of danger, joy, and sorrow, and he transforms everyone he meets along the way. Meanwhile, Albert, unable to forget his equine friend, searches the battlefields of France to find Joey and bring him home.","10752|36|18",7.305,3781,10.3985,"2026-10-06"
27582,"The Mechanic","2011-01-13","Arthur Bishop is a 'mechanic' - an elite assassin with a strict code requiring professional perfection and total detachment. One of an elite group of assassins, Bishop may be the best in the business - with a unique talent for cleanly eliminating targets. When Harry McKenna, his close friend and mentor, is murdered, Harry's son comes to him with vengeance in his heart and a desire to learn Bishop's trade, signaling the birth of a deadly partnership.","28|53|80",6.546,3736,13.1749,"2026-10-06"
58233,"Johnny English Reborn","2011-09-15","The most prominent heads of state in the world begin gathering for a conference that could have a major impact on global politics. When MI-7 receives word that the Chinese premier has become the target of some high-powered killers, it falls on Johnny English to save the day. Armed with the latest high-tech weaponry and gadgets that would make even James Bond jealous, the once-disgraced agent uncovers evidence of a massive conspiracy involving some of the world's most powerful organisations, and vows to redeem his tarnished reputation by stopping the killers before they can strike.","80|28|35",6.254,3688,9.5178,"2026-10-06"
40805,"The Green Hornet","2011-01-12","Britt Reid, the heir to the largest newspaper fortune in Los Angeles, is a spoiled playboy who has been, thus far, happy to lead an aimless life. After his father dies, Britt meets Kato, a resourceful company employee. Realizing that they have the talent and resources to make something of their lives, Britt and Kato join forces as costumed crime-fighters to bring down the city's most-powerful criminal, Chudnofsky.","28|80|35",5.597,3577,10.8799,"2026-10-06"
76025,"Shame","2011-10-02","Brandon, a thirty-something man living in New York, eludes intimacy with women but feeds his deepest desires with a compulsive addiction to sex. When his younger sister temporarily moves into his apartment, stirring up bitter memories of their shared painful past, Brandon's life, like his fragile mind, gets out of control.","18",6.925,3534,9.258,"2026-10-06"
8967,"The Tree of Life","2011-05-17","The impressionistic story of a Texas family in the 1950s. The film follows the life journey of the eldest son, Jack, through the innocence of childhood to his disillusioned adult years as he tries to reconcile a complicated relationship with his father. Jack finds himself a lost soul in the modern world, seeking answers to the origins and meaning of life while questioning the existence of faith.","18|14",6.7,3429,9.2112,"2026-10-06"
49730,"Red Riding Hood","2011-03-10","Valerie is in love with a brooding outsider, Peter, but her parents have arranged for her to marry another man. Unwilling to lose each other, Valerie and Peter plan to run away together when Valerie's older sister is killed by a werewolf that prowls the dark forest surrounding their village. Panic grips the town as Valerie discovers that she has a unique connection to the beast--one that inexorably draws them together, making her both suspect ... and bait.","53|18|14|9648|27|10749",6,3368,12.6246,"2026-10-06"
60935,"The Thing","2011-10-12","When paleontologist Kate Lloyd travels to an isolated outpost in Antarctica for the expedition of a lifetime, she joins an international team that unearths a remarkable discovery. Their elation quickly turns to fear as they realize that their experiment has freed a mysterious being from its frozen prison. Paranoia spreads like an epidemic as a creature that can mimic anything it touches will pit human against human as it tries to survive and flourish in this spine-tingling thriller.","27|878|9648",6.3,3351,14.6857,"2026-10-06"
59108,"Tower Heist","2011-11-02","A luxury condo manager leads a staff of workers to seek payback on the Wall Street swindler who defrauded them. With only days until the billionaire gets away with the perfect crime, the unlikely crew of amateur thieves enlists the help of petty crook Slide to steal the $20 million they’re sure is hidden in the penthouse.","28|35",6.119,3282,8.6302,"2026-10-06"
58224,"Mr. Popper's Penguins","2011-06-17","Tom Popper is a successful businessman who’s clueless when it comes to the really important things in life...until he inherits six “adorable” penguins, each with its own unique personality. Soon Tom’s rambunctious roommates turn his swank New York apartment into a snowy winter wonderland — and the rest of his world upside-down.","35|10751",5.979,3254,10.9614,"2026-10-06"
72113,"Carnage","2011-09-16","Two pairs of parents hold a cordial meeting after their sons are involved in a fight, though as their time together progresses, increasingly childish behavior throws the discussion into chaos.","35|18",7.163,3232,5.0377,"2026-10-06"
71859,"We Need to Talk About Kevin","2011-09-28","After her son Kevin commits a horrific act, troubled mother Eva reflects on her complicated relationship with her disturbed son as he grew from a toddler into a teenager.","18|53",7.529,3221,8.3875,"2026-10-06"
65057,"The Descendants","2011-09-09","With his wife Elizabeth on life support after a boating accident, Hawaiian land baron Matt King takes his daughters on a trip from Oahu to Kauai to confront a young real estate broker, who was having an affair with Elizabeth before her misfortune.","35|18",6.83,3164,10.4509,"2026-10-06"
59965,"Abduction","2011-09-22","For many years, Nathan Harper has had the uneasy feeling that life with his family isn't quite what it seems. As he draws closer to uncovering the truth, he is hunted by assassins, forcing him to flee with his neighbor, Karen, the only person he can trust.","53|28|9648",5.84,3090,7.8363,"2026-10-06"
49520,"The Change-Up","2011-08-05","Lifelong friends Dave and Mitch are envious of the other's life. Mitch thinks Dave has it all: a beautiful, loving family and a high-paying job at a prestigious law firm. But Dave thinks Mitch’s stress-free playboy life without obligation or consequence is the real dream come true. One fateful drunken night, they both admit that they wish they had the other’s life while peeing in a fountain when lightning strikes. The next morning, they wake up, hungover, in each other’s bodies! With time not on their side, Mitch and Dave comically struggle to avoid completely destroying each other’s lives before they can find a way to get their old ones back.","35",6.158,3068,12.8147,"2026-10-06"
74465,"We Bought a Zoo","2011-11-26","Benjamin has lost his wife and, in a bid to start his life over, purchases a large house that has a zoo – welcome news for his daughter, but his son is not happy about it. The zoo is in need of renovation and Benjamin sets about the work with the head keeper and the rest of the staff, but, the zoo soon runs into financial trouble.","18|35|10751",6.839,3028,12.4096,"2026-10-06"
49517,"Tinker Tailor Soldier Spy","2011-09-16","George Smiley, the aging master spy of the Cold War and once heir apparent to Control, is brought back out of retirement to flush out a top level mole within the Circus. Smiley must travel back through his life and murky workings of the Circus to unravel the net spun by his nemesis Karla 'The Sandman' of the KGB and reveal the identity of the mole before he disappears.","18|53|9648",6.618,3021,8.8414,"2026-10-06"
62835,"Colombiana","2011-07-27","After witnessing her parents’ murder as a child in Bogota, Cataleya Restrepo grows up to be a stone-cold assassin. She works for her uncle as a hitman by day, but her personal time is spent engaging in vigilante murders that she hopes will lead her to her ultimate target: the mobster responsible for her parents' death.","28|53|80|18",6.649,2961,11.6594,"2026-10-06"
37958,"Immortals","2011-11-10","Theseus is a mortal man chosen by Zeus to lead the fight against the ruthless King Hyperion, who is on a rampage across Greece to obtain a weapon that can destroy humanity.","14|28|18",6.1,2913,8.9244,"2026-10-06"
38117,"Beastly","2011-01-21","A modern-day take on the ""Beauty and the Beast"" tale where a New York teen is transformed into a hideous monster in order to find true love.","10749|14|18",6.299,2899,10.4264,"2026-10-06"
52451,"The Three Musketeers","2011-08-31","The hot-headed young D'Artagnan along with three former legendary but now down on their luck Musketeers must unite and defeat a beautiful double agent and her villainous employer from seizing the French throne and engulfing Europe in war.","12|28|53",5.8,2863,10.0499,"2026-10-06"
10316,"The Ides of March","2011-10-07","Dirty tricks stand to soil an ambitious young press spokesman's idealism in a cutthroat presidential campaign where 'victory' is relative.","18",6.677,2809,7.9168,"2026-10-06"
23047,"Season of the Witch","2011-01-07","A 14th century Crusader returns with his comrade to a homeland devastated by the Black Plague. The Church commands the two knights to transport a witch to a remote abbey, where monks will perform a ritual in hopes of ending the pestilence.","12|14|28",5.534,2738,9.3329,"2026-10-06"
55787,"Water for Elephants","2011-04-15","In this captivating Depression-era melodrama, impetuous veterinary student Jacob Jankowski joins a celebrated circus as an animal caretaker but faces a wrenching dilemma when he's transfixed by angelic married performer Marlena.","18|10749",6.927,2669,7.0847,"2026-10-06"
88794,"J. Edgar","2011-11-09","As the face of law enforcement in the United States for almost 50 years, J. Edgar Hoover was feared and admired, reviled and revered. But behind closed doors, he held secrets that would have destroyed his image, his career, and his life.","18|80|36",6.23,2647,4.6606,"2026-10-06"
38321,"Priest","2011-05-05","In an alternate world, humanity and vampires have warred for centuries. After the last Vampire War, the veteran Warrior Priest lives in obscurity with other humans inside one of the Church's walled cities. When the Priest's niece is kidnapped by vampires, the Priest breaks his vows to hunt them down. He is accompanied by the niece's boyfriend, who is a wasteland sheriff, and a former Warrior Priestess.","28|14|27",5.913,2645,9.675,"2026-10-06"
63492,"What's Your Number?","2011-09-30","Ally Darling is realizing she's a little lost in life. Her latest romance has just fizzled out, and she's just been fired from her marketing job. Then she reads an eye-opening magazine article that warns that 96 percent of women who've been with 20 or more lovers are unlikely to find a husband. Determined to turn her life around and prove the article wrong, Ally embarks on a mission to find the perfect mate from among her numerous ex-boyfriends.","35|10749",6.5,2478,12.6183,"2026-10-06"
72571,"Paranormal Activity 3","2011-10-19","In 1988, young sisters Katie and Kristi befriend an invisible entity who resides in their home.","27|9648",5.93,2449,6.0757,"2026-10-06"
49021,"Killer Elite","2011-09-22","Based on a shocking true story, Killer Elite pits two of the world’s most elite operatives—Danny, an ex-special ops agent and Hunter, his longtime mentor—against the cunning leader of a secret military society. Covering the globe from Australia to Paris, London and the Middle East, Danny and Hunter are plunged into a highly dangerous game of cat and mouse—where the predators become the prey.","28|12|53",6.269,2411,11.2053,"2026-10-06"
55301,"Alvin and the Chipmunks: Chipwrecked","2011-12-14","Playing around while aboard a cruise ship, the Chipmunks and Chipettes accidentally go overboard and end up marooned in a tropical paradise. They discover their new turf is not as deserted as it seems.","35|14|10751|10402|16",5.7,2400,12.6446,"2026-10-06"
59678,"Attack the Block","2011-05-11","A South London teen gang must team up with the other residents of their housing estate to protect the neighbourhood from a terrifying alien invasion.","28|35|878",6.5,2363,7.5049,"2026-10-06"
59860,"Monte Carlo","2011-07-01","Three young women vacationing in Paris find themselves whisked away to Monte Carlo after one of the girls is mistaken for a British heiress.","12|35|10749",6.809,2355,6.4195,"2026-10-06"
48171,"The Rite","2011-01-28","Seminary student Michael Kovak reluctantly attends exorcism school at the Vatican. While he’s in Rome, Michael meets an unorthodox priest who introduces him to the darker side of his faith, uncovering the devil’s reach even to one of the holiest places on Earth.","18|53|27",6.121,2330,9.5604,"2026-10-06"
48231,"A Dangerous Method","2011-09-30","Seduced by the challenge of an impossible case, the driven Dr. Carl Jung takes the unbalanced yet beautiful Sabina Spielrein as his patient. Jung’s weapon is the method of his master, the renowned Sigmund Freud. Both men fall under Sabina’s spell.","18",6.352,2279,7.5131,"2026-10-06"
71880,"Jack and Jill","2011-11-11","Jack Sadelstein, a successful advertising executive in Los Angeles with a beautiful wife and kids, dreads one event each year: the Thanksgiving visit of his twin sister Jill. Jill's neediness and passive-aggressiveness is maddening to Jack, turning his normally tranquil life upside down.","35|10751",4.387,2271,10.1295,"2026-10-06"
62838,"New Year's Eve","2011-12-08","The lives of several couples and singles in New York intertwine over the course of New Year's Eve.","35|10749",5.9,2248,10.3326,"2026-10-06"
48988,"Hall Pass","2011-02-25","When best buds Rick and Fred begin to show signs of restlessness at home, their wives take a bold approach to revitalize their marriages, they grant the guys a 'hall pass'—one week of freedom to do whatever they want. At first, it seems like a dream come true, but they quickly discover that their expectations of the single life—and themselves—are completely and hilariously out of sync with reality.","35|10749",5.753,2200,7.0431,"2026-10-06"
50839,"Margin Call","2011-09-28","Set in the high-stakes world of the financial industry, involving the key players at an investment firm during one perilous 24-hour period in the early stages of the 2008 financial crisis. An entry-level analyst unlocks information that could prove to be the downfall of the firm.","53|18",6.857,2201,10.4821,"2026-10-06"
58151,"Fright Night","2011-07-26","A teenager suspects his new neighbour is a vampire. Unable to convince anyone, he tries to enlist the help of a self-proclaimed vampire hunter and magician.","27|35",6.3,2193,12.0442,"2026-10-06"
64685,"Extremely Loud & Incredibly Close","2011-12-25","A year after his father's death, Oskar, a troubled young boy, discovers a mysterious key he believes was left for him by his father and embarks on a scavenger hunt to find the matching lock.","18",6.993,2190,5.5438,"2026-10-06"
47327,"Drive Angry","2011-02-24","Milton is a hardened felon who has broken out of Hell, intent on finding the vicious cult who brutally murdered his daughter and kidnapped her baby. He joins forces with a sexy, tough-as-nails waitress, who's also seeking redemption of her own. Caught in a deadly race against time, Milton has three days to avoid capture, avenge his daughter's death, and save her baby before she's mercilessly sacrificed by the cult.","14|53|28|80",5.569,2134,13.3409,"2026-10-06"
45772,"Gnomeo & Juliet","2011-01-13","A version of Shakespeare's play, set in the world of warring indoor and outdoor gnomes. Garden gnomes Gnomeo and Juliet have as many obstacles to overcome as their quasi namesakes when they are caught up in a feud between neighbors. But with plastic pink flamingos and lawnmower races in the mix, can this young couple find lasting happiness?","16|10751",5.9,2123,11.8108,"2026-10-06"
74308,"Detachment","2011-04-24","A chronicle of three weeks in the lives of several high school teachers, administrators and students through the eyes of substitute teacher, Henry Barthes. Henry roams from school to school, imparting modes of knowledge, but never staying long enough to form any semblance of sentient attachment.","18",7.622,2103,8.7385,"2026-10-06"
24428,"The Avengers","2012-04-25","When an unexpected enemy emerges and threatens global safety and security, Nick Fury, director of the international peacekeeping agency known as S.H.I.E.L.D., finds himself in need of a team to pull the world back from the brink of disaster. Spanning the globe, a daring recruitment effort begins!","878|28|12",8.1,39935,67.5036,"2026-10-06"
68718,"Django Unchained","2012-12-25","With the help of a German bounty hunter, a freed slave sets out to rescue his wife from a brutal Mississippi plantation owner.","18|37",8.193,28707,36.5867,"2026-10-06"
49026,"The Dark Knight Rises","2012-07-17","Following the death of District Attorney Harvey Dent, Batman assumes responsibility for Dent's crimes to protect the late attorney's reputation and is subsequently hunted by the Gotham City Police Department. Eight years later, Batman encounters the mysterious Selina Kyle and the villainous Bane, a new terrorist leader who overwhelms Gotham's finest. The Dark Knight resurfaces to protect a city that has branded him an enemy.","28|80|18|53",7.8,25060,46.1528,"2026-10-06"
70160,"The Hunger Games","2012-03-12","In a dystopian society where the Capitol forces each district to send two young tributes to fight to the death in a televised spectacle, a girl volunteers to take her sister’s place, setting the stage for a struggle of survival and defiance.","878|12|28|53",7.223,23801,18.9214,"2026-10-06"
49051,"The Hobbit: An Unexpected Journey","2012-12-12","Bilbo Baggins, a hobbit enjoying his quiet life, is swept into an epic quest by Gandalf the Grey and thirteen dwarves who seek to reclaim their mountain home from Smaug, the dragon.","12|14|28",7.384,20141,34.7019,"2026-10-06"
1930,"The Amazing Spider-Man","2012-06-23","A teenage Peter Parker grapples with both high school and amazing super-human crises as his alter-ego Spider-Man.","28|12|878",6.764,19178,33.0511,"2026-10-06"
37724,"Skyfall","2012-10-24","When Bond's latest assignment goes gravely wrong, agents around the world are exposed and MI6 headquarters is attacked. While M faces challenges to her authority and position from Gareth Mallory, the new Chairman of the Intelligence and Security Committee, it's up to Bond, aided only by field agent Eve, to locate the mastermind behind the attack.","28|12|53",7.3,16454,17.0234,"2026-10-06"
62177,"Brave","2012-06-21","In the mystical Scottish Highlands, Merida is the princess of a kingdom ruled by King Fergus and Queen Elinor. An unruly daughter and an accomplished archer, Merida one day defies a sacred custom of the land and inadvertently brings turmoil to the kingdom. In an attempt to set things right, Merida seeks out an eccentric old Wise Woman and is granted an ill-fated wish.","12|16|10751|14",7.036,14482,25.205,"2026-10-06"
87827,"Life of Pi","2012-11-20","The story of an Indian boy named Pi, a zookeeper's son who finds himself in the company of a hyena, zebra, orangutan, and a Bengal tiger after a shipwreck sets them adrift in the Pacific Ocean.","12|18",7.414,14054,20.1246,"2026-10-06"
70981,"Prometheus","2012-05-30","A team of explorers discover a clue to the origins of mankind on Earth, leading them on a journey to the darkest corners of the universe. There, they must fight a terrifying battle to save the future of the human race.","878|9648|27",6.6,13692,16.5557,"2026-10-06"
72105,"Ted","2012-06-29","John Bennett, a man whose childhood wish of bringing his teddy bear to life came true, now must decide between keeping the relationship with the bear or his girlfriend, Lori.","35|14",6.456,13520,19.4237,"2026-10-06"
82690,"Wreck-It Ralph","2012-11-01","Wreck-It Ralph is the 9-foot-tall, 643-pound villain of an arcade video game named Fix-It Felix Jr., in which the game's titular hero fixes buildings that Ralph destroys. Wanting to prove he can be a good guy and not just a villain, Ralph escapes his game and lands in Hero's Duty, a first-person shooter where he helps the game's hero battle against alien invaders. He later enters Sugar Rush, a kart racing game set on tracks made of candies, cookies and other sweets. There, Ralph meets Vanellope von Schweetz who has learned that her game is faced with a dire threat that could affect the entire arcade, and one that Ralph may have inadvertently started.","10751|16|35|12",7.4,13356,29.9083,"2026-10-06"
82693,"Silver Linings Playbook","2012-11-16","After losing his job and wife, and spending time in an institution, a former teacher winds up living with his parents. He wants to rebuild his life and reconcile with his wife, but his father would be happy if he shared his obsession with the Philadelphia Eagles. Things get complicated when he meets Tiffany Maxwell who offers to help him reconnect with his wife if he will do something very important for her in exchange.","18|35|10749",7.154,12883,13.2732,"2026-10-06"
84892,"The Perks of Being a Wallflower","2012-09-20","Pittsburgh, Pennsylvania, 1991. High school freshman Charlie is a wallflower, always watching life from the sidelines, until two senior students, Sam and her stepbrother Patrick, become his mentors, helping him discover the joys of friendship, music and love.","18",7.805,11491,18.3924,"2026-10-06"
64688,"21 Jump Street","2012-03-14","When cops Schmidt and Jenko join the secret Jump Street unit, they use their youthful appearances to go undercover as high school students. They trade in their guns and badges for backpacks, and set out to shut down a dangerous drug ring. But, as time goes on, Schmidt and Jenko discover that high school is nothing like it was just a few years earlier -- and, what's more, they must again confront the teenage terror and anxiety they thought they had left behind.","28|35|80",6.883,11317,18.3074,"2026-10-06"
41154,"Men in Black 3","2012-05-23","Agents J and K are back...in time. J has seen some inexplicable things in his 15 years with the Men in Black, but nothing, not even aliens, perplexes him as much as his wry, reticent partner. But when K's life and the fate of the planet are put at stake, Agent J will have to travel back in time to put things right. J discovers that there are secrets to the universe that K never told him - secrets that will reveal themselves as he teams up with the young Agent K to save his partner, the agency, and the future of humankind.","28|35|878",6.549,11239,16.7359,"2026-10-06"
59967,"Looper","2012-09-26","In the year 2044, time travel has not yet been invented but in 30 years it will have been. When the mob wants to get rid of someone, they will send their target into the past where a looper, a hired gun, like Joe is waiting to mop up. Joe is getting rich and life is good until the day the mob decides to close the loop, sending back Joe's future self for assassination.","28|53|878",6.918,11238,12.4977,"2026-10-06"
50620,"The Twilight Saga: Breaking Dawn - Part 2","2012-11-13","After the birth of Renesmee, the Cullens gather other vampire clans in order to protect the child from a false allegation that puts the family in front of the Volturi.","14|18|10749",6.451,9520,17.7234,"2026-10-06"
76492,"Hotel Transylvania","2012-09-20","Welcome to Hotel Transylvania, Dracula's lavish five-stake resort, where monsters and their families can live it up and no humans are allowed. One special weekend, Dracula has invited all his best friends to celebrate his beloved daughter Mavis's 118th birthday. For Dracula catering to all of these legendary monsters is no problem but the party really starts when one ordinary guy stumbles into the hotel and changes everything!","16|35|10751|14",7,9396,25.5595,"2026-10-06"
68734,"Argo","2012-10-11","As the Iranian revolution reaches a boiling point, a CIA 'exfiltration' specialist concocts a risky plan to free six Americans who have found shelter at the home of the Canadian ambassador.","18|53",7.3,9227,10.6495,"2026-10-06"
22970,"The Cabin in the Woods","2012-04-12","Five friends set out for a weekend at a remote cabin in the woods, expecting nothing more than fun and relaxation. As night falls, they discover that something far more unsettling is at work and that nothing about their getaway is what it seems.","27|9648|35",6.661,8856,18.7683,"2026-10-06"
58595,"Snow White and the Huntsman","2012-05-30","After the Evil Queen marries the King, she performs a violent coup in which the King is murdered and his daughter, Snow White, is taken captive. Almost a decade later, a grown Snow White is still in the clutches of the Queen. In order to obtain immortality, The Evil Queen needs the heart of Snow White. After Snow escapes the castle, the Queen sends the Huntsman to find her in the Dark Forest.","12|14|18",5.981,8386,10.4584,"2026-10-06"
57800,"Ice Age: Continental Drift","2012-06-27","Manny, Diego, and Sid embark upon another adventure after their continent is set adrift. Using an iceberg as a ship, they encounter sea creatures and battle pirates as they explore a new world.","16|35|12|10751",6.4,8303,30.5363,"2026-10-06"
75780,"Jack Reacher","2012-12-20","One morning in an ordinary town, five people are shot dead in a seemingly random attack. All evidence points to a single suspect: an ex-military sniper who is quickly brought into custody. The interrogation yields one written note: 'Get Jack Reacher!'. Reacher, an enigmatic ex-Army investigator, believes the authorities have the right man but agrees to help the sniper's defense attorney. However, the more Reacher delves into the case, the less clear-cut it appears. So begins an extraordinary chase for the truth, pitting Jack Reacher against an unexpected enemy, with a skill for violence and a secret to keep.","80|18|53|28",6.679,7897,21.4625,"2026-10-06"
62213,"Dark Shadows","2012-05-09","Vampire Barnabas Collins is inadvertently freed from his tomb and emerges into the very changed world of 1972. He returns to Collinwood Manor to find that his once-grand estate and family have fallen into ruin.","35|14",6.108,7757,17.9166,"2026-10-06"
83542,"Cloud Atlas","2012-10-26","A set of six nested stories spanning time between the 19th century and a distant post-apocalyptic future. Cloud Atlas explores how the actions and consequences of individual lives impact one another throughout the past, the present and the future. Action, mystery and romance weave through the story as one soul is shaped from a killer into a hero and a single act of kindness ripples across centuries to inspire a revolution in the distant future.  Based on the award winning novel by David Mitchell. Directed by Tom Tykwer and the Wachowskis.","18|878",6.899,7708,12.5173,"2026-10-06"
76163,"The Expendables 2","2012-08-15","Mr. Church reunites the Expendables for what should be an easy paycheck, but when one of their men is murdered on the job, their quest for revenge puts them deep in enemy territory and up against an unexpected threat.","28|12|53",6.4,7349,17.5344,"2026-10-06"
81188,"Rise of the Guardians","2012-11-21","When an evil spirit known as Pitch lays down the gauntlet to take over the world, the immortal Guardians must join forces for the first time to protect the hopes, beliefs and imagination of children all over the world.","28|12|16|10751|14",7.379,7309,20.146,"2026-10-06"
82675,"Taken 2","2012-09-27","In Istanbul, retired CIA operative Bryan Mills and his wife are taken hostage by the father of a kidnapper Mills killed while rescuing his daughter.","28|80|53",6.372,7293,13.2243,"2026-10-06"
57214,"Project X","2012-03-01","Three high school seniors throw a party to make a name for themselves. As the night progresses, things spiral out of control as word of the party spreads.","35",6.9,7075,14.3904,"2026-10-06"
114150,"Pitch Perfect","2012-09-28","College student Beca knows she does not want to be part of a clique, but that's exactly where she finds herself after arriving at her new school. Thrust in among mean gals, nice gals and just plain weird gals, Beca finds that the only thing they have in common is how well they sing together. She takes the women of the group out of their comfort zone of traditional arrangements and into a world of amazing harmonic combinations in a fight to the top of college music competitions.","35|10402|10749",7.265,7012,13.4951,"2026-10-06"
80278,"The Impossible","2012-09-09","In December 2004, close-knit family Maria, Henry and their three sons begin their winter vacation in Thailand. But the day after Christmas, the idyllic holiday turns into an incomprehensible nightmare when a terrifying roar rises from the depths of the sea, followed by a wall of black water that devours everything in its path. Though Maria and her family face their darkest hour, unexpected displays of kindness and courage ameliorate their terror.","18|53|36",7.378,6873,13.0443,"2026-10-06"
80321,"Madagascar 3: Europe's Most Wanted","2012-06-06","Animal pals Alex, Marty, Melman, and Gloria are still trying to make it back to New York's Central Park Zoo. They are forced to take a detour to Europe to find the penguins and chimps who broke the bank at a Monte Carlo casino. When French animal-control officer Capitaine Chantel DuBois picks up their scent, Alex and company are forced to hide out in a traveling circus.","16|10751|35|12",6.65,6754,20.658,"2026-10-06"
76493,"The Dictator","2012-05-15","The heroic story of a dictator who risks his life to ensure that democracy would never come to the country he so lovingly oppressed.","35",6.2,6656,19.6426,"2026-10-06"
87502,"Flight","2012-02-22","Commercial airline pilot Whip Whitaker has a problem with drugs and alcohol, though so far he's managed to complete his flights safely. His luck runs out when a disastrous mechanical malfunction sends his plane hurtling toward the ground. Whip pulls off a miraculous crash-landing that results in only six lives lost. Shaken to the core, Whip vows to get sober -- but when the crash investigation exposes his addiction, he finds himself in an even worse situation.","18",6.866,6625,10.7808,"2026-10-06"
83666,"Moonrise Kingdom","2012-05-16","Set on an island off the coast of New England in the summer of 1965, Moonrise Kingdom tells the story of two twelve-year-olds who fall in love, make a secret pact, and run away together into the wilderness. As various authorities try to hunt them down, a violent storm is brewing off-shore – and the peaceful island community is turned upside down in more ways than anyone can handle.","35|18|10749",7.7,6505,9.5557,"2026-10-06"
49529,"John Carter","2012-03-07","John Carter is a war-weary, former military captain who's inexplicably transported to the mysterious and exotic planet of Barsoom (Mars) and reluctantly becomes embroiled in an epic conflict. It's a world on the brink of collapse, and Carter rediscovers his humanity when he realizes the survival of Barsoom and its people rests in his hands.","28|12|878",6.4,6317,15.1408,"2026-10-06"
49040,"The Bourne Legacy","2012-08-08","New CIA operative Aaron Cross experiences life-or-death stakes that have been triggered by the previous actions of Jason Bourne.","28|53",6.253,6299,15.307,"2026-10-06"
82507,"Sinister","2012-10-04","True-crime writer Ellison Oswalt is in a slump; he hasn't had a best seller in more than 10 years and is becoming increasingly desperate for a hit. So, when he discovers the existence of a snuff film showing the deaths of a family, he vows to solve the mystery. He moves his own family into the victims' home and gets to work. However, when old film footage and other clues hint at the presence of a supernatural force, Ellison learns that living in the house may be fatal.","27|53|9648",6.9,6256,14.3464,"2026-10-06"
44833,"Battleship","2012-04-11","When mankind beams a radio signal into space, a reply comes from ‘Planet G’, in the form of several alien crafts that splash down in the waters off Hawaii. Lieutenant Alex Hopper is a weapons officer assigned to the USS John Paul Jones, part of an international naval coalition which becomes the world's last hope for survival as they engage the hostile alien force of unimaginable strength. While taking on the invaders, Hopper must also try to live up to the potential that his brother, and his fiancée's father—an Admiral—expect of him.","53|28|12|878",5.943,6200,16.4461,"2026-10-06"
64635,"Total Recall","2012-08-02","Factory worker Doug Quaid takes a virtual mind-trip vacation with the Rekall company, opting for implanted memories of being a spy. When the procedure goes wrong, Quaid becomes a wanted man by the police and joins forces with a rebel fighter to stop the evil Chancellor Cohaagen.","28|878|53",6.038,6036,18.074,"2026-10-06"
76726,"Chronicle","2012-02-01","Three high school students make an incredible discovery, leading to their developing uncanny powers beyond their understanding. As they learn to control their abilities and use them to their advantage, their lives start to spin out of control, and their darker sides begin to take over.","878|18|53",6.872,5958,10.9338,"2026-10-06"
49049,"Dredd","2012-09-07","In the future, America is a dystopian wasteland. The latest scourge is Ma-Ma, a prostitute-turned-drug pusher with a dangerous new drug and aims to take over the city. The only possibility of stopping her is an elite group of urban police called Judges, who combine the duties of judge, jury and executioner to deliver a brutal brand of swift justice. But even the top-ranking Judge, Dredd, discovers that taking down Ma-Ma isn’t as easy as it seems in this explosive adaptation of the hugely popular comic series.","28|878",6.9,5748,10.8435,"2026-10-06"
82695,"Les Misérables","2012-12-18","An adaptation of the successful stage musical based on Victor Hugo's classic novel set in 19th-century France. Jean Valjean, a man imprisoned for stealing bread, must flee a relentless policeman named Javert. The pursuit consumes both men's lives, and soon Valjean finds himself in the midst of the student revolutions in France.","36|18",7.292,5703,12.5279,"2026-10-06"
97630,"Zero Dark Thirty","2012-12-19","A chronicle of the decade-long hunt for al-Qaeda terrorist leader Osama bin Laden after the September 2001 attacks, and his death at the hands of the Navy S.E.A.L. Team 6 in May, 2011.","53|18",6.993,5038,13.288,"2026-10-06"
71552,"American Reunion","2012-04-04","The characters we met a little more than a decade ago return to East Great Falls for their high school reunion. In one long-overdue weekend, they will discover what has changed, who hasn’t, and that time and distance can’t break the bonds of friendship.","35",6.325,4831,17.1273,"2026-10-06"
72545,"Journey 2: The Mysterious Island","2012-01-19","Sean Anderson partners with his mom's boyfriend on a mission to find his grandfather, who is thought to be missing on a mythical island.","12|28|878",6.156,4640,14.4063,"2026-10-06"
57165,"Wrath of the Titans","2012-03-28","Perseus tries to live a quieter life as a village fisherman while – dangerously weakened by humanity's lack of devotion – the gods are losing control of the long-imprisoned Titans and their ferocious leader, Kronos.","14|12|28",5.8,4626,17.0288,"2026-10-06"
52520,"Underworld: Awakening","2012-01-19","Having escaped years of imprisonment, vampire warrioress Selene finds herself in a changed world where humans have discovered the existence of both Vampire and Lycan clans and are conducting an all-out war to eradicate both immortal species. Now Selene must battle the humans and a frightening new breed of super Lycans to ensure the death dealers' survival.","14|28|27",6.334,4483,11.6565,"2026-10-06"
71679,"Resident Evil: Retribution","2012-09-12","The Umbrella Corporation’s deadly T-virus continues to ravage the Earth, transforming the global population into legions of the flesh eating Undead. The human race’s last and only hope, Alice, awakens in the heart of Umbrella’s most clandestine operations facility and unveils more of her mysterious past as she delves further into the complex. Without a safe haven, Alice continues to hunt those responsible for the outbreak; a chase that takes her from Tokyo to New York, Washington, D.C. and Moscow, culminating in a mind-blowing revelation that will force her to rethink everything that she once thought to be true. Aided by new found allies and familiar friends, Alice must fight to survive long enough to escape a hostile world on the brink of oblivion. The countdown has begun.","28|27|878",5.8,4470,2.4623,"2026-10-06"
86838,"Seven Psychopaths","2012-10-12","A struggling screenwriter inadvertently becomes entangled in the Los Angeles criminal underworld after his oddball friends kidnap a gangster's beloved Shih Tzu.","35|80",6.8,4440,9.2378,"2026-10-06"
72570,"The Vow","2012-02-05","Happy young married couple Paige and Leo are, well, happy. Then a car accident puts Paige into a life-threatening coma. Upon awakening she has lost the previous five years of memories, including those of her beloved Leo, her wedding, a confusing relationship with her parents, or the ending of her relationship with her ex-fiance. Despite these complications, Leo endeavors to win her heart again and rebuild their marriage.","18|10749",7.226,4342,7.7057,"2026-10-06"
75174,"The Grey","2012-01-26","After their plane crashes in Alaska, six oil workers are led by a skilled huntsman to survival, but a pack of merciless wolves haunts their every step.","28|12|53",6.6,4265,9.7,"2026-10-06"
72976,"Lincoln","2012-11-09","The revealing story of the 16th US President's tumultuous final months in office. In a nation divided by war and the strong winds of change, Lincoln pursues a course of action designed to end the war, unite the country and abolish slavery. With the moral courage and fierce determination to succeed, his choices during this critical moment will change the fate of generations to come.","36|18",6.839,4162,7.8479,"2026-10-06"
59961,"Safe House","2012-02-08","A dangerous CIA renegade resurfaces after a decade on the run. When the safe house he's remanded to is attacked by mercenaries, a rookie operative escapes with him. Now, the unlikely allies must stay alive long enough to uncover who wants them dead.","28|53",6.495,4042,12.1213,"2026-10-06"
73723,"The Lorax","2012-03-01","A 12-year-old boy searches for the one thing that will enable him to win the affection of the girl of his dreams. To find it he must discover the story of the Lorax, the grumpy yet charming creature who fights to protect his world.","16|10751",6.5,4001,31.1176,"2026-10-06"
77877,"The Lucky One","2012-04-19","A Marine travels to Louisiana after serving three tours in Iraq and searches for the unknown woman he believes was his good luck charm during the war.","18|10749",7.182,3889,10.7488,"2026-10-06"
77016,"End of Watch","2012-09-20","Two young officers are marked for death after confiscating a small cache of money and firearms from the members of a notorious cartel during a routine traffic stop.","80|18|53",7.4,3803,8.6328,"2026-10-06"
65086,"The Woman in Black","2012-02-03","The story follows a young lawyer, Arthur Kipps, who is ordered to travel to a remote village and sort out a recently deceased client’s papers. As he works alone in the client’s isolated house, Kipps begins to uncover tragic secrets, his unease growing when he glimpses a mysterious woman dressed only in black. Receiving only silence from the locals, Kipps is forced to uncover the true identity of the Woman in Black on his own, leading to a desperate race against time when he discovers her true identity.","18|27|53",6.15,3780,8.3972,"2026-10-06"
62214,"Frankenweenie","2012-10-04","When a car hits young Victor's pet dog Sparky, Victor decides to bring him back to life the only way he knows how. But when the bolt-necked ""monster"" wreaks havoc and terror in the hearts of Victor's neighbors, he has to convince them that Sparky's still the good, loyal friend he was.","16|35|10751|27|878",7,3718,11.0254,"2026-10-06"
59962,"This Means War","2012-02-14","Two top CIA operatives wage an epic battle against one another after they discover they are dating the same woman.","28|35|10749",6.182,3689,10.8508,"2026-10-06"
72331,"Abraham Lincoln: Vampire Hunter","2012-06-20","President Lincoln's mother is killed by a supernatural creature, which fuels his passion to crush vampires and their slave-owning helpers.","28|14|27",5.774,3660,8.9641,"2026-10-06"
82633,"Lawless","2012-08-29","In 1931, the Bondurant brothers of Franklin County, Virginia, run a multipurpose backwoods establishment that hides their true business — bootlegging. Middle brother Forrest is the brain of the operation; older Howard is the brawn, and younger Jack, the lookout. Though the local police have taken bribes and left the brothers alone, a violent war erupts when a sadistic lawman from Chicago arrives and tries to shut down the Bondurants operation.","80|18|37",7.071,3436,7.4908,"2026-10-06"
68722,"The Master","2012-09-14","Freddie, a volatile, heavy-drinking veteran who suffers from post-traumatic stress disorder, finds some semblance of a family when he stumbles onto the ship of Lancaster Dodd, the charismatic leader of a new ""religion"" he forms after World War II.","18",7.097,3434,9.3323,"2026-10-06"
62764,"Mirror Mirror","2012-03-15","After she spends all her money, an evil enchantress queen schemes to marry a handsome, wealthy prince. There's just one problem - he's in love with a beautiful princess, Snow White. Now, joined by seven rebellious dwarves, Snow White launches an epic battle of good vs. evil...","12|35|10751|14",5.922,3329,11.8987,"2026-10-06"
77930,"Magic Mike","2012-06-28","Mike, an experienced stripper, takes a younger performer called The Kid under his wing and schools him in the arts of partying, picking up women, and making easy money.","18|35",6.2,3151,7.8985,"2026-10-06"
49527,"Man on a Ledge","2012-01-13","An ex-cop turned con threatens to jump to his death from a Manhattan hotel rooftop. The NYPD dispatch a female police psychologist to talk him down. However, unbeknownst to the police on the scene, the suicide attempt is a cover for the biggest diamond heist ever pulled.","28|53|80",6.44,2900,12.6803,"2026-10-06"
77174,"ParaNorman","2012-08-03","In the town of Blithe Hollow, Norman Babcock can speak to the dead, but no one other than his eccentric new friend believes his ability is real. One day, Norman's eccentric uncle tells him of a ritual he must perform to protect the town from a curse cast by a witch centuries ago.","10751|16|12|35",7.1,2874,11.6191,"2026-10-06"
72387,"Safe","2012-04-16","After a former elite agent rescues a 12-year-old Chinese girl who's been abducted, they find themselves in the middle of a standoff between Triads, the Russian Mafia and high-level corrupt New York City politicians and police.","28|80|53",6.501,2775,10.285,"2026-10-06"
80271,"LOL","2012-02-10","In a world connected by YouTube, iTunes, and Facebook, Lola and her friends navigate the peer pressures of high school romance and friendship while dodging their sometimes overbearing and confused parents. When Lola's mom, Anne, ""accidentally"" reads her teenage daughter's racy journal, she realizes just how wide their communication gap has grown.","18|35|10749",6.1,2761,3.8581,"2026-10-06"
58244,"Upside Down","2012-09-27","In an alternate universe where twinned worlds have opposite gravities, a young man battles interplanetary prejudice and the laws of physics in his quest to reunite with the long-lost girl of his dreams in this visually stunning romantic adventure that poses the question: what if love was stronger than gravity?","10749|878|18|14",6.3,2678,6.2787,"2026-10-06"
80035,"The Watch","2012-07-26","Four everyday suburban guys come together as an excuse to escape their humdrum lives one night a week. But when they accidentally discover that their town has become overrun with aliens posing as ordinary suburbanites, they have no choice but to save their neighborhood – and the world – from total extermination.","35|28|878",5.605,2549,8.2425,"2026-10-06"
64689,"Killing Them Softly","2012-07-30","Jackie Cogan is an enforcer hired to restore order after three dumb guys rob a Mob protected card game, causing the local criminal economy to collapse.","80|53",6.026,2501,8.247,"2026-10-06"
96724,"Anna Karenina","2012-09-06","In Imperial Russia, Anna, wife of the officer Karenin, goes to Moscow to visit her brother. On the way, she meets charming cavalry officer Vronsky, to whom she's immediately attracted. But in St. Petersburg’s high society, a relationship like this could destroy a woman’s reputation.","18|10749|36",6.7,2456,7.4751,"2026-10-06"
89492,"This Is 40","2012-12-20","Pete and Debbie are both about to turn 40, their kids hate each other, both of their businesses are failing, they're on the verge of losing their house, and their relationship is threatening to fall apart.","35",5.907,2411,8.8992,"2026-10-06"
49526,"Premium Rush","2012-08-24","In Manhattan, a bike messenger picks up an envelope that attracts the interest of a dirty cop, who pursues the cyclist throughout the city.","80|28|53",6.371,2395,9.4194,"2026-10-06"
82525,"Savages","2012-07-06","Pot growers Ben and Chon face off against the Mexican drug cartel that kidnapped their shared girlfriend.","80|18|53",6.361,2352,5.7979,"2026-10-06"
88005,"Seeking a Friend for the End of the World","2012-06-22","As an asteroid nears Earth, a man finds himself alone after his wife leaves in a panic. He decides to take a road trip to reunite with his high school sweetheart. Accompanying him is a neighbor who inadvertently puts a wrench in his plan.","35|18|10749",6.6,2319,7.4893,"2026-10-06"
77866,"Contraband","2012-01-12","When his brother-in-law runs afoul of a drug lord, family man Chris Farraday turns to a skill he abandoned long ago—smuggling—to repay the debt. But the job goes wrong, and Farraday finds himself wanted by cops, crooks and killers alike.","53|28|18|80",6.345,2291,5.7292,"2026-10-06"
87428,"That's My Boy","2012-06-14","While in his teens, Donny fathered a son, Todd, and raised him as a single parent up until Todd's 18th birthday. Now, after not seeing each other for years, Todd's world comes crashing down when Donny resurfaces just before Todd's wedding.","35",5.825,2213,12.8139,"2026-10-06"
84199,"The First Time","2012-10-19","A spark of attraction smolders, then ignites, between two teens from different high schools who meet by chance at a party.","18|35|10749",6.989,2183,3.9573,"2026-10-06"
85446,"Step Up Revolution","2012-07-26","Emily arrives in Miami with aspirations to become a professional dancer. She sparks with Sean, the leader of a dance crew whose neighborhood is threatened by Emily's father's development plans.","10402|18|10749",6.9,2160,7.8503,"2026-10-06"
81836,"To Rome with Love","2012-04-20","Four tales unfold in the Eternal City: While vacationing in Rome, architect John encounters a young man whose romantic woes remind him of a painful incident from his own youth; retired opera director Jerry discovers a mortician with an amazing voice, and he seizes the opportunity to rejuvenate his own flagging career; a young couple have separate romantic interludes; a spotlight shines on an ordinary man.","35|10749",5.795,2122,6.9568,"2026-10-06"
82990,"Paranormal Activity 4","2012-10-17","It has been five years since the disappearance of Katie and Hunter, and a suburban family witness strange events in their neighborhood when a woman and a mysterious child move in.","27",5.4,2088,5.8976,"2026-10-06"
81796,"Lockout","2012-04-12","Set in the near future, Lockout follows a falsely convicted ex-government agent , whose one chance at obtaining freedom lies in the dangerous mission of rescuing the President's daughter from rioting convicts at an outer space maximum security prison.","28|53|878",5.9,2064,8.3295,"2026-10-06"
82505,"House at the End of the Street","2012-09-21","A mother and daughter move to a new town and find themselves living next door to a house where a young girl murdered her parents. When the daughter befriends the surviving son, she learns the story is far from over.","27|53",5.792,1954,8.6543,"2026-10-06"
77953,"The Campaign","2012-08-09","Two rival politicians compete to win an election to represent their small North Carolina congressional district in the United States House of Representatives.","35",5.842,1950,6.5858,"2026-10-06"
61012,"Silent Hill: Revelation 3D","2012-10-10","Heather Mason and her father have been on the run, always one step ahead of dangerous forces that she doesn't fully understand. Now on the eve of her 18th birthday, plagued by horrific nightmares and the disappearance of her father, Heather discovers she's not who she thinks she is. The revelation leads her deeper into a demonic world that threatens to trap her forever.","53|27|9648",5.6,1948,9.4779,"2026-10-06"
76494,"What to Expect When You're Expecting","2012-05-17","Challenges of impending parenthood turn the lives of five couples upside down. Two celebrities are unprepared for the surprise demands of pregnancy; hormones wreak havoc on a baby-crazy author, while her husband tries not to be outdone by his father, who's expecting twins with his young trophy wife; a photographer's husband isn't sure about his wife's adoption plans; a one-time hook-up results in a surprise pregnancy for rival food-truck owners.","10749|35|18",6.014,1886,8.3493,"2026-10-06"
80389,"Get the Gringo","2012-03-15","A career criminal nabbed by Mexican authorities is placed in a tough prison where he learns to survive with the help of a 9-year-old boy.","28|53|80|18",6.608,1869,10.2895,"2026-10-06"
10679,"Iron Sky","2012-04-04","In the last moments of World War II, a secret Nazi space program evaded destruction by fleeing to the Dark Side of the Moon. During 70 years of utter secrecy, the Nazis construct a gigantic space fortress with a massive armada of flying saucers.","28|35|878",5.7,1859,5.3844,"2026-10-06"
140420,"Paperman","2012-11-02","An urban office worker finds that paper airplanes are instrumental in meeting a girl in ways he never expected.","16|10751|10749|35|14",7.975,1844,3.4797,"2026-10-06"
103332,"Ruby Sparks","2012-07-25","Calvin is a young novelist who achieved phenomenal success early in his career but is now struggling with his writing – as well as his romantic life. Finally, he makes a breakthrough and creates a character named Ruby who inspires him. When Calvin finds Ruby, in the flesh, sitting on his couch about a week later, he is completely flabbergasted that his words have turned into a living, breathing person.","35|10749|14|18",7.111,1844,7.6434,"2026-10-06"
60747,"Red Dawn","2012-03-15","A city in Washington state awakens to the surreal sight of foreign paratroopers dropping from the sky—shockingly, the U.S. has been invaded and their hometown is the initial target. Quickly and without warning, the citizens find themselves prisoners and their town under enemy occupation. Determined to fight back, a group of young patriots seek refuge in the surrounding woods, training and reorganizing themselves into a guerrilla group of fighters.","28|53",5.743,1790,9.8336,"2026-10-06"
84348,"V/H/S","2012-07-28","When a group of misfits is hired by an unknown third party to burglarize a desolate house and acquire one rare VHS tape, they discover more found footage than they had bargained for.","53|27",6.1,1786,5.3427,"2026-10-06"
77883,"The Possession","2012-08-30","A young girl buys an antique box at a yard sale, unaware that inside the collectible lives a malicious ancient spirit. The girl's father teams with his ex-wife to find a way to end the curse upon their child.","27|53",6,1753,8.0854,"2026-10-06"
123025,"Batman: The Dark Knight Returns, Part 1","2012-09-25","Batman has not been seen for ten years. A new breed of criminal ravages Gotham City, forcing 55-year-old Bruce Wayne back into the cape and cowl. But, does he still have what it takes to fight crime in a new era?","878|28|16|9648",7.742,1753,6.9145,"2026-10-06"
87825,"Trouble with the Curve","2012-09-21","Slowed by age and failing eyesight, crack baseball scout Gus Lobel takes his grown daughter along as he checks out the final prospect of his career. Along the way, the two renew their bond, and she catches the eye of a young player-turned-scout.","18|10749",6.979,1740,5.7879,"2026-10-06"
93856,"Chernobyl Diaries","2012-05-24","A group of six tourists looking to go off the beaten path, hire an 'extreme tour guide' who, ignoring warnings, takes them into the city of Pripyat, the former home to the workers of the Chernobyl nuclear reactor, but now a deserted town since the disaster more than 25 years earlier. After a brief exploration of the abandoned city, the group members find themselves stranded, only to discover that they are not alone.","27|53",5.32,1736,6.9169,"2026-10-06"
84332,"Safety Not Guaranteed","2012-06-08","Three magazine employees head out on an assignment to interview a guy who placed a classified ad seeking a companion for time travel.","35|10749|878",6.783,1691,5.4715,"2026-10-06"
106646,"The Wolf of Wall Street","2013-12-25","A New York stockbroker refuses to cooperate in a large securities fraud case involving corruption on Wall Street, corporate banking world and mob infiltration. Based on Jordan Belfort's autobiography.","80|18|35",8.027,26649,31.5885,"2026-10-06"
68721,"Iron Man 3","2013-04-18","When Tony Stark's world is torn apart by a formidable terrorist called the Mandarin, he starts an odyssey of rebuilding and retribution.","28|12|878",6.933,23948,31.5018,"2026-10-06"
101299,"The Hunger Games: Catching Fire","2013-11-15","After surviving the Hunger Games, Katniss and Peeta struggle with the consequences of their victory as unrest spreads across Panem. Forced back into the spotlight, they become symbols of hope and resistance while the Capitol prepares a new and deadly challenge that will change the future of the nation forever.","12|28|878",7.4,18853,28.7958,"2026-10-06"
76338,"Thor: The Dark World","2013-10-30","Thor fights to restore order across the cosmos… but an ancient race led by the vengeful Malekith returns to plunge the universe back into darkness. Faced with an enemy that even Odin and Asgard cannot withstand, Thor must embark on his most perilous and personal journey yet, one that will reunite him with Jane Foster and force him to sacrifice everything to save us all.","28|12|14",6.508,18791,30.697,"2026-10-06"
109445,"Frozen","2013-11-20","Young princess Anna of Arendelle dreams about finding true love at her sister Elsa’s coronation. Fate takes her on a dangerous journey in an attempt to end the eternal winter that has fallen over the kingdom. She's accompanied by ice delivery man Kristoff, his reindeer Sven, and snowman Olaf. On an adventure where she will find out what friendship, courage, family, and true love really means.","16|10751|12|14",7.2,17937,30.6004,"2026-10-06"
75656,"Now You See Me","2013-05-29","An FBI agent and an Interpol detective track a team of illusionists who pull off bank heists during their performances and reward their audiences with the money.","53|80",7.324,17183,27.3646,"2026-10-06"
72190,"World War Z","2013-06-19","Life for former United Nations investigator Gerry Lane and his family seems content. Suddenly, the world is plagued by a mysterious infection turning whole human populations into rampaging mindless zombies. After barely escaping the chaos, Lane is persuaded to go on a mission to investigate this disease. What follows is a perilous trek around the world where Lane must brave horrific dangers and long odds to find answers before human civilization falls.","28|27|878",6.854,17121,36.2483,"2026-10-06"
49047,"Gravity","2013-10-03","Dr Ryan Stone, an engineer on her first space mission, and Matt Kowalski, an astronaut on his final expedition, have to survive in space after they are hit by debris while spacewalking.","878|53|18",7.2,16729,16.8317,"2026-10-06"
49521,"Man of Steel","2013-06-12","A young boy learns that he has extraordinary powers and is not of this earth. As a young man, he journeys to discover where he came from and what he was sent here to do. But the hero in him must emerge if he is to save the world from annihilation and become the symbol of hope for all mankind.","28|12|878",6.662,16659,32.5078,"2026-10-06"
152601,"Her","2013-12-18","In the not so distant future, Theodore, a lonely writer, purchases a newly developed operating system designed to meet the user's every need. To Theodore's surprise, a romantic relationship develops between him and his operating system. This unconventional love story blends science fiction and romance in a sweet tale that explores the nature of love and the ways that technology isolates and connects us all.","10749|878|18",7.834,15699,16.4893,"2026-10-06"
57158,"The Hobbit: The Desolation of Smaug","2013-12-11","The Dwarves, Bilbo and Gandalf have successfully escaped the Misty Mountains, and Bilbo has gained the One Ring. They all continue their journey to get their gold back from the Dragon, Smaug.","14|12|28",7.579,14637,25.1046,"2026-10-06"
68726,"Pacific Rim","2013-07-11","Using massive piloted robots to combat the alien threat, Earth's survivors take the fight to the invading alien force lurking in the depths of the Pacific Ocean. Nearly defenseless in the face of the relentless enemy, the forces of mankind have no choice but to turn to two unlikely heroes who now stand as Earth's final hope against the mounting apocalypse.","28|878|12",7,13870,25.8607,"2026-10-06"
146233,"Prisoners","2013-09-19","After his six-year-old daughter is abducted, a desperate father takes justice into his own hands when he loses faith in the detective leading the investigation, setting both men on a collision course as the search descends into obsession and moral compromise.","18|53|80",8.1,13572,17.9564,"2026-10-06"
64682,"The Great Gatsby","2013-05-09","Nick Carraway arrives in New York in 1922, an era of loose morals, glittering jazz and bootleg kings. Chasing his own American Dream, Nick encounters the mysterious millionaire Gatsby and his bewitching cousin Daisy. Soon, Nick is drawn into the captivating world of the super-rich, their illusions, loves and deceits. Bearing witness to this new world, Nick pens a tale of impossible love, incorruptible dreams and unforgettable tragedy -- mirroring our own times and struggles.​","18|10749",7.347,13219,17.9887,"2026-10-06"
138843,"The Conjuring","2013-07-18","Paranormal investigators Ed and Lorraine Warren work to help a family terrorized by a dark presence in their farmhouse. Forced to confront a powerful entity, the Warrens find themselves caught in the most terrifying case of their lives.","27|53",7.543,13140,43.225,"2026-10-06"
93456,"Despicable Me 2","2013-06-26","Gru is recruited by the Anti-Villain League to help deal with a powerful new super criminal.","16|35|10751|878",6.949,12269,40.8787,"2026-10-06"
76203,"12 Years a Slave","2013-10-18","In the pre-Civil War United States, Solomon Northup, a free black man from upstate New York, is abducted and sold into slavery. Facing cruelty as well as unexpected kindnesses Solomon struggles not only to stay alive, but to retain his dignity. In the twelfth year of his unforgettable odyssey, Solomon’s chance meeting with a Canadian abolitionist will forever alter his life.","18|36",7.928,12261,15.118,"2026-10-06"
75612,"Oblivion","2013-04-10","Jack Harper is one of the last few drone repairmen stationed on Earth. Part of a massive operation to extract vital resources after decades of war with a terrifying threat known as the Scavs, Jack’s mission is nearly complete. His existence is brought crashing down when he rescues a beautiful  stranger from a downed spacecraft. Her arrival triggers a chain of events that  forces him to question everything he knows and puts the fate of humanity in his hands.","28|878|12|9648",6.7,11881,15.9353,"2026-10-06"
62211,"Monsters University","2013-06-19","A look at the relationship between Mike and Sulley during their days at Monsters University — when they weren't necessarily the best of friends.","16|10751|35|14",7.058,11581,26.9682,"2026-10-06"
82992,"Fast & Furious 6","2013-05-21","Hobbs has Dominic and Brian reassemble their crew to take down a team of mercenaries; Dominic unexpectedly gets sidetracked with facing his presumed deceased girlfriend, Letty.","28|53|80",6.8,11398,2.2373,"2026-10-06"
76170,"The Wolverine","2013-07-24","Wolverine faces his ultimate nemesis - and tests of his physical, emotional, and mortal limits - in a life-changing voyage to modern-day Japan.","28|878|12",6.435,10600,4.1552,"2026-10-06"
54138,"Star Trek Into Darkness","2013-05-05","When the crew of the Enterprise is called back home, they find an unstoppable force of terror from within their own organization has detonated the fleet and everything it stands for, leaving our world in a state of crisis.  With a personal score to settle, Captain Kirk leads a manhunt to a war-zone world to capture a one man weapon of mass destruction. As our heroes are propelled into an epic chess game of life and death, love will be challenged, friendships will be torn apart, and sacrifices must be made for the only family Kirk has left: his crew.","28|12|878",7.321,9904,15.281,"2026-10-06"
68724,"Elysium","2013-08-07","In the year 2159, two classes of people exist: the very wealthy who live on a pristine man-made space station called Elysium, and the rest, who live on an overpopulated, ruined Earth. Secretary Rhodes, a hard line government official, will stop at nothing to enforce anti-immigration laws and preserve the luxurious lifestyle of the citizens of Elysium. That doesn’t stop the people of Earth from trying to get in, by any means they can. When unlucky Max is backed into a corner, he agrees to take on a daunting mission that, if successful, will not only save his life, but could bring equality to these polarized worlds.","878|28|18|53",6.526,9854,10.8249,"2026-10-06"
138832,"We're the Millers","2013-08-07","A veteran pot dealer creates a fake family as part of his plan to move a huge shipment of weed into the U.S. from Mexico.","35|80",6.841,9704,18.4448,"2026-10-06"
122906,"About Time","2013-06-27","The night after another unsatisfactory New Year's party, Tim's father reveals to him that the men in their family have the ability to travel through time. They can't change history, but they can change what happens and has happened in their own lives. Thus begins the start of a lesson in learning to appreciate life itself as it is, as it comes, and most importantly, the people living alongside us.","18|10749|14",7.901,9549,21.1878,"2026-10-06"
109439,"The Hangover Part III","2013-05-23","This time, there's no wedding. No bachelor party. What could go wrong, right? But when the Wolfpack hits the road, all bets are off.","35",6.214,9474,17.0541,"2026-10-06"
152532,"Dallas Buyers Club","2013-11-01","Loosely based on the true-life tale of Ron Woodroof, a drug-taking, women-loving, homophobic man who in 1986 was diagnosed with HIV/AIDS and given thirty days to live.","18|36",7.9,9304,11.875,"2026-10-06"
158015,"The Purge","2013-05-31","Given the country's overcrowded prisons, the U.S. government begins to allow 12-hour periods of time in which all illegal activity is legal. During one of these free-for-alls, a family must protect themselves from a home invasion.","878|27|53",6.2,9031,17.4989,"2026-10-06"
116745,"The Secret Life of Walter Mitty","2013-12-18","A timid magazine photo manager who lives life vicariously through daydreams embarks on a true-life adventure when a negative goes missing.","12|35|18|14",7.2,8513,15.5345,"2026-10-06"
96721,"Rush","2013-09-02","In the 1970s, a rivalry propels race car drivers Niki Lauda and James Hunt to fame and glory — until a horrible accident threatens to end it all.","18|28",7.745,8076,16.1692,"2026-10-06"
168672,"American Hustle","2013-12-12","A conman and his seductive partner are forced to work for a wild FBI agent, who pushes them into a world of Jersey power-brokers and the Mafia.","18|80",6.853,7932,11.8552,"2026-10-06"
49519,"The Croods","2013-03-15","The prehistoric Croods family live in a particularly dangerous moment in time. Patriarch Grug, his mate Ugga, teenage daughter Eep, son Thunk, and feisty Gran gather food by day and huddle together in a cave at night. When a more evolved caveman named Guy arrives on the scene, Grug is distrustful, but it soon becomes apparent that Guy is correct about the impending destruction of their world.","16|12|10751|35",6.95,7733,21.0888,"2026-10-06"
109424,"Captain Phillips","2013-10-10","The true story of Captain Richard Phillips and the 2009 hijacking by Somali pirates of the US-flagged MV Maersk Alabama, the first American cargo ship to be hijacked in two hundred years.","28|18|53",7.536,7716,12.0737,"2026-10-06"
60304,"Hansel & Gretel: Witch Hunters","2013-01-17","After getting a taste for blood as children, Hansel and Gretel have become the ultimate vigilantes, hell-bent on retribution. Now, unbeknownst to them, Hansel and Gretel have become the hunted, and must face an evil far greater than witches... their past.","14|27|28",6.112,7250,12.9107,"2026-10-06"
117263,"Olympus Has Fallen","2013-03-20","When the White House (Secret Service Code: ""Olympus"") is captured by a terrorist mastermind and the President is kidnapped, disgraced former Presidential guard Mike Banning finds himself trapped within the building. As the national security team scrambles to respond, they are forced to rely on Banning's inside knowledge to help retake the White House, save the President and avert an even bigger disaster.","28|53",6.418,7238,18.9553,"2026-10-06"
109414,"This Is the End","2013-06-12","While attending a party at James Franco's house, Seth Rogen, Jay Baruchel and many other celebrities are faced with the apocalypse.","28|35",6.234,7047,17.2809,"2026-10-06"
82700,"After Earth","2013-05-30","One thousand years after cataclysmic events forced humanity's escape from Earth, Nova Prime has become mankind's new home. Legendary General Cypher Raige returns from an extended tour of duty to his estranged family, ready to be a father to his 13-year-old son, Kitai. When an asteroid storm damages Cypher and Kitai's craft, they crash-land on a now unfamiliar and dangerous Earth. As his father lies dying in the cockpit, Kitai must trek across the hostile terrain to recover their rescue beacon. His whole life, Kitai has wanted nothing more than to be a soldier like his father. Today, he gets his chance.","878|28|12",5.2,6999,10.4771,"2026-10-06"
68728,"Oz the Great and Powerful","2013-03-07","Oscar Diggs, a small-time circus illusionist and con-artist, is whisked from Kansas to the Land of Oz where the inhabitants assume he's the great wizard of prophecy, there to save Oz from the clutches of evil.","14|12|10751",5.939,6924,14.7635,"2026-10-06"
47964,"A Good Day to Die Hard","2013-02-06","Iconoclastic, take-no-prisoners cop John McClane, finds himself for the first time on foreign soil after traveling to Moscow to help his wayward son Jack - unaware that Jack is really a highly-trained CIA operative out to stop a nuclear weapons heist. With the Russian underworld in pursuit, and battling a countdown to war, the two McClanes discover that their opposing methods make them unstoppable heroes.","28|53",5.327,6890,8.8719,"2026-10-06"
59859,"Kick-Ass 2","2013-07-17","After Kick-Ass' insane bravery inspires a new wave of self-made masked crusaders, he joins a patrol led by the Colonel Stars and Stripes. When these amateur superheroes are hunted down by Red Mist — reborn as The Mother Fucker — only the blade-wielding Hit-Girl can prevent their annihilation.","28|12|80",6.405,6749,11.3012,"2026-10-06"
82654,"Warm Bodies","2013-01-31","After a zombie becomes involved with the girlfriend of one of his victims, their romance sets in motion a sequence of events that might transform the entire lifeless world.","27|35|10749|878",6.476,6506,12.5565,"2026-10-06"
80274,"Ender's Game","2013-10-24","Based on the classic novel by Orson Scott Card, Ender's Game is the story of the Earth's most gifted children training to defend their homeplanet in the space wars of the future.","878|28|12",6.596,6448,13.5092,"2026-10-06"
57201,"The Lone Ranger","2013-07-03","The Texas Rangers chase down a gang of outlaws led by Butch Cavendish, but the gang ambushes the Rangers, seemingly killing them all. One survivor is found, however, by an American Indian named Tonto, who nurses him back to health. The Ranger, donning a mask and riding a white stallion named Silver, teams up with Tonto to bring the unscrupulous gang and others of that ilk to justice.","28|12|37",6.1,6292,13.7518,"2026-10-06"
107985,"The World's End","2013-07-18","Five friends who reunite in an attempt to top their epic pub crawl from 20 years earlier unwittingly become humankind's only hope for survival.","35|28|878",6.8,6099,11.2491,"2026-10-06"
72559,"G.I. Joe: Retaliation","2013-03-27","Framed for crimes against the country, the G.I. Joe team is terminated by Presidential order. This forces the G.I. Joes into not only fighting their mortal enemy Cobra; they are forced to contend with threats from within the government that jeopardize their very existence.","28|878|12|53",5.666,5898,14.0839,"2026-10-06"
107846,"Escape Plan","2013-10-09","Ray Breslin is the world's foremost authority on structural security. After analyzing every high security prison and learning a vast array of survival skills so he can design escape-proof prisons, his skills are put to the test. He's framed and incarcerated in a master prison he designed himself. He needs to escape and find the person who put him behind bars.","28|53",6.7,5768,17.984,"2026-10-06"
76285,"Percy Jackson: Sea of Monsters","2013-08-07","In their quest to confront the ultimate evil, Percy and his friends battle swarms of mythical creatures to find the mythical Golden Fleece and to stop an ancient evil from rising.","12|10751|14",6.029,5473,7.1535,"2026-10-06"
109428,"Evil Dead","2013-04-05","Mia, a drug addict, is determined to kick the habit. To that end, she asks her brother, David, his girlfriend, Natalie and their friends Olivia and Eric to accompany her to their family's remote forest cabin to help her through withdrawal. Eric finds a mysterious Book of the Dead at the cabin and reads aloud from it, awakening an ancient demon. All hell breaks loose when the malevolent entity possesses Mia.","27",6.669,5386,16.2341,"2026-10-06"
81005,"Jack the Giant Slayer","2013-02-27","The story of an ancient war that is reignited when a young farmhand unwittingly opens a gateway between our world and a fearsome race of giants. Unleashed on the Earth for the first time in centuries, the giants strive to reclaim the land they once lost, forcing the young man, Jack into the battle of his life to stop them. Fighting for a kingdom, its people, and the love of a brave princess, he comes face to face with the unstoppable warriors he thought only existed in legend–and gets the chance to become a legend himself.","14|28|12",5.916,5376,14.5165,"2026-10-06"
97367,"The Place Beyond the Pines","2013-03-20","A motorcycle stunt rider considers committing a crime in order to provide for his wife and child, an act that puts him on a collision course with a cop-turned-politician.","18|80",6.981,5343,10.5004,"2026-10-06"
117251,"White House Down","2013-06-27","Capitol Policeman John Cale has just been denied his dream job with the Secret Service protecting President James Sawyer. Not wanting to let down his little girl with the news, he takes her on a tour of the White House, when the complex is overtaken by a heavily armed paramilitary group. Now, with the nation's government falling into chaos and time running out, it's up to Cale to save the president, his daughter, and the country.","28|18|53",6.5,5244,11.6502,"2026-10-06"
134374,"Pain & Gain","2013-04-18","Daniel Lugo, manager of the Sun Gym in 1990s Miami, decides that there is only one way to achieve his version of the American dream: extortion. To achieve his goal, he recruits musclemen Paul and Adrian as accomplices. After several failed attempts, they abduct rich businessman Victor Kershaw and convince him to sign over all his assets to them. But when Kershaw makes it out alive, authorities are reluctant to believe his story.","35|80|28",6.299,4940,12.0512,"2026-10-06"
193756,"Lone Survivor","2013-12-24","Four Navy SEALs on a covert mission to neutralize a high-level Taliban operative must make an impossible moral decision in the mountains of Afghanistan that leads them into an enemy ambush. As they confront unthinkable odds, the SEALs must find reserves of strength and resilience to fight to the finish.","10752|28|18",7.429,4898,13.9056,"2026-10-06"
133805,"Carrie","2013-10-16","An awkward, telekinetic teenage girl is the object of relentless bullying at school and an oppressively religious mother at home.","18|27",6.1,4847,11.4777,"2026-10-06"
109418,"Grown Ups 2","2013-07-11","Lenny has relocated his family back to the small town where he and his friends grew up. This time around, the grown ups are the ones learning lessons from their kids on a day notoriously full of surprises—the last day of school.","35",6.19,4836,23.3679,"2026-10-06"
91586,"Insidious: Chapter 2","2013-09-12","The haunted Lambert family seeks to uncover the mysterious childhood secret that has left them dangerously connected to the spirit world.","27|53",6.702,4778,20.1095,"2026-10-06"
123553,"The Mortal Instruments: City of Bones","2013-08-21","In New York City, Clary Fray, a seemingly ordinary teenager, learns that she is descended from a line of Shadowhunters — half-angel warriors who protect humanity from evil forces. After her mother disappears, Clary joins forces with a group of Shadowhunters and enters Downworld, an alternate realm filled with demons, vampires, and a host of other creatures. Clary and her companions must find and protect an ancient cup that holds the key to her mother's future.","14|28|9648",6.4,4711,12.6942,"2026-10-06"
138697,"Don Jon","2013-09-12","A New Jersey guy dedicated to his family, friends, and church, develops unrealistic expectations from watching porn and works to find happiness and intimacy with his potential true love.","10749|35|18",6.02,4694,10.1486,"2026-10-06"
136400,"2 Guns","2013-08-02","A DEA agent and an undercover Naval Intelligence officer who have been tasked with investigating one another find they have been set up by the mob -- the very organization the two men believe they have been stealing money from.","28|35|80",6.538,4640,8.0128,"2026-10-06"
203833,"The Book Thief","2013-11-08","While subjected to the horrors of WWII Germany, young Liesel finds solace by stealing books and sharing them with others. Under the stairs in her home, a Jewish refugee is being sheltered by her adoptive parents.","18",7.5,4595,15.3727,"2026-10-06"
116741,"The Internship","2013-06-07","Two recently laid-off men in their 40s try to make it as interns at a successful Internet company where their managers are in their 20s.","35",6.241,4588,0.4508,"2026-10-06"
87421,"Riddick","2013-09-02","Betrayed by his own kind and left for dead on a desolate planet, Riddick fights for survival against alien predators and becomes more powerful and dangerous than ever before. Soon bounty hunters from throughout the galaxy descend on Riddick only to find themselves pawns in his greater scheme for revenge. With his enemies right where he wants them, Riddick unleashes a vicious attack of vengeance before returning to his home planet of Furya to save it from destruction.","878|28|53",6.348,4551,8.8069,"2026-10-06"
132232,"Mama","2013-01-17","Guillermo del Toro presents Mama, a supernatural thriller that tells the haunting tale of two little girls who disappeared into the woods the day that their parents were killed. When they are rescued years later and begin a new life, they find that someone or something still wants to come tuck them in at night.","27",6.294,4524,7.3713,"2026-10-06"
146216,"RED 2","2013-07-18","Retired C.I.A. agent Frank Moses reunites his unlikely team of elite operatives for a global quest to track down a missing portable nuclear device.","28|12|35|80|53",6.531,4442,8.9309,"2026-10-06"
49524,"R.I.P.D.","2013-07-18","A recently slain cop joins a team of undead police officers working for the Rest in Peace Department and tries to find the man who murdered him.","14|28|35",5.864,4411,12.7832,"2026-10-06"
82682,"Gangster Squad","2013-01-09","Los Angeles, 1949. Ruthless, Brooklyn-born mob king Mickey Cohen runs the show in this town, reaping the ill-gotten gains from the drugs, the guns, the prostitutes and — if he has his way — every wire bet placed west of Chicago. And he does it all with the protection of not only his own paid goons, but also the police and the politicians who are under his control. It’s enough to intimidate even the bravest, street-hardened cop… except, perhaps, for the small, secret crew of LAPD outsiders led by Sgt. John O’Mara and Jerry Wooters who come together to try to tear Cohen’s world apart.","80|18|28|53",6.38,4342,12.726,"2026-10-06"
136795,"The Heat","2013-06-27","Uptight and straight-laced, FBI Special Agent Sarah Ashburn is a methodical investigator with a reputation for excellence--and hyper-arrogance. Shannon Mullins, one of Boston P.D.'s ""finest,"" is foul-mouthed and has a very short fuse, and uses her gut instinct and street smarts to catch the most elusive criminals. Neither has ever had a partner, or a friend for that matter. When these two wildly incompatible law officers join forces to bring down a ruthless drug lord, they become the last thing anyone expected: buddies.","28|35|80",6.6,4284,12.8711,"2026-10-06"
64686,"47 Ronin","2013-12-06","Kai—an outcast—joins Oishi, the leader of 47 outcast samurai.  Together they seek vengeance upon the treacherous overlord who killed their master and banished their kind.  To restore honour to their homeland, the warriors embark upon a quest that challenges them with a series of trials that would destroy ordinary warriors.","18|28|14",6.214,4272,10.542,"2026-10-06"
72710,"The Host","2013-03-22","A parasitic alien soul is injected into the body of Melanie Stryder. Instead of carrying out her race's mission of taking over the Earth, ""Wanda"" (as she comes to be called) forms a bond with her host and sets out to aid other free humans.","28|12|878",6.3,4142,7.3273,"2026-10-06"
122081,"Spring Breakers","2013-03-06","After four college girls rob a restaurant to fund their spring break in Florida, they get entangled with a weird dude with his own criminal agenda.","18|80",5.26,4100,7.4648,"2026-10-06"
204082,"Homefront","2013-11-12","Phil Broker, a retired DEA agent, leads a quiet life with his daughter Maddy, until a school bullying incident draws them into a conflict with Morgan “Gator” Bodine, a local crime boss.","28|53",6.948,3979,12.0038,"2026-10-06"
77950,"Turbo","2013-07-11","The tale of an ordinary garden snail who dreams of winning the Indy 500.","16|10751",6.3,3802,13.2478,"2026-10-06"
258216,"Nymphomaniac: Vol. I","2013-12-25","A man named Seligman finds a fainted wounded woman in an alley and he brings her home. She tells him that her name is Joe and that she is nymphomaniac. Joe tells her life and sexual experiences with hundreds of men since she was a young teenager while Seligman tells about his hobbies, such as fly fishing, reading about Fibonacci numbers or listening to organ music.","18",6.85,3770,2.0204,"2026-10-06"
160588,"Blue Jasmine","2013-08-01","After experiencing a traumatic misfortune, Jasmine French, a wealthy woman from New York, moves to San Francisco to live with her foster sister Ginger and the firm purpose of getting a new life, but she will be haunted by anxiety and memories of the past.","18",6.981,3745,7.2844,"2026-10-06"
109451,"Cloudy with a Chance of Meatballs 2","2013-09-26","After the disastrous food storm in the first film, Flint and his friends are forced to leave the town. Flint accepts the invitation from his idol Chester V to join The Live Corp Company, which has been tasked to clean the island, and where the best inventors in the world create technologies for the betterment of mankind. When Flint discovers that his machine still operates and now creates mutant food beasts like living pickles, hungry tacodiles, shrimpanzees and apple pie-thons, he and his friends must return to save the world.","16|10751|35",6.5,3587,15.0923,"2026-10-06"
109431,"Identity Thief","2013-02-07","When a mild-mannered businessman learns his identity has been stolen, he hits the road in an attempt to foil the thief -- a trip that puts him in the path of a deceptively harmless-looking woman.","35|80",5.852,3578,9.0055,"2026-10-06"
140823,"Saving Mr. Banks","2013-11-29","Author P.L. Travers looks back on her childhood while reluctantly meeting with Walt Disney, who seeks to adapt her Mary Poppins books for the big screen.","35|18|36",7.336,3577,7.004,"2026-10-06"
109421,"Side Effects","2013-02-07","A woman turns to prescription medication as a way of handling her anxiety concerning her husband's upcoming release from prison.","53|80|18",6.618,3411,7.8207,"2026-10-06"
119283,"Parker","2013-01-23","A thief with a unique code of professional ethics is double-crossed by his crew and left for dead. Assuming a new disguise and forming an unlikely alliance with a woman on the inside, he looks to hijack the score of the crew's latest heist.","28|80",6.103,3371,7.4364,"2026-10-06"
249397,"Nymphomaniac: Vol. II","2013-12-25","The continuation of Joe's sexually dictated life delves into the darker aspects of her adult life and what led to her being in Seligman's care.","18|9648",6.708,3279,12.6996,"2026-10-06"
96936,"The Bling Ring","2013-06-12","Lured by stardom, a crew of aimless teens breaks into celebrity homes for a string of high-profile robberies and fame by appropriation.","18|80",5.4,3200,8.9819,"2026-10-06"
112205,"The Family","2013-09-13","After ratting out his Mafia cohorts, Giovanni Manzoni and his family enter the Witness Protection Program and relocate to a sleepy town in France. Despite the best efforts of their handler to keep them in line, Giovanni (now called Fred Blake), his wife and children can't help but resort to doing things the ""family"" way. However, their dependence on such old habits places everyone in danger from vengeful mobsters.","80|35|28",6.363,3184,10.3406,"2026-10-06"
4258,"Scary Movie 5","2013-04-11","Home with their newly-formed family, happy parents Dan and Jody are haunted by sinister, paranormal activities. Determined to expel the insidious force, they install security cameras and discover their family is being stalked by an evil dead demon.","35",4.8,3179,13.1027,"2026-10-06"
103731,"Mud","2013-04-26","Two teenage boys find a fugitive hiding out on an island in the Mississippi River and help him reunite with his lover and escape an avenging family and their armed posse.","18",7.059,3163,5.3432,"2026-10-06"
158011,"The Call","2013-03-14","Jordan Turner is an experienced 911 operator but when she makes an error in judgment and a call ends badly, Jordan is rattled and unsure if she can continue. But when teenager Casey Welson is abducted in the back of a man's car and calls 911, Jordan is the one called upon to use all of her experience, insights and quick thinking to help Casey escape, and not just to save her, but to make sure the man is brought to justice.","80|53",6.787,3145,8.6063,"2026-10-06"
157386,"The Spectacular Now","2013-08-02","Sutter, a popular party animal, unexpectedly meets the introverted Aimee after waking up on a stranger's lawn. As Sutter deals with the problems in his life and Aimee plans for her future beyond school, an unexpected romance blossoms between them.","35|18|10749",6.689,3090,9.0355,"2026-10-06"
132363,"The Butler","2013-08-16","Cecil Gaines was a sharecropper's son who grew up in the 1920s as a domestic servant for the white family who casually destroyed his. Eventually striking out on his own, Cecil becomes a hotel valet of such efficiency and discreteness in the 1950s that he becomes a butler in the White House itself. There, Cecil would serve numerous US Presidents over the decades as a passive witness of history with the American Civil Rights Movement gaining momentum even as his family has troubles of its own. As his wife, Gloria, struggles with alcoholism and his defiant eldest son, Louis, strives for a just world, Cecil must decide whether he should take action in his own way.","18",7.314,3086,7.4496,"2026-10-06"
76640,"The Last Stand","2013-01-12","Ray Owens is sheriff of the quiet US border town of Sommerton Junction after leaving the LAPD following a bungled operation. Following his escape from the FBI, a notorious drug baron, his gang, and a hostage are heading toward Sommerton Junction where the police are preparing to make a last stand to intercept them before they cross the border. Owens is reluctant to become involved but ultimately joins in with the law enforcement efforts.","28|80|53",6.098,3081,11.9895,"2026-10-06"
116711,"Epic","2013-05-15","A teenager finds herself transported to a deep forest setting where a battle between the forces of good and the forces of evil is taking place. She bands together with a rag-tag group characters in order to save their world—and ours.","16|12|10751|14",6.568,3022,9.3547,"2026-10-06"
86829,"Inside Llewyn Davis","2013-10-18","In Greenwich Village in the early 1960s, gifted but volatile folk musician Llewyn Davis struggles with money, relationships, and his uncertain future.","18|10402",7.179,3016,12.2567,"2026-10-06"
109491,"Beautiful Creatures","2013-02-13","Ethan Wate just wants to get to know Lena Duchannes better, but unbeknownst to him, Lena has strange powers.  As Lena's 16th birthday approaches she might decide her fate, to be good or evil.  A choice which will impact her relationship forever.","14|18|10749",6.1,2984,8.3109,"2026-10-06"
109443,"Anchorman 2: The Legend Continues","2013-12-18","With the 70s behind him, San Diego's top rated newsman, Ron Burgundy, returns to take New York's first 24-hour news channel by storm.","35",6.145,2919,7.5779,"2026-10-06"
132344,"Before Midnight","2013-04-05","It has been nine years since we last met Jesse and Celine, the French-American couple who once met on a train in Vienna. They now live in Paris with twin daughters but have spent a summer in Greece at the invitation of an author colleague of Jesse's. When the vacation is over and Jesse must send his teenage son off to the States, he begins to question his life decisions, and his relationship with Celine is at risk.","10749|18",7.499,2807,6.7548,"2026-10-06"
83899,"You're Next","2013-08-22","When the Davison family comes under attack during their wedding anniversary getaway, the gang of mysterious killers soon learns that one of their victims harbors a secret talent for fighting back.","27|53|9648",6.6,2778,7.7833,"2026-10-06"
115782,"Jobs","2013-08-15","The story of Steve Jobs' ascension from college dropout into one of the most revered creative entrepreneurs of the 20th century.","18|36",6.127,2668,4.6301,"2026-10-06"
77987,"Only God Forgives","2013-05-30","Julian, who runs a Thai boxing club as a front organization for his family's drug smuggling operation, is forced by his mother Crystal to find and kill the individual responsible for his brother's recent death.","18|53|80",5.815,2648,5.4621,"2026-10-06"
87818,"Movie 43","2013-01-24","A series of interconnected short films are the backdrop for a maniac screenwriter who pitches insane storylines featuring some of Hollywood's biggest and brightest.  In some countries, like the United Kingdom and the Netherlands, the structure differs. Instead of a pitch, the films are connected by a group of three teenagers searching for the most banned film in the world, Movie 43, which will ultimately lead to the destruction of civilization.","35",4.664,2585,8.8063,"2026-10-06"
134411,"Snitch","2013-02-21","Construction company owner John Matthews learns that his estranged son, Jason, has been arrested for drug trafficking. Facing an unjust prison sentence for a first time offender courtesy of mandatory minimum sentence laws, Jason has nothing to offer for leniency in good conscience. Desperately, John convinces the DEA and the opportunistic DA Joanne Keeghan to let him go undercover to help make arrests big enough to free his son in return. With the unwitting help of an ex-con employee, John enters the narcotics underworld where every move could be his last in an operation that will demand all his resources, wits and courage to survive.","28|18|53",6.132,2540,10.4492,"2026-10-06"
149509,"Horns","2013-09-06","In the aftermath of his girlfriend's mysterious death, a young man awakens to strange horns sprouting from his temples.","18|14|53",6.301,2510,4.5191,"2026-10-06"
86825,"Stoker","2013-02-28","Following her father Richard's death in an unexplained road accident, reclusive teenager India Stoker withdraws further into the quiet rural life she shares with her emotionally disturbed mother Evie. But her curiosity is stirred when her mysterious uncle Charlie, who she has never met, suddenly arrives unannounced. Told that the darkly charismatic Charlie will now be staying at the house, India's initial well-founded distrust of her uncle's motivations begins to waver as she finds herself becoming ever more deeply entranced by his sinister charms.","18|27|53",6.641,2498,5.5947,"2026-10-06"
157336,"Interstellar","2014-11-05","The adventures of a group of explorers who make use of a newly discovered wormhole to surpass the limitations on human space travel and conquer the vast distances involved in an interstellar voyage.","12|18|878",8.5,41382,67.5512,"2026-10-06"
118340,"Guardians of the Galaxy","2014-07-30","Light years from Earth, 26 years after being abducted, Peter Quill finds himself the prime target of a manhunt after discovering an orb wanted by Ronan the Accuser.","28|878|12",7.9,30404,20.4495,"2026-10-06"
245891,"John Wick","2014-10-16","Ex-hitman John Wick comes out of retirement to track down the gangsters that took everything from him.","28|53",7.464,21420,22.5288,"2026-10-06"
100402,"Captain America: The Winter Soldier","2014-03-20","After the cataclysmic events in New York with The Avengers, Steve Rogers, aka Captain America is living quietly in Washington, D.C. and trying to adjust to the modern world. But when a S.H.I.E.L.D. colleague comes under attack, Steve becomes embroiled in a web of intrigue that threatens to put the world at risk. Joining forces with the Black Widow, Captain America struggles to expose the ever-widening conspiracy while fighting off professional assassins sent to silence him at every turn. When the full scope of the villainous plot is revealed, Captain America and the Black Widow enlist the help of a new ally, the Falcon. However, they soon find themselves up against an unexpected and formidable enemy—the Winter Soldier.","28|12|878",7.656,20529,22.0161,"2026-10-06"
210577,"Gone Girl","2014-10-01","With his wife's disappearance having become the focus of an intense media circus, a man sees the spotlight turned on him when it's suspected that he may not be innocent.","9648|53|18",7.89,20495,44.4705,"2026-10-06"
198663,"The Maze Runner","2014-09-10","A teenager with no memory of his past finds himself among a group of boys living in a walled enclosure surrounded by a massive, ever-changing maze. As he struggles to adapt to their rules and society, he begins to uncover clues that may lead to escape and the truth behind their confinement.","28|9648|878|53",7.19,18524,35.5137,"2026-10-06"
205596,"The Imitation Game","2014-11-14","Based on the real life story of legendary cryptanalyst Alan Turing, the film portrays the nail-biting race against time by Turing and his brilliant team of code-breakers at Britain's top-secret Government Code and Cypher School at Bletchley Park, during the darkest days of World War II.","36|18|53|10752",7.978,18483,51.7352,"2026-10-06"
240832,"Lucy","2014-07-25","A woman, accidentally caught in a dark deal, turns the tables on her captors and transforms into a merciless warrior evolved beyond human logic.","28|878",6.48,17436,15.553,"2026-10-06"
244786,"Whiplash","2014-10-10","Under the direction of a ruthless instructor, a talented young drummer begins to pursue perfection at any cost, even his humanity.","18|10402|53",8.377,17177,38.819,"2026-10-06"
131631,"The Hunger Games: Mockingjay - Part 1","2014-11-19","After surviving the Quarter Quell, Katniss finds herself in the hidden stronghold of District 13, where the rebellion against the Capitol is gaining momentum. Struggling with the weight of becoming the symbol of resistance, she must navigate fragile alliances while trying to protect those she loves. As propaganda battles rage and Panem moves closer to full-scale war, Katniss is forced to confront the true cost of revolution.","878|12|53",6.8,17069,42.8429,"2026-10-06"
177572,"Big Hero 6","2014-10-24","A special bond develops between plus-sized inflatable robot Baymax, and prodigy Hiro Hamada, who team up with a group of friends to form a band of high-tech heroes.","12|10751|16|28|35",7.726,16961,33.4245,"2026-10-06"
127585,"X-Men: Days of Future Past","2014-05-15","The ultimate X-Men ensemble fights a war for the survival of the species across two time periods as they join forces with their younger selves in an epic battle that must change the past – to save our future.","28|12|878",7.537,16730,22.1071,"2026-10-06"
120467,"The Grand Budapest Hotel","2014-02-26","The Grand Budapest Hotel tells of a legendary concierge at a famous European hotel between the wars and his friendship with a young employee who becomes his trusted protégé. The story involves the theft and recovery of a priceless Renaissance painting, the battle for an enormous family fortune and the slow and then sudden upheavals that transformed Europe during the first half of the 20th century.","35|18",8,16568,24.971,"2026-10-06"
122917,"The Hobbit: The Battle of the Five Armies","2014-12-10","Following Smaug's attack on Laketown, Bilbo and the dwarves try to defend Erebor's mountain of treasure from others who claim it: the men of the ruined Laketown and the elves of Mirkwood. Meanwhile an army of Orcs led by Azog the Defiler is marching on Erebor, fueled by the rise of the dark lord Sauron. Dwarves, elves and men must unite, and the hope for Middle-Earth falls into Bilbo's hands.","28|12|14",7.3,15817,46.1158,"2026-10-06"
137113,"Edge of Tomorrow","2014-05-27","Major Bill Cage is an officer who has never seen a day of combat when he is unceremoniously demoted and dropped into combat. Cage is killed within minutes, managing to take an alpha alien down with him. He awakens back at the beginning of the same day and is forced to fight and die again... and again - as physical contact with the alien has thrown him into a time loop.","28|878",7.644,15572,19.9302,"2026-10-06"
102382,"The Amazing Spider-Man 2","2014-04-16","For Peter Parker, life is busy. Between taking out the bad guys as Spider-Man and spending time with the person he loves, Gwen Stacy, high school graduation cannot come quickly enough. Peter has not forgotten about the promise he made to Gwen’s father to protect her by staying away, but that is a promise he cannot keep. Things will change for Peter when a new villain, Electro, emerges, an old friend, Harry Osborn, returns, and Peter uncovers new clues about his past.","28|12|878",6.563,14800,25.3611,"2026-10-06"
102651,"Maleficent","2014-05-28","A beautiful, pure-hearted young woman, Maleficent has an idyllic life growing up in a peaceable forest kingdom, until one day when an invading army threatens the harmony of the land. She rises to be the land's fiercest protector, but she ultimately suffers a ruthless betrayal – an act that begins to turn her heart into stone. Bent on revenge, Maleficent faces an epic battle with the invading King's successor and, as a result, places a curse upon his newborn infant Aurora. As the child grows, Maleficent realizes that Aurora holds the key to peace in the kingdom – and to Maleficent's true happiness as well.","14|12|28|10751|10749",7.089,13958,14.4181,"2026-10-06"
190859,"American Sniper","2014-12-25","U.S. Navy SEAL Chris Kyle takes his sole mission—protect his comrades—to heart and becomes one of the most lethal snipers in American history. His pinpoint accuracy not only saves countless lives but also makes him a prime target of insurgents. Despite grave danger and his struggle to be a good husband and father to his family back in the States, Kyle serves four tours of duty in Iraq. However, when he finally returns home, he finds that he cannot leave the war behind.","10752|28",7.407,13924,16.942,"2026-10-06"
194662,"Birdman or (The Unexpected Virtue of Ignorance)","2014-10-17","A fading actor best known for his portrayal of a popular superhero attempts to mount a comeback by appearing in a Broadway play. As opening night approaches, his attempts to become more altruistic, rebuild his career, and reconnect with friends and family prove more difficult than expected.","18|35",7.436,13882,17.7492,"2026-10-06"
157350,"Divergent","2014-03-14","In a world divided into factions based on personality types, Tris learns that she's been classified as Divergent and won't fit in. When she discovers a plot to destroy Divergents, Tris and the mysterious Four must find out what makes Divergents dangerous before it's too late.","28|12|878",6.899,13768,14.5811,"2026-10-06"
228150,"Fury","2014-10-15","April, 1945. As the Allies make their final push in the European Theater, a battle-hardened army sergeant commands a Sherman tank with a five-man crew on a deadly mission behind enemy lines.","10752|18|28",7.544,13283,31.8887,"2026-10-06"
119450,"Dawn of the Planet of the Apes","2014-07-08","A group of scientists in San Francisco struggle to stay alive in the aftermath of a plague that is wiping out humanity, while Caesar tries to maintain dominance over his community of intelligent apes.","878|28|18|53",7.3,12541,22.7805,"2026-10-06"
242582,"Nightcrawler","2014-10-23","When Lou Bloom, desperate for work, muscles into the world of L.A. crime journalism, he blurs the line between observer and participant to become the star of his own story. Aiding him in his effort is Nina, a TV-news veteran.","80|18|53",7.709,12125,20.4685,"2026-10-06"
222935,"The Fault in Our Stars","2014-06-03","Despite the tumor-shrinking medical miracle that has bought her a few years, Hazel has never been anything but terminal, her final chapter inscribed upon diagnosis. But when a patient named Augustus Waters suddenly appears at Cancer Kid Support Group, Hazel's story is about to be completely rewritten.","10749|18",7.588,11722,13.6591,"2026-10-06"
266856,"The Theory of Everything","2014-11-07","Once a healthy, active young man, Hawking received an earth-shattering diagnosis at 21 years of age. With Jane fighting tirelessly by his side, Stephen embarks on his most ambitious scientific work, studying the very thing he now has precious little of – time.","18|10749",7.822,11297,10.9679,"2026-10-06"
82702,"How to Train Your Dragon 2","2014-06-05","Five years after uniting the dragons and Vikings of Berk, Hiccup and Toothless soar beyond their homeland, charting the vast unknown. During one of their adventures, the pair discover a secret cave that houses hundreds of wild dragons—and a mysterious dragon rider with a startling connection to Hiccup. And as the ruthless conqueror Drago Bludvist rises to seize control of both dragons and people alike, Hiccup must step into his role as a true leader and, alongside his friends and Toothless, protect Berk from a devastating war.","14|28|12|16|10751",7.7,10707,25.7262,"2026-10-06"
156022,"The Equalizer","2014-09-24","McCall believes he has put his mysterious past behind him and dedicated himself to beginning a new, quiet life. But when he meets Teri, a young girl under the control of ultra-violent Russian gangsters, he can’t stand idly by – he has to help her. Armed with hidden skills that allow him to serve vengeance against anyone who would brutalize the helpless, McCall comes out of his self-imposed retirement and finds his desire for justice reawakened. If someone has a problem, if the odds are stacked against them, if they have nowhere else to turn, McCall will help. He is The Equalizer.","53|28|80",7.295,10249,36.5546,"2026-10-06"
124905,"Godzilla","2014-05-14","Ford Brody, a Navy bomb expert, has just reunited with his family in San Francisco when he is forced to go to Japan to help his estranged father, Joe. Soon, both men are swept up in an escalating crisis when an ancient alpha predator arises from the sea to combat malevolent adversaries that threaten the survival of humanity. The creatures leave colossal destruction in their wake, as they make their way toward their final battleground: San Francisco.","28|18|878",6.368,10053,16.7795,"2026-10-06"
91314,"Transformers: Age of Extinction","2014-06-25","As humanity picks up the pieces after the battle of Chicago, a shadowy group reveals itself in an attempt to control the direction of history…while an ancient, powerful new menace sets Earth in its crosshairs. With help from Cade Yeager, Optimus Prime and the Autobots rise to meet their most fearsome challenge yet.","878|28|12",6,8981,20.3692,"2026-10-06"
187017,"22 Jump Street","2014-06-05","After making their way through high school (twice), big changes are in store for officers Schmidt and Jenko when they go deep undercover at a local college. But when Jenko meets a kindred spirit on the football team, and Schmidt infiltrates the bohemian art major scene, they begin to question their partnership. Now they don't have to just crack the case - they have to figure out if they can have a mature relationship. If these two overgrown adolescents can grow from freshmen into real men, college might be the best thing that ever happened to them.","80|35|28",6.826,8764,15.1948,"2026-10-06"
137106,"The Lego Movie","2014-02-06","An ordinary Lego mini-figure, mistakenly thought to be the extraordinary MasterBuilder, is recruited to join a quest to stop an evil Lego tyrant from conquering the universe.","16|10751|12|35|14",7.4,8752,19.4927,"2026-10-06"
195589,"Neighbors","2014-05-08","A couple with a newborn baby face unexpected difficulties after they are forced to live next to a fraternity house.","35",6.177,7436,9.237,"2026-10-06"
206487,"Predestination","2014-08-28","Predestination chronicles the life of a Temporal Agent sent on an intricate series of time-travel journeys designed to prevent future killers from committing their crimes. Now, on his final assignment, the Agent must stop the one criminal that has eluded him throughout time and prevent a devastating attack in which thousands of lives will be lost.","878|53",7.416,7372,10.9965,"2026-10-06"
98566,"Teenage Mutant Ninja Turtles","2014-08-07","When a kingpin threatens New York City, a group of mutated turtle warriors must emerge from the shadows to protect their home.","878|28|12|35",5.93,7341,17.6946,"2026-10-06"
53182,"300: Rise of an Empire","2014-03-05","Greek general Themistocles attempts to unite all of Greece by leading the charge that will change the course of the war. Themistocles faces the massive invading Persian forces led by mortal-turned-god, Xerxes and Artemesia, the vengeful commander of the Persian navy.","28|18|10752",6.1,7152,17.4099,"2026-10-06"
238636,"The Purge: Anarchy","2014-07-17","One night per year, the government sanctions a 12-hour period in which citizens can commit any crime they wish -- including murder -- without fear of punishment or imprisonment. Leo, a sergeant who lost his son, plans a vigilante mission of revenge during the mayhem. However, instead of a death-dealing avenger, he becomes the unexpected protector of four innocent strangers who desperately need his help if they are to survive the night.","27|53",6.6,6829,15.3754,"2026-10-06"
86834,"Noah","2014-03-07","A man who suffers visions of an apocalyptic deluge takes measures to protect his family from the coming flood.","18|12",5.678,6761,9.8429,"2026-10-06"
250546,"Annabelle","2014-10-01","A couple begins to experience terrifying supernatural occurrences involving a vintage doll shortly after their home is invaded by satanic cultists.","27",5.8,6679,10.9123,"2026-10-06"
49017,"Dracula Untold","2014-10-01","Vlad Tepes is a great hero, but when he learns the Sultan is preparing for battle and needs to form an army of 1,000 boys, he vows to find a way to protect his family. Vlad turns to dark forces in order to get the power to destroy his enemies and agrees to go from hero to monster as he's turned into the mythological vampire, Dracula.","27|28|14",6.5,6648,12.1012,"2026-10-06"
181886,"Enemy","2014-03-14","A mild-mannered college professor discovers a look-alike actor and delves into the other man's private affairs.","53|9648",6.837,6634,8.4487,"2026-10-06"
200727,"Love, Rosie","2014-10-16","Since the moment they met at age 5, Rosie and Alex have been best friends, facing the highs and lows of growing up side by side. A fleeting shared moment, one missed opportunity, and the decisions that follow send their lives in completely different directions. As each navigates the complexities of life, love, and everything in between, they always find their way back to each other - but is it just friendship, or something more?","10749|18|35",7.81,6591,10.7071,"2026-10-06"
242224,"The Babadook","2014-05-22","A grieving single mother and her child fall into a deep well of paranoia when an eerie children's book manifests in their home.","18|27",6.539,6584,12.0613,"2026-10-06"
228967,"The Interview","2014-12-25","Dave Skylark and his producer Aaron Rapaport run the celebrity tabloid show ""Skylark Tonight"". When they land an interview with a surprise fan, North Korean dictator Kim Jong-un, they are recruited by the CIA to turn their trip to Pyongyang into an assassination mission.","28|35",6.18,6403,18.3984,"2026-10-06"
181533,"Night at the Museum: Secret of the Tomb","2014-12-17","When the magic powers of The Tablet of Ahkmenrah begin to die out, Larry Daley spans the globe, uniting favorite and new characters while embarking on an epic quest to save the magic before it is gone forever.","12|35|14|10751",6.2,6353,18.5734,"2026-10-06"
260346,"Taken 3","2014-12-16","Ex-government operative Bryan Mills finds his life is shattered when he's falsely accused of a murder that hits close to home. As he's pursued by a savvy police inspector, Mills employs his particular set of skills to track the real killer and exact his unique brand of justice.","53|28",6.3,6302,22.7549,"2026-10-06"
97020,"RoboCop","2014-01-30","In RoboCop, the year is 2028 and multinational conglomerate OmniCorp is at the center of robot technology.  Overseas, their drones have been used by the military for years, but have been forbidden for law enforcement in America.  Now OmniCorp wants to bring their controversial technology to the home front, and they see a golden opportunity to do it.  When Alex Murphy – a loving husband, father and good cop doing his best to stem the tide of crime and corruption in Detroit – is critically injured, OmniCorp sees their chance to build a part-man, part-robot police officer.  OmniCorp envisions a RoboCop in every city and even more billions for their shareholders, but they never counted on one thing: there is still a man inside the machine.","28|878|53",5.9,6024,9.5176,"2026-10-06"
157353,"Transcendence","2014-04-16","Two leading computer scientists work toward their goal of Technological Singularity,  as a radical anti-technology organization fights to prevent them from creating a world where computers can transcend the abilities of the human brain.","53|878|18|9648",6.082,5966,8.2758,"2026-10-06"
225574,"Non-Stop","2014-02-26","Bill Marks is a Federal Air Marshall for whom every day is the same until this one. On this plane ride, he starts receiving text messages from someone claiming to be on the flight and threatening to kill passengers. In a race against the clock, he must identify and stop the killer to save everyone on board.","28|53|9648",6.812,5895,9.6634,"2026-10-06"
85350,"Boyhood","2014-06-05","The film tells a story of a divorced couple trying to raise their young son. The story follows the boy for twelve years, from first grade at age 6 through 12th grade at age 17-18, and examines his relationship with his parents as he grows.","18",7.492,5659,7.5518,"2026-10-06"
138103,"The Expendables 3","2014-08-07","Barney, Christmas and the rest of the team comes face-to-face with Conrad Stonebanks, who years ago co-founded The Expendables with Barney. Stonebanks subsequently became a ruthless arms trader and someone who Barney was forced to kill… or so he thought. Stonebanks, who eluded death once before, now is making it his mission to end The Expendables -- but Barney has other plans. Barney decides that he has to fight old blood with new blood, and brings in a new era of Expendables team members, recruiting individuals who are younger, faster and more tech-savvy. The latest mission becomes a clash of classic old-school style versus high-tech expertise in the Expendables’ most personal battle yet.","28|12|53",6.201,5472,18.6712,"2026-10-06"
147441,"Exodus: Gods and Kings","2014-12-03","The defiant leader Moses rises up against the Egyptian Pharaoh Ramses, setting 400,000 slaves on a monumental journey of escape from Egypt and its terrifying cycle of deadly plagues.","12|18|28",5.889,4964,16.3716,"2026-10-06"
136797,"Need for Speed","2014-03-12","The film revolves around a local street-racer who partners with a rich and arrogant business associate, only to find himself framed by his colleague and sent to prison. After he gets out, he joins a New York-to-Los Angeles race to get revenge. But when the ex-partner learns of the scheme, he puts a massive bounty on the racer's head, forcing him to run a cross-country gauntlet of illegal racers in all manner of supercharged vehicles.","28|80|18|53",6.453,4844,14.9566,"2026-10-06"
227156,"The Giver","2014-08-13","In a seemingly perfect community, without war, pain, suffering, differences or choice, a young boy is chosen to learn from an elderly man about the true pain and pleasure of the ""real"" world.","18|878",6.558,4714,11.9981,"2026-10-06"
270946,"Penguins of Madagascar","2014-11-22","Skipper, Kowalski, Rico and Private join forces with undercover organization The North Wind to stop the villainous Dr. Octavius Brine from destroying the world as we know it.","10751|16|12|35",6.548,4600,23.712,"2026-10-06"
205587,"The Judge","2014-10-08","A successful lawyer returns to his hometown for his mother's funeral only to discover that his estranged father, the town's judge, is suspected of murder.","18",7.33,4571,18.6412,"2026-10-06"
188161,"A Million Ways to Die in the West","2014-05-22","As a cowardly farmer begins to fall for the mysterious new woman in town, he must put his new-found courage to the test when her husband, a notorious gun-slinger, announces his arrival.","35|37",6.051,4536,10.493,"2026-10-06"
227159,"Horrible Bosses 2","2014-11-12","Dale, Kurt and Nick decide to start their own business but things don't go as planned because of a slick investor, prompting the trio to pull off a harebrained and misguided kidnapping scheme.","35",6.179,4506,14.5927,"2026-10-06"
224141,"Into the Woods","2014-12-24","In a woods filled with magic and fairy tale characters, a baker and his wife set out to end the curse put on them by their neighbor, a spiteful witch.","14|35",5.759,4482,9.3858,"2026-10-06"
184315,"Hercules","2014-07-23","When a new enemy threatens the innocent, Hercules must lead his fearless team of warriors in a battle against overwhelming odds.","28|12",5.812,4460,15.4108,"2026-10-06"
227306,"Unbroken","2014-12-25","A chronicle of the life of Louis Zamperini, an Olympic runner who was taken prisoner by Japanese forces during World War II.","18|10752",7.4,4459,10.0142,"2026-10-06"
116149,"Paddington","2014-11-23","A young Peruvian bear travels to London in search of a home. Finding himself lost and alone at Paddington Station, he meets the kindly Brown family, who offer him a temporary haven.","35|12|10751",7.125,4375,12.2162,"2026-10-06"
249164,"If I Stay","2014-08-21","Mia Hall, a talented young cellist, thought the most difficult decision she would ever have to make would be whether to pursue her musical dreams at prestigious Juilliard or follow her heart to be with the love of her life, Adam, a rock singer/guitarist. However, a car wreck changes everything in an instant, and now Mia's life hangs in the balance. Suspended between life and death, Mia faces a choice that will decide her future.","18",7.34,4369,7.3928,"2026-10-06"
225886,"Sex Tape","2014-07-17","When Jay and Annie first got together, their romantic connection was intense – but ten years and two kids later, the flame of their love needs a spark.  To kick things up a notch, they decide – why not? – to make a video of themselves trying out every position in The Joy of Sex in one marathon three-hour session.  It seems like a great idea – until they discover that their most private video is no longer private.  With their reputations on the line, they know they’re just one click away from being laid bare to the world... but as their race to reclaim their video leads to a night they'll never forget, they'll find that their video will expose even more than they bargained for.","35",5.406,4290,18.1044,"2026-10-06"
189,"Sin City: A Dame to Kill For","2014-08-20","Some of Sin City's most hard-boiled citizens cross paths with a few of its more reviled inhabitants.","28|80|53",6.402,4282,11.2622,"2026-10-06"
246741,"What We Do in the Shadows","2014-06-19","Vampire housemates try to cope with the complexities of modern life and show a newly turned hipster some of the perks of being undead.","35|27",7.542,4095,8.0878,"2026-10-06"
198277,"Begin Again","2014-06-27","Gretta, a budding songwriter, finds herself alone after her boyfriend Dave ditches her. Her life gains purpose when Dan, a record label executive, notices her talent.","35|10402|10749|18",7.2,4083,12.5733,"2026-10-06"
256274,"As Above, So Below","2014-08-14","When a team of explorers venture into the catacombs that lie beneath the streets of Paris, they uncover the dark secret that lies within this city of the dead.","27|53",6.8,4005,10.953,"2026-10-06"
97370,"Under the Skin","2014-03-14","A seductive stranger prowls the streets of Glasgow in search of prey: unsuspecting men who fall under her spell.","53|878|18",6.14,3963,12.5908,"2026-10-06"
232672,"Blended","2014-05-21","Recently divorced mom Lauren and widowed dad Jim let their friends push them into a blind date, which goes disastrously wrong. Unsurprisingly, neither wants to see the other ever again. However, fate intervenes when both Jim and Lauren, unbeknownst to each other, purchase one-half of the same vacation package at a South African resort for families, during spring break. They and their children are forced to share the same romantic suite and participate in a slew of family activities together.","35|10749",6.9,3916,11.9208,"2026-10-06"
152760,"The Monuments Men","2014-01-24","Based on the true story of the greatest treasure hunt in history, The Monuments Men is an action drama focusing on seven over-the-hill, out-of-shape museum directors, artists, architects, curators, and art historians who went to the front lines of WWII to rescue the world’s artistic masterpieces from Nazi thieves and return them to their rightful owners.  With the art hidden behind enemy lines, how could these guys hope to succeed?","10752|18|36",6.064,3902,7.5268,"2026-10-06"
172385,"Rio 2","2014-03-19","It's a jungle out there for Blu, Jewel and their three kids after they're hurtled from Rio de Janeiro to the wilds of the Amazon. As Blu tries to fit in, he goes beak-to-beak with the vengeful Nigel, and meets the most fearsome adversary of all: his father-in-law.","16|12|35|10751",6.512,3869,13.2702,"2026-10-06"
193610,"The Other Woman","2014-04-16","After discovering her boyfriend is married, Carly soon meets the wife he's been cheating on. And when yet another affair is discovered, all three women team up to plot mutual revenge on the three-timing SOB.","35|10749",6.422,3817,9.9397,"2026-10-06"
212778,"Chef","2014-05-08","When Chef Carl Casper suddenly quits his job at a prominent Los Angeles restaurant after refusing to compromise his creative integrity for its controlling owner, he is left to figure out what's next. Finding himself in Miami, he teams up with his ex-wife, his friend and his son to launch a food truck. Taking to the road, Chef Carl goes back to his roots to reignite his passion for the kitchen -- and zest for life and love.","35",7.114,3784,9.5979,"2026-10-06"
87093,"Big Eyes","2014-12-24","In the late 1950s and early '60s, artist Walter Keane achieves unbelievable fame and success with portraits of saucer-eyed waifs. However, no one realizes that his wife, Margaret, is the real painter behind the brush. Although Margaret is horrified to learn that Walter is passing off her work as his own, she is too meek to protest too loudly. It isn't until the Keanes' marriage comes to an end and a lawsuit follows that the truth finally comes to light.","18",6.967,3677,6.1981,"2026-10-06"
220289,"Coherence","2014-04-06","Four couples gather for dinner the night a mysterious and powerful comet passes overhead.","53|878",7.209,3640,8.7026,"2026-10-06"
277685,"Unfriended","2014-06-18","While video chatting one night, six high school friends receive a Skype message from a classmate who killed herself exactly one year ago. At first they think it's a prank, but when the girl starts revealing the friends' darkest secrets, they realize they are dealing with something out of this world, something that wants them dead.","27|9648",5.6,3600,5.0587,"2026-10-06"
244267,"I Origins","2014-07-18","A molecular biologist's study of the human eye has far-reaching implications about humanity's scientific and spiritual beliefs.","878|18",7.564,3575,8.793,"2026-10-06"
100042,"Dumb and Dumber To","2014-11-12","20 years since their first adventure, Lloyd and Harry go on a road trip to find Harry's newly discovered daughter, who was given up for adoption.","35",5.6,3520,14.5074,"2026-10-06"
76649,"Pompeii","2014-02-18","In 79 A.D., Milo, a slave turned gladiator, finds himself in a race against time to save his true love Cassia, the beautiful daughter of a wealthy merchant who has been unwillingly betrothed to a corrupt Roman Senator. As Mount Vesuvius erupts in a torrent of blazing lava, Milo must fight his way out of the arena in order to save his beloved as the once magnificent Pompeii crumbles around him.","28|12|36|10749|18",5.544,3464,6.5982,"2026-10-06"
284293,"Still Alice","2014-12-05","Alice Howland, happily married with three grown children, is a renowned linguistics professor who starts to forget words. When she receives a devastating diagnosis, Alice and her family find their bonds tested.","18",7.466,3358,9.9693,"2026-10-06"
157547,"Oculus","2014-04-03","A woman tries to exonerate her brother's murder conviction by proving that the crime was committed by a supernatural phenomenon.","27",6.5,3303,6.9858,"2026-10-06"
137094,"Jack Ryan: Shadow Recruit","2014-01-15","Jack Ryan, as a young covert CIA analyst, uncovers a Russian plot to crash the U.S. economy with a terrorist attack.","28|18|53",6.128,3195,9.3387,"2026-10-06"
169917,"A Walk Among the Tombstones","2014-09-18","Private investigator Matthew Scudder is hired by a drug kingpin to find out who kidnapped and murdered his wife.","80|18|9648|53",6.3,3113,9.9687,"2026-10-06"
210479,"Locke","2014-04-10","Ivan Locke has worked hard to craft a good life for himself. Tonight, that life will collapse around him. On the eve of the biggest challenge of his career, Ivan receives a phone call that sets in motion a series of events that will unravel his family, job, and soul.","18|53",6.889,3051,11.2757,"2026-10-06"
193893,"Let's Be Cops","2014-08-13","Best pals Ryan and Justin are stalled in their respective careers -- a fact that is painfully driven home when they go to a college reunion. Dressed as police in the mistaken belief that they were to attend a costume party, Ryan and Justin find that the uniforms earn them much respect and attention. Although Justin is uncomfortable with the idea, Ryan decides to continue with the charade, putting them both in increasingly dangerous situations. When these newly-minted “heroes” get tangled in a real life web of mobsters and dirty detectives, they must put their fake badges on the line.","35",6.468,3050,13.3969,"2026-10-06"
228326,"The Book of Life","2014-10-01","The journey of Manolo, a young man who is torn between fulfilling the expectations of his family and following his heart. Before choosing which path to follow, he embarks on an incredible adventure that spans fantastical worlds where he must face his greatest fears.","16|10751|14",7.541,3023,14.7624,"2026-10-06"
242512,"Ouija","2014-10-24","A group of friends must confront their most terrifying fears when they awaken the dark powers of an ancient spirit board.","27",5.14,2835,6.1294,"2026-10-06"
171274,"Inherent Vice","2014-12-12","In Los Angeles at the turn of the 1970s, drug-fueled detective Larry ""Doc"" Sportello investigates the disappearance of an ex-girlfriend.","18|9648|35",6.542,2809,9.4622,"2026-10-06"
225565,"That Awkward Moment","2014-01-29","Best pals Jason and Daniel indulge in casual flings and revel in their carefree, unattached lives. After learning that the marriage of their friend Mikey is over, they gladly welcome him back into their circle. The three young men make a pact to have fun and avoid commitment. However, when all three find themselves involved in serious relationships, they must keep their romances secret from one another.","35|10749",6.14,2771,6.091,"2026-10-06"
239571,"The Best of Me","2014-10-15","A pair of former high school sweethearts reunite after many years when they return to visit their small hometown.","18|10749",7.476,2758,12.0691,"2026-10-06"
228970,"Wild","2014-12-05","A woman with a tragic past decides to start her new life by hiking for one thousand miles on the Pacific Crest Trail.","18",7.009,2742,9.3327,"2026-10-06"
68737,"Seventh Son","2014-12-12","John Gregory, who is a seventh son of a seventh son and also the local spook, has protected the country from witches, boggarts, ghouls and all manner of things that go bump in the night. However John is not young anymore, and has been seeking an apprentice to carry on his trade. Most have failed to survive. The last hope is a young farmer's son named Thomas Ward.","12|14",5.5,2721,12.3395,"2026-10-06"
82703,"Mr. Peabody & Sherman","2014-02-07","A young boy and his dog, who happens to have a genius-level IQ, spring into action when their time-machine is stolen and moments in history begin to be changed.","16|878|35|12|10751",6.7,2611,10.6261,"2026-10-06"
87492,"Foxcatcher","2014-11-14","The greatest Olympic Wrestling Champion brother team joins Team Foxcatcher led by multimillionaire sponsor John E. du Pont as they train for the 1988 games in Seoul - a union that leads to unlikely circumstances.","18|53",6.651,2549,5.7673,"2026-10-06"
154400,"The Drop","2014-09-12","Bob Saginowski finds himself at the center of a robbery gone awry and entwined in an investigation that digs deep into the neighborhood's past where friends, families, and foes all work together to make a living - no matter the cost.","18|80",6.827,2510,11.0497,"2026-10-06"
168530,"Ride Along","2014-01-07","For the past two years, high-school security guard Ben has been trying to show decorated APD detective James that he's more than just a video-game junkie who's unworthy of James' sister, Angela. When Ben finally gets accepted into the academy, he thinks he's earned the seasoned policeman's respect and asks for his blessing to marry Angela. Knowing that a ride along will demonstrate if Ben has what it takes to take care of his sister, James invites him on a shift designed to scare the hell out of the trainee. But when the wild night leads them to the most notorious criminal in the city, James will find that his new partner's rapid-fire mouth is just as dangerous as the bullets speeding at it.","28|35",6.263,2504,8.3477,"2026-10-06"
192102,"3 Days to Kill","2014-02-14","A dangerous international spy is determined to give up his high stakes life to finally build a closer relationship with his estranged wife and daughter. But first, he must complete one last mission - even if it means juggling the two toughest assignments yet: hunting down the world's most ruthless terrorist and looking after his teenage daughter for the first time in ten years, while his wife is out of town.","28|18|53",6.107,2391,9.3919,"2026-10-06"
273895,"Selma","2014-12-25","""Selma,"" as in Alabama, the place where segregation in the South was at its worst, leading to a march that ended in violence, forcing a famous statement by President Lyndon B. Johnson that ultimately led to the signing of the Voting Rights Act.","36|18",7.366,2373,4.1978,"2026-10-06"
184346,"Deliver Us from Evil","2014-07-01","When a frightening wave of violence sweeps through New York City, troubled cop Sarchie fails to find a rational explanation for the bizarre crimes. However, his eyes are opened to a frightening alternate reality when renegade Jesuit priest Mendoza convinces him that demonic possession may be to blame for the gruesome murders. Together, they wage a valiant supernatural struggle to rid the city of an otherworldly evil.","53|80|27",6.3,2301,7.4146,"2026-10-06"
216282,"Into the Storm","2014-08-06","As a new day begins in the town of Silverton, its residents have little reason to believe it will be anything other than ordinary. Mother Nature, however has other plans. In the span of just a few hours, an unprecedented onslaught of powerful tornadoes ravages Silverton. Storm trackers predict that the worst is still to come, as terrified residents seek shelter, and professional storm-chasers run toward the danger, hoping to study the phenomenon close up and get a once-in-a-lifetime shot.","28|53",6.1,2242,10.995,"2026-10-06"
99861,"Avengers: Age of Ultron","2015-04-22","When Tony Stark tries to jumpstart a dormant peacekeeping program, things go awry and Earth’s Mightiest Heroes are put to the ultimate test as the fate of the planet hangs in the balance. As the villainous Ultron emerges, it is up to The Avengers to stop him from enacting his terrible plans, and soon uneasy alliances and unexpected action pave the way for an epic and unique global adventure.","28|12|878",7.3,25118,45.2749,"2026-10-06"
76341,"Mad Max: Fury Road","2015-05-13","An apocalyptic story set in the furthest reaches of our planet, in a stark desert landscape where humanity is broken, and most everyone is crazed fighting for the necessities of life. Within this world exist two rebels on the run who just might be able to restore order.","28|12|878",7.639,24714,51.3102,"2026-10-06"
150540,"Inside Out","2015-06-17","When 11-year-old Riley moves to a new city, her Emotions team up to help her through the transition. Joy, Fear, Anger, Disgust and Sadness work together, but when Joy and Sadness get lost, they must journey through unfamiliar places to get back home.","16|10751|12|18|35",7.906,23964,57.1128,"2026-10-06"
135397,"Jurassic World","2015-06-06","Twenty-two years after the events of Jurassic Park, Isla Nublar now features a fully functioning dinosaur theme park, Jurassic World, as originally envisioned by John Hammond.","12|878|53",6.703,21960,23.3436,"2026-10-06"
286217,"The Martian","2015-09-30","During a manned mission to Mars, Astronaut Mark Watney is presumed dead after a fierce storm and left behind by his crew. But Watney has survived and finds himself stranded and alone on the hostile planet. With only meager supplies, he must draw upon his ingenuity, wit and spirit to subsist and find a way to signal to Earth that he is alive.","878|18|12",7.708,21903,39.7785,"2026-10-06"
102899,"Ant-Man","2015-07-14","Armed with the astonishing ability to shrink in scale but increase in strength, master thief Scott Lang must embrace his inner-hero and help his mentor, Doctor Hank Pym, protect the secret behind his spectacular Ant-Man suit from a new generation of towering threats. Against seemingly insurmountable obstacles, Pym and Lang must plan and pull off a heist that will save the world.","878|12|28",7.067,21314,23.1036,"2026-10-06"
140607,"Star Wars: The Force Awakens","2015-12-15","Thirty years after defeating the Galactic Empire, Han Solo and his allies face a new threat from the evil Kylo Ren and his army of Stormtroopers.","12|28|878",7.2,20970,22.3436,"2026-10-06"
281957,"The Revenant","2015-12-25","In the 1820s, a frontiersman, Hugh Glass, sets out on a path of vengeance against those who left him for dead after a bear mauling.","37|18|12",7.541,19780,26.88,"2026-10-06"
207703,"Kingsman: The Secret Service","2015-01-24","The story of a super-secret spy organization that recruits an unrefined but promising street kid into the agency's ultra-competitive training program just as a global threat emerges from a twisted tech genius.","80|35|28",7.617,18230,23.984,"2026-10-06"
273248,"The Hateful Eight","2015-12-25","Bounty hunters seek shelter from a raging blizzard and get caught up in a plot of betrayal and deception.","18|9648|37",7.8,15676,20.3735,"2026-10-06"
264660,"Ex Machina","2015-01-21","Caleb, a coder at the world's largest internet company, wins a competition to spend a week at a private mountain retreat belonging to Nathan, the reclusive CEO of the company. But when Caleb arrives at the remote location he finds that he will have to participate in a strange and fascinating experiment in which he must interact with the world's first true artificial intelligence, housed in the body of a beautiful robot girl.","18|878",7.571,14648,16.2422,"2026-10-06"
131634,"The Hunger Games: Mockingjay - Part 2","2015-11-18","As the war between the Capitol and the districts reaches its peak, Katniss Everdeen embarks on a perilous mission to liberate Panem and confront President Snow. Joined by a team of trusted allies, she navigates deadly traps, shifting loyalties, and the heavy cost of rebellion, determined to bring freedom to her people and end the Hunger Games once and for all.","28|12|878",6.898,13639,24.9924,"2026-10-06"
216015,"Fifty Shades of Grey","2015-02-11","When college senior Anastasia Steele steps in for her sick roommate to interview prominent businessman Christian Grey for their campus paper, little does she realize the path her life will take. Christian, as enigmatic as he is rich and powerful, finds himself strangely drawn to Ana, and she to him. Though sexually inexperienced, Ana plunges headlong into an affair -- and learns that Christian's true sexual proclivities push the boundaries of pain and pleasure.","18|10749|53",5.859,12567,32.2458,"2026-10-06"
168259,"Furious 7","2015-04-01","Deckard Shaw seeks revenge against Dominic Toretto and his family for his comatose brother.","28|80|53",7.21,11528,26.6001,"2026-10-06"
206647,"Spectre","2015-10-26","A cryptic message from Bond’s past sends him on a trail to uncover a sinister organization. While M battles political forces to keep the secret service alive, Bond peels back the layers of deceit to reveal the terrible truth behind SPECTRE.","28|12|53",6.6,11520,15.72,"2026-10-06"
211672,"Minions","2015-06-17","Minions Stuart, Kevin and Bob are recruited by Scarlet Overkill, a super-villain who, alongside her inventor husband Herb, hatches a plot to take over the world.","10751|16|12|35",6.4,11345,16.3294,"2026-10-06"
294254,"Maze Runner: The Scorch Trials","2015-09-09","Thomas and his fellow Gladers face their greatest challenge yet: searching for clues about the mysterious and powerful organization known as WCKD. Their journey takes them to the Scorch, a desolate landscape filled with unimaginable obstacles. Teaming up with resistance fighters, the Gladers take on WCKD’s vastly superior forces and uncover its shocking plans for them all.","878|28|53|12",6.7,11278,20.2913,"2026-10-06"
262500,"Insurgent","2015-03-18","Beatrice Prior must confront her inner demons and continue her fight against a powerful alliance which threatens to tear her society apart.","28|878|53",6.36,10623,13.0193,"2026-10-06"
318846,"The Big Short","2015-12-11","The men who made millions from a global economic meltdown.","35|18",7.373,10135,25.6876,"2026-10-06"
177677,"Mission: Impossible - Rogue Nation","2015-07-28","Ethan and team take on their most impossible mission yet—eradicating 'The Syndicate', an International and highly-skilled rogue organization committed to destroying the IMF.","28|12",7.228,9989,22.4422,"2026-10-06"
273481,"Sicario","2015-09-17","An idealistic FBI agent is enlisted by a government task force to aid in the escalating war against drugs at the border area between the U.S. and Mexico.","28|80|53",7.43,9932,19.6746,"2026-10-06"
264644,"Room","2015-10-16","Held captive for 7 years in an enclosed space, a woman and her young son finally gain their freedom, allowing the boy to experience the outside world for the first time.","18|53",7.986,9878,8.5646,"2026-10-06"
254128,"San Andreas","2015-05-27","In the aftermath of a massive earthquake in California, a rescue-chopper pilot makes a dangerous journey across the state in order to rescue his estranged daughter.","28|18|53",6.25,9236,23.1226,"2026-10-06"
87101,"Terminator Genisys","2015-06-23","The year is 2029. John Connor, leader of the resistance continues the war against the machines. At the Los Angeles offensive, John's fears of the unknown future begin to emerge when TECOM spies reveal a new plot by SkyNet that will attack him from both fronts; past and future, and will ultimately change warfare forever.","878|28|53",5.962,9211,28.4651,"2026-10-06"
314365,"Spotlight","2015-11-06","The true story of how the Boston Globe uncovered the massive scandal of child molestation and cover-up within the local Catholic Archdiocese, shaking the entire Catholic Church to its core.","18|36",7.813,9007,12.5348,"2026-10-06"
198184,"Chappie","2015-03-04","Every child comes into the world full of promise, and none more so than Chappie: he is gifted, special, a prodigy. Like any child, Chappie will come under the influence of his surroundings—some good, some bad—and he will rely on his heart and soul to find his way in the world and become his own man. But there's one thing that makes Chappie different from any one else: he is a robot.","80|28|878",6.8,8704,19.5765,"2026-10-06"
256591,"Focus","2015-02-25","Nicky, an accomplished con artist, gets romantically involved with his disciple Jess but later ends their relationship. Years later, she returns as a femme fatale to spoil his plans.","10749|35|80",6.868,8438,10.0324,"2026-10-06"
257344,"Pixels","2015-07-16","Video game experts are recruited by the military to fight 1980s-era video game characters who've attacked New York.","28|35|878|12|14",5.789,8221,21.0739,"2026-10-06"
214756,"Ted 2","2015-06-25","Newlywed couple Ted and Tami-Lynn want to have a baby, but in order to qualify to be a parent, Ted will have to prove he's a person in a court of law.","35|14",6.329,8201,31.1319,"2026-10-06"
312221,"Creed","2015-11-25","The former World Heavyweight Champion Rocky Balboa serves as a trainer and mentor to Adonis Johnson, the son of his late friend and former rival Apollo Creed.","18",7.408,8156,18.6444,"2026-10-06"
158852,"Tomorrowland","2015-05-19","Bound by a shared destiny, a bright, optimistic teen bursting with scientific curiosity and a former boy-genius inventor jaded by disillusionment embark on a danger-filled mission to unearth the secrets of an enigmatic place somewhere in time and space that exists in their collective memory as ""Tomorrowland.""","12|10751|9648|878",6.3,7529,15.4706,"2026-10-06"
257211,"The Intern","2015-09-23","70-year-old widower Ben Whittaker has discovered that retirement isn't all it's cracked up to be. Seizing an opportunity to get back in the game, he becomes a senior intern at an online fashion site, founded and run by Jules Ostin.","35",7.226,7528,18.0959,"2026-10-06"
150689,"Cinderella","2015-03-06","When her father unexpectedly passes away, young Ella finds herself at the mercy of her cruel stepmother and her daughters. Never one to give up hope, Ella's fortunes begin to change after meeting a dashing stranger in the woods.","10749|14|10751|18",6.8,7519,23.3315,"2026-10-06"
296098,"Bridge of Spies","2015-10-15","During the Cold War, the Soviet Union captures U.S. pilot Francis Gary Powers after shooting down his U-2 spy plane. Sentenced to 10 years in prison, Powers' only hope is New York lawyer James Donovan, recruited by a CIA operative to negotiate his release. Donovan boards a plane to Berlin, hoping to win the young man's freedom through a prisoner exchange. If all goes well, the Russians would get Rudolf Abel, the convicted spy who Donovan defended in court.","53|18",7.242,7454,14.3561,"2026-10-06"
76757,"Jupiter Ascending","2015-02-04","In a universe where human genetic material is the most precious commodity, an impoverished young Earth woman becomes the key to strategic maneuvers and internal strife within a powerful dynasty…","878|14|28",5.5,7269,16.875,"2026-10-06"
293863,"The Age of Adaline","2015-04-16","After 29-year-old Adaline recovers from a nearly lethal accident, she inexplicably stops growing older. As the years stretch on and on, Adaline keeps her secret to herself  until she meets a man who changes her life.","10749|14|18",7.465,7222,23.4387,"2026-10-06"
270303,"It Follows","2015-02-04","A young woman is followed by an unknown supernatural force after a sexual encounter.","27|9648",6.583,7179,20.2187,"2026-10-06"
254320,"The Lobster","2015-10-15","In a dystopian near future, single people, according to the laws of The City, are taken to The Hotel, where they are obliged to find a romantic partner in forty-five days or are transformed into animals and sent off into The Woods.","35|18|10749",7.022,7119,13.7989,"2026-10-06"
203801,"The Man from U.N.C.L.E.","2015-08-13","At the height of the Cold War, a mysterious criminal organization plans to use nuclear weapons and technology to upset the fragile balance of power between the United States and Soviet Union. CIA agent Napoleon Solo and KGB agent Illya Kuryakin are forced to put aside their hostilities and work together to stop the evildoers in their tracks. The duo's only lead is the daughter of a missing German scientist, whom they must find soon to prevent a global catastrophe.","35|28|12",7.077,7085,12.0943,"2026-10-06"
166424,"Fantastic Four","2015-08-05","Four young outsiders teleport to a dangerous universe, which alters their physical form in shocking ways. Their lives irrevocably upended, the team must learn to harness their daunting new abilities and work together to save Earth from a former friend turned enemy.","28|12|878",4.433,6564,12.9052,"2026-10-06"
238713,"Spy","2015-05-06","A desk-bound CIA analyst volunteers to go undercover to infiltrate the world of a deadly arms dealer, and prevent diabolical global disaster.","28|35|80",6.831,6557,10.8518,"2026-10-06"
159824,"Hotel Transylvania 2","2015-09-21","When the old-old-old-fashioned vampire Vlad arrives at the hotel for an impromptu family get-together, Hotel Transylvania is in for a collision of supernatural old-school and modern day cool.","16|35|10751|14",6.765,6272,19.7041,"2026-10-06"
105864,"The Good Dinosaur","2015-11-14","An epic journey into the world of dinosaurs where an Apatosaurus named Arlo makes an unlikely human friend.","12|16|10751",6.8,6178,28.5587,"2026-10-06"
306819,"The Danish Girl","2015-11-27","When Gerda Wegener asks her husband Einar to fill in as a portrait model, Einar discovers the person she's meant to be and begins living her life as Lili Elbe. Having realized her true self and with Gerda's love and support, Lili embarks on a groundbreaking journey as a transgender pioneer.","18",7.535,6024,10.6999,"2026-10-06"
307081,"Southpaw","2015-07-22","Billy ""The Great"" Hope, the reigning junior middleweight boxing champion, has an impressive career, a loving wife and daughter, and a lavish lifestyle. However, when tragedy strikes, Billy hits rock bottom, losing his family, his house and his manager. He soon finds an unlikely savior in Tick Willis, a former fighter who trains the city's toughest amateur boxers. With his future on the line, Hope fights to reclaim the trust of those he loves the most.","28|18",7.361,5954,12.1648,"2026-10-06"
254470,"Pitch Perfect 2","2015-05-07","The Bellas are back, and they are better than ever. After being humiliated in front of none other than the President of the United States of America, the Bellas are taken out of the Aca-Circuit. In order to clear their name, and regain their status, the Bellas take on a seemingly impossible task: winning an international competition no American team has ever won. In order to accomplish this monumental task, they need to strengthen the bonds of friendship and sisterhood and blow away the competition with their amazing aca-magic! With all new friends and old rivals tagging along for the trip, the Bellas can hopefully accomplish their dreams.","35|10402",6.841,5594,14.3515,"2026-10-06"
253412,"Everest","2015-09-10","Inspired by the incredible events surrounding a treacherous attempt to reach the summit of the world's highest mountain, ""Everest"" documents the awe-inspiring journey of two different expeditions challenged beyond their limits by one of the fiercest snowstorms ever encountered by mankind. Their mettle tested by the harshest of elements found on the planet, the climbers will face nearly impossible obstacles as a lifelong obsession becomes a breathtaking struggle for survival.","12|18|36",6.828,5369,11.2474,"2026-10-06"
201085,"Crimson Peak","2015-10-13","In the aftermath of a family tragedy, an aspiring author is torn between love for her childhood friend and the temptation of a mysterious outsider. Trying to escape the ghosts of her past, she is swept away to a house that breathes, bleeds… and remembers.","27|9648|10749|18|53",6.661,5369,15.4836,"2026-10-06"
298312,"The Visit","2015-09-10","A brother and sister are sent to their grandparents' remote Pennsylvania farm for a week, where they discover that the elderly couple is involved in something deeply disturbing.","27|53",6.319,5318,8.331,"2026-10-06"
286565,"Paper Towns","2015-06-18","Quentin Jacobsen has spent a lifetime loving the magnificently adventurous Margo Roth Spiegelman from afar. So when she cracks open a window and climbs back into his life dressed like a ninja and summoning him for an ingenious campaign of revenge, he follows. After their all-nighter ends and a new day breaks, Quentin arrives at school to discover that Margo, always an enigma, has now become a mystery. But Quentin soon learns that there are clues, and they're for him. Urged down a disconnected path, the closer Quentin gets, the less he sees of the girl he thought he knew.","9648|18|10749",6.155,5242,13.214,"2026-10-06"
205775,"In the Heart of the Sea","2015-12-03","In the winter of 1820, the New England whaling ship Essex is assaulted by something no one could believe—a whale of mammoth size and will, and an almost human sense of vengeance.","53|18|12|28|36",6.791,4531,14.7736,"2026-10-06"
272693,"The DUFF","2015-02-20","Bianca's universe turns upside down when she learns that her high school refers to her as a ‘DUFF' (Designated Ugly Fat Friend). Hoping to erase that label, she enlists the help of a charming jock and her favorite teacher. Together they'll face the school's mean girl and remind everyone that we are all someone's DUFF… and that's totally fine.","10749|35",6.76,4516,8.4045,"2026-10-06"
321697,"Steve Jobs","2015-10-09","Set backstage at three iconic product launches and ending in 1998 with the unveiling of the iMac, Steve Jobs takes us behind the scenes of the digital revolution to paint an intimate portrait of the brilliant man at its epicenter.","18|36",6.771,4466,8.076,"2026-10-06"
276907,"Legend","2015-09-09","Suave, charming and volatile, Reggie Kray and his unstable twin brother Ronnie start to leave their mark on the London underworld in the 1960s. Using violence to get what they want, the siblings orchestrate robberies and murders while running nightclubs and protection rackets. With police Detective Leonard ""Nipper"" Read hot on their heels, the brothers continue their rapid rise to power and achieve tabloid notoriety.","80|53",7.048,4429,9.7845,"2026-10-06"
274479,"Joy","2015-12-24","A story based on the life of a struggling Long Island single mom who became one of the country's most successful entrepreneurs.","18",6.552,4360,8.1102,"2026-10-06"
228161,"Home","2015-03-18","When Earth is taken over by the overly-confident Boov, an alien race in search of a new place to call home, all humans are promptly relocated, while all Boov get busy reorganizing the planet. But when one resourceful girl, Tip, manages to avoid capture, she finds herself the accidental accomplice of a banished Boov named Oh. The two fugitives realize there’s a lot more at stake than intergalactic relations as they embark on the road trip of a lifetime.","14|35|16|878|10751",6.8,4332,19.8358,"2026-10-06"
277216,"Straight Outta Compton","2015-08-11","In 1987, five young men, using brutally honest rhymes and hardcore beats, put their frustration and anger about life in the most dangerous place in America into the most powerful weapon they had: their music.  Taking us back to where it all began, Straight Outta Compton tells the true story of how these cultural rebels—armed only with their lyrics, swagger, bravado and raw talent—stood up to the authorities that meant to keep them down and formed the world’s most dangerous group, N.W.A.  And as they spoke the truth that no one had before and exposed life in the hood, their voice ignited a social revolution that is still reverberating today.","18|10402|36",7.771,4316,10.2374,"2026-10-06"
296099,"Vacation","2015-07-28","Hoping to bring his family closer together and to recreate his childhood vacation for his own kids, a grown up Rusty Griswold takes his wife and their two sons on a cross-country road trip to the coolest theme park in America, Walley World. Needless to say, things don't go quite as planned.","35|12",6.303,4093,11.0345,"2026-10-06"
257445,"Goosebumps","2015-08-05","After moving to a small town, Zach Cooper finds a silver lining when he meets next door neighbor Hannah, the daughter of bestselling Goosebumps series author R.L. Stine. When Zach unintentionally unleashes real monsters from their manuscripts and they begin to terrorize the town, it’s suddenly up to Stine, Zach and Hannah to get all of them back in the books where they belong.","12|27|35",6.3,4084,13.9456,"2026-10-06"
258480,"Carol","2015-11-20","In 1950s New York, a department-store clerk who dreams of a better life falls for an older, married woman.","10749|18",7.5,4048,7.2281,"2026-10-06"
274854,"The Last Witch Hunter","2015-10-21","The modern world holds many secrets, but by far the most astounding is that witches still live among us; vicious supernatural creatures intent on unleashing the Black Death upon the world and putting an end to the human race once and for all. Armies of witch hunters have battled this unnatural enemy for centuries, including Kaulder, a valiant warrior who many years ago slayed the all-powerful Witch Queen, decimating her followers in the process. In the moments right before her death, the Queen cursed Kaulder with immortality, forever separating him from his beloved wife and daughter. Today, Kaulder is the last living hunter who has spent his immortal life tracking down rogue witches, all the while yearning for his long-lost family.","28|12|14",6,3968,12.8721,"2026-10-06"
280092,"Insidious: Chapter 3","2015-05-28","A prequel set before the haunting of the Lambert family that reveals how gifted psychic Elise Rainier reluctantly agrees to use her ability to contact the dead in order to help a teenage girl who has been targeted by a dangerous supernatural entity.","27|53",6.3,3779,18.565,"2026-10-06"
261023,"Black Mass","2015-09-17","The true story of Whitey Bulger, the brother of a state senator and the most infamous violent criminal in the history of South Boston, who became an FBI informant to take down a Mafia family invading his turf.","18|80|36",6.523,3693,15.7215,"2026-10-06"
295964,"Burnt","2015-10-02","Adam Jones is a Chef who destroyed his career with drugs and diva behavior. He cleans up and returns to London, determined to redeem himself by spearheading a top restaurant that can gain three Michelin stars.","18",6.527,3647,7.1652,"2026-10-06"
328425,"The Gift","2015-07-31","Simon and Robyn are a young married couple whose life is going as planned until a chance run-in with Simon's high school acquaintance sends their world into a tailspin.","53|9648|18",6.7,3603,9.7121,"2026-10-06"
263472,"Knock Knock","2015-06-26","When a devoted husband and father is left home alone for the weekend, two stranded young women unexpectedly knock on his door for help. What starts out as a kind gesture results in a dangerous seduction and a deadly game of cat and mouse.","27|53|80",5.389,3598,13.7349,"2026-10-06"
274167,"Daddy's Home","2015-12-25","The story of a mild-mannered radio executive who strives to become the best stepdad ever to his wife's two children, but complications ensue when their freewheeling, freeloading real father arrives, forcing stepdad to compete for the affection of the kids.","35",6.297,3529,10.9623,"2026-10-06"
285783,"The Walk","2015-09-30","The story of French high-wire artist Philippe Petit's attempt to cross the Twin Towers of the World Trade Center in 1974.","36|18|12",6.99,3465,10.8765,"2026-10-06"
249070,"Hitman: Agent 47","2015-08-20","An assassin teams up with a woman to help her find her father and uncover the mysteries of her ancestry.","28|80|53",5.913,3384,9.0502,"2026-10-06"
238615,"Self/less","2015-07-10","An extremely wealthy elderly man dying from cancer undergoes a radical medical procedure that transfers his consciousness to the body of a healthy young man but everything may not be as good as it seems when he starts to uncover the mystery of the body's origins and the secret organization that will kill to keep its secrets.","878|28|53",6.427,3382,13.7179,"2026-10-06"
228205,"The Longest Ride","2015-04-09","The lives of a young couple intertwine with a much older man as he reflects back on a lost love while he's trapped in an automobile crash.","18|10749",7.637,3377,7.9602,"2026-10-06"
167073,"Brooklyn","2015-10-20","In 1950s Ireland and New York, young Eilis Lacey has to choose between two men and two countries.","18|36|10749",7.3,3327,6.2069,"2026-10-06"
241554,"Run All Night","2015-03-11","Brooklyn mobster and prolific hit man Jimmy Conlon has seen better days. Longtime best friend of a mob boss, Jimmy is haunted by the sins of his past—as well as a dogged police detective who’s been one step behind Jimmy for 30 years. But when Jimmy’s estranged son becomes a target, Jimmy must make a choice between the crime family he chose and the real family he abandoned long ago. Now, with nowhere safe to turn, Jimmy has just one night to figure out exactly where his loyalties lie and to see if he can finally make things right.","28|80|53",6.438,3059,13.4501,"2026-10-06"
309809,"The Little Prince","2015-07-29","Based on the best-seller book 'The Little Prince', the movie tells the story of a little girl that lives with resignation in a world where efficiency and work are the only dogmas. Everything will change when accidentally she discovers her neighbor that will tell her about the story of the Little Prince that he once met.","12|16|14|10751",7.625,3041,15.626,"2026-10-06"
261392,"American Ultra","2015-08-19","Mike is an unmotivated stoner whose small-town life with his live-in girlfriend, Phoebe, is suddenly turned upside down.  Unbeknownst to him, Mike is actually a highly trained, lethal sleeper agent. In the blink of an eye, as his secret past comes back to haunt him, Mike is thrust into the middle of a deadly government operation and is forced to summon his inner action-hero in order to survive.","28|35",6.105,3036,7.7188,"2026-10-06"
257091,"Get Hard","2015-03-26","When millionaire hedge fund manager James is convicted of fraud and sentenced to a stretch in San Quentin, the judge gives him one month to get his affairs in order. Knowing that he won't survive more than a few minutes in prison on his own, James desperately turns to Darnell-- a black businessman who's never even had a parking ticket -- for help. As Darnell puts James through the wringer, both learn that they were wrong about many things, including each other.","35|80",6.015,2989,7.4812,"2026-10-06"
227719,"Project Almanac","2015-01-28","A group of teens discover secret plans of a time machine, and construct one. However, things start to get out of control.","878|53",6.816,2989,6.9744,"2026-10-06"
266647,"Pan","2015-09-24","Living a bleak existence at a London orphanage, 12-year-old Peter finds himself whisked away to the fantastical world of Neverland. Adventure awaits as he meets new friend James Hook and the warrior Tiger Lily. They must band together to save Neverland from the ruthless pirate Blackbeard. Along the way, the rebellious and mischievous boy discovers his true destiny, becoming the hero forever known as Peter Pan.","14|12|10751|28",5.957,2892,7.8247,"2026-10-06"
308369,"Me and Earl and the Dying Girl","2015-06-12","Greg is coasting through senior year of high school as anonymously as possible, avoiding social interactions like the plague while secretly making spirited, bizarre films with Earl, his only friend. But both his anonymity and friendship threaten to unravel when his mother forces him to befriend a classmate with leukemia.","18|35",7.528,2836,5.8368,"2026-10-06"
210860,"Mortdecai","2015-01-21","An art dealer, Charles Mortdecai, searches for a stolen painting rumored to contain a secret code that gains access to hidden Nazi gold.","35|12",5.522,2817,6.5418,"2026-10-06"
192141,"No Escape","2015-08-26","In their new overseas home, an American family soon finds themselves caught in the middle of a coup, and they frantically look for a safe escape in an environment where foreigners are being immediately executed.","53|28",6.953,2812,10.649,"2026-10-06"
325348,"Hardcore Henry","2015-09-12","Henry, a newly resurrected cyborg who must save his wife/creator from the clutches of a psychotic tyrant with telekinetic powers, AKAN, and his army of mercenaries. Fighting alongside Henry is Jimmy, who is Henry's only hope to make it through the day. Hardcore Henry takes place over the course of one day, in Moscow, Russia.","28|12|878",6.431,2788,7.841,"2026-10-06"
321741,"Concussion","2015-11-12","A dramatic thriller based on the incredible true David vs. Goliath story of American immigrant Dr. Bennet Omalu, the brilliant forensic neuropathologist who made the first discovery of CTE, a football-related brain trauma, in a pro player and fought for the truth to be known. Omalu's emotional quest puts him at dangerous odds with one of the most powerful institutions in the world.","18",7.078,2779,5.5108,"2026-10-06"
271718,"Trainwreck","2015-07-17","Ever since her father drilled into her head that monogamy isn't realistic, magazine writer Amy has made promiscuity her credo. As much as she enjoys an uninhibited life free of commitment, Amy is really in a rut. While writing a profile about charming and successful sports doctor Aaron Conners, she finds herself actually falling in love for the first time -- and what's more, Aaron seems to really like her too. Amy starts to wonder if it's time to clean up her act and face her fears.","35|10749",5.778,2776,8.0262,"2026-10-06"
294963,"Bone Tomahawk","2015-10-23","During a shootout in a saloon, Sheriff Hunt injures a suspicious stranger. The doctor's assistant, wife of the local foreman, tends to him in prison. That night, the town is attacked and they both disappear—only the arrow of a cannibal tribe is found. Hunt and a few of his men go in search of the prisoner and the foreman's wife.","18|27|37",6.893,2652,8.6893,"2026-10-06"
228165,"The SpongeBob Movie: Sponge Out of Water","2015-01-28","Evil pirate Burger Beard is in search of the final page of a magical book that makes any evil plan he writes in it come true, but the final page happens to be the Krabby Patty secret formula. When Burger Beard endangers Bikini Bottom, SpongeBob, Patrick, Mr. Krabs, Squidward, Sandy, and Plankton must embark on a quest to retrieve the recipe and save their city...a quest that takes them to the surface world and transforms them into superheroes.","12|16|35|10751|14",6.121,2612,18.2197,"2026-10-06"
277217,"Descendants","2015-07-31","A present-day idyllic kingdom where the benevolent teenage son of King Adam and Queen Belle offers a chance of redemption for the troublemaking offspring of Disney's classic villains: Cruella De Vil (Carlos), Maleficent (Mal), the Evil Queen (Evie) and Jafar (Jay).","10751|12|14|10770",7.2,2586,12.7822,"2026-10-06"
282984,"Irrational Man","2015-07-17","On a small town college campus, a philosophy professor in existential crisis gives his life new purpose when he enters into a relationship with his student.","18|35",6.5,2517,5.0083,"2026-10-06"
301351,"We Are Your Friends","2015-08-26","Young Cole Carter dreams of hitting the big time as a Hollywood disc jockey, spending his days and nights hanging with buddies and working on the one track that will set the world on fire. Opportunity comes knocking when he meets James Reed, a charismatic DJ who takes the 23-year-old under his wing. Soon, his seemingly clear path to success gets complicated when he starts falling for his mentor's girlfriend, jeopardizing his new friendship and the future he seems destined to fulfill.","18|10402|10749|35",6.809,2498,6.8731,"2026-10-06"
257088,"Point Break","2015-12-03","A young undercover FBI agent infiltrates a gang of thieves who share a common interest in extreme sports. A remake of the 1991 film, ""Point Break"".","28|12|80|53",6,2495,10.7336,"2026-10-06"
287903,"Krampus","2015-11-26","When his dysfunctional family clashes over the holidays, young Max is disillusioned and turns his back on Christmas.  Little does he know, this lack of festive spirit has unleashed the wrath of Krampus: a demonic force of ancient evil intent on punishing non-believers.","27|35|14",6.206,2467,7.1451,"2026-10-06"
339527,"Solace","2015-09-03","A psychic doctor, John Clancy, works with an FBI special agent in search of a serial killer.","53|80|9648",6.5,2447,8.769,"2026-10-06"
243688,"Poltergeist","2015-05-20","A family's suburban home is invaded by angry spirits. When the terrifying apparitions escalate their attacks and take the youngest daughter, the family must come together to rescue her.","27",5.2,2442,9.9435,"2026-10-06"
283445,"Sinister 2","2015-08-19","A young mother and her twin sons move into a rural house that's marked for death.","27",5.9,2373,9.7716,"2026-10-06"
228066,"Victor Frankenstein","2015-11-10","Eccentric scientist Victor Von Frankenstein creates a grotesque creature in an unorthodox scientific experiment.","18|878|53",5.957,2334,6.9101,"2026-10-06"
201088,"Blackhat","2015-01-13","Nicholas Hathaway, a furloughed convict, and his American and Chinese partners hunt a high-level cybercrime network from Chicago to Los Angeles to Hong Kong to Jakarta. As Hathaway closes in, the stakes become personal as he discovers that the attack on a Chinese nuclear power plant was just the beginning.","80|53|28",5.524,2237,9.214,"2026-10-06"
273477,"Scouts Guide to the Zombie Apocalypse","2015-10-23","Three scouts and lifelong friends join forces with one badass cocktail waitress to become the world’s most unlikely team of heroes.  When their peaceful town is ravaged by a zombie invasion, they’ll fight for the badge of a lifetime and put their scouting skills to the test to save mankind from the undead.","35|27",6.6,2207,12.6155,"2026-10-06"
222936,"Aloha","2015-05-29","A celebrated military contractor returns to the site of his greatest career triumphs and re-connects with a long-ago love while unexpectedly falling for the hard-charging Air Force watchdog assigned to him.","18|35|10749",5.515,2192,5.2451,"2026-10-06"
335866,"Circle","2015-05-28","In a massive, mysterious chamber, fifty strangers awaken to find themselves trapped with no memory of how they got there.  Organized in an inward-facing circle and unable to move, they quickly learn that every two minutes, one of them must die…executed by a strange device in the center of the room.","27|878|9648|53",6,2181,4.0876,"2026-10-06"
241251,"The Boy Next Door","2015-01-23","A recently cheated on married woman falls for a younger man who has moved in next door, but their torrid affair soon takes a dangerous turn.","53",4.952,2141,6.3458,"2026-10-06"
293660,"Deadpool","2016-02-09","The origin story of former Special Forces operative turned mercenary Wade Wilson, who, after being subjected to a rogue experiment that leaves him with accelerated healing powers, adopts the alter ego Deadpool. Armed with his new abilities and a dark, twisted sense of humor, Deadpool hunts down the man who nearly destroyed his life.","28|12|35",7.626,33386,30.6607,"2026-10-06"
271110,"Captain America: Civil War","2016-04-27","Following the events of Age of Ultron, the collective governments of the world pass an act designed to regulate all superhuman activity. This polarizes opinion amongst the Avengers, causing two factions to side with Iron Man or Captain America, which causes an epic battle between former allies.","12|28|878",7.454,24651,34.1966,"2026-10-06"
284052,"Doctor Strange","2016-10-25","After his career is destroyed, a brilliant but arrogant surgeon gets a new lease on life when a sorcerer takes him under her wing and trains him to defend the world against evil.","14|12|28",7.4,23999,32.0403,"2026-10-06"
297761,"Suicide Squad","2016-08-03","From DC Comics comes the Suicide Squad, an antihero team of incarcerated supervillains who act as deniable assets for the United States government, undertaking high-risk black ops missions in exchange for commuted prison sentences.","28|12|14",5.9,22477,18.8357,"2026-10-06"
259316,"Fantastic Beasts and Where to Find Them","2016-11-16","In 1926, Newt Scamander arrives at the Magical Congress of the United States of America with a magically expanded briefcase, which houses a number of dangerous creatures and their habitats. When the creatures escape from the briefcase, it sends the American wizarding authorities after Newt, and threatens to strain even further the state of magical and non-magical relations.","14|12",7.3,20039,23.1025,"2026-10-06"
329865,"Arrival","2016-11-10","Taking place after alien crafts land around the world, an expert linguist is recruited by the military to determine whether they come in peace or are a threat.","18|878|9648",7.6,19962,22.4366,"2026-10-06"
209112,"Batman v Superman: Dawn of Justice","2016-03-23","Fearing the actions of a god-like Super Hero left unchecked, Gotham City’s own formidable, forceful vigilante takes on Metropolis’s most revered, modern-day savior, while the world wrestles with what sort of hero it really needs. And with Batman and Superman at war with one another, a new threat quickly arises, putting mankind in greater danger than it’s ever known before.","28|12|14",6.013,19417,28.0951,"2026-10-06"
269149,"Zootopia","2016-02-11","Determined to prove herself, Officer Judy Hopps, the first bunny on Zootopia's police force, jumps at the chance to crack her first case - even if it means partnering with scam-artist fox Nick Wilde to solve the mystery.","16|12|10751|35",7.8,18575,32.228,"2026-10-06"
313369,"La La Land","2016-12-01","Mia, an aspiring actress, serves lattes to movie stars in between auditions and Sebastian, a jazz musician, scrapes by playing cocktail party gigs in dingy bars, but as success mounts they are faced with decisions that begin to fray the fragile fabric of their love affair, and the dreams they worked so hard to maintain in each other threaten to rip them apart.","35|18|10749",7.9,18559,29.0141,"2026-10-06"
330459,"Rogue One: A Star Wars Story","2016-12-14","A rogue band of resistance fighters unite for a mission to steal the Death Star plans and bring a new hope to the galaxy.","28|12|878",7.51,16820,13.68,"2026-10-06"
324786,"Hacksaw Ridge","2016-10-07","WWII American Army Medic Desmond T. Doss, who served during the Battle of Okinawa, refuses to kill people and becomes the first Conscientious Objector in American history to receive the Congressional Medal of Honor.","18|36|10752",8.192,15367,30.2443,"2026-10-06"
274870,"Passengers","2016-12-21","A spacecraft traveling to a distant colony planet and transporting thousands of people has a malfunction in its sleep chambers. As a result, two passengers are awakened 90 years early.","18|10749|878",7,14554,21.0017,"2026-10-06"
246655,"X-Men: Apocalypse","2016-05-18","After the re-emergence of the world's first mutant, world-destroyer Apocalypse, the X-Men must unite to defeat his extinction level plan.","878|14|28",6.529,14163,21.1105,"2026-10-06"
277834,"Moana","2016-10-13","In Ancient Polynesia, when a terrible curse incurred by Maui reaches an impetuous Chieftain's daughter's island, she answers the Ocean's call to seek out the demigod to set things right.","12|35|10751|16",7.6,14067,7.54,"2026-10-06"
296096,"Me Before You","2016-06-01","Lou Clark, a directionless 26-year-old from the English countryside, takes a job at the local castle as a caregiver and companion to a wealthy young banker, Will Traynor. Wheelchair-bound from an accident two years prior, the once adventurous Will has all but given up — that is until Lou determines to show him that life is worth living.","18|10749",7.931,13624,22.0336,"2026-10-06"
127380,"Finding Dory","2016-06-16","Dory is reunited with her friends Nemo and Marlin in the search for answers about her past. What can she remember? Who are her parents? And where did she learn to speak Whale?","12|16|10751",7,12886,16.8656,"2026-10-06"
291805,"Now You See Me 2","2016-06-02","One year after outwitting the FBI and winning the public’s adulation with their mind-bending spectacles, the Four Horsemen resurface only to find themselves face to face with a new enemy who enlists them to pull off their most dangerous heist yet.","80|53",6.821,11848,19.2014,"2026-10-06"
381284,"Hidden Figures","2016-12-10","The untold story of Katherine G. Johnson, Dorothy Vaughan and Mary Jackson – brilliant African-American women working at NASA and serving as the brains behind one of the greatest operations in history – the launch of astronaut John Glenn into orbit. The visionary trio crossed all gender and race lines to inspire generations to dream big.","18|36",8,10708,24.3086,"2026-10-06"
283366,"Miss Peregrine's Home for Peculiar Children","2016-09-28","A teenager finds himself transported to an island where he must help protect a group of orphans with special powers from creatures intent on destroying them.","12|14",6.8,10651,17.6942,"2026-10-06"
259693,"The Conjuring 2","2016-06-08","Lorraine and Ed Warren travel to north London to help a single mother raising four children alone in a house plagued by malicious spirits.","27",7.3,9451,32.7885,"2026-10-06"
290250,"The Nice Guys","2016-05-15","A private eye investigates the apparent suicide of a fading porn star in 1970s Los Angeles and uncovers a conspiracy.","35|80|28",7.138,8978,18.4204,"2026-10-06"
333371,"10 Cloverfield Lane","2016-03-10","After a catastrophic car crash, a young woman wakes up in a survivalist's underground bunker, where he claims to have saved her from an apocalyptic attack that has left the outside world uninhabitable.","53|878|18|27",7.011,8976,13.9037,"2026-10-06"
328111,"The Secret Life of Pets","2016-06-18","The quiet life of a terrier named Max is upended when his owner takes in Duke, a stray whom Max instantly dislikes.","16|35|10751|12",6.327,8687,6.7469,"2026-10-06"
278927,"The Jungle Book","2016-04-07","After a threat from the tiger Shere Khan, Mowgli, a man-cub fostered by wolves, is forced to flee the jungle, and he embarks on a journey of self-discovery with the help of the panther, Bagheera, and the free-spirited bear, Baloo.","12|10751|14",6.878,8663,19.3821,"2026-10-06"
335797,"Sing","2016-11-23","A koala named Buster recruits his best friend to help him drum up business for his theater by hosting a singing competition.","16|35|10751|10402",7.124,8602,23.9683,"2026-10-06"
340666,"Nocturnal Animals","2016-11-04","Susan Morrow receives a book manuscript from her ex-husband – a man she left 20 years earlier – asking for her opinion of his writing. As she reads, she is drawn into the fictional life of Tony Hastings, a mathematics professor whose family vacation turns violent.","18|53",7.399,8502,11.7083,"2026-10-06"
121856,"Assassin's Creed","2016-12-21","Through a technology that unlocks the genetic memories of his ancestor in 15th century Spain, Callum Lynch discovers he is a descendant of an ancient line of Assassins and amasses lethal skills to take on the oppressive Templar Order.","28|12|878",5.447,8274,8.7764,"2026-10-06"
300669,"Don't Breathe","2016-06-08","A group of teens break into a blind man's home thinking they'll get away with the perfect crime. They're wrong.","27|53",7.02,8183,17.3714,"2026-10-06"
363676,"Sully","2016-09-07","On 15 January 2009, the world witnessed the 'Miracle on the Hudson' when Captain 'Sully' Sullenberger glided his disabled plane onto the Hudson River, saving the lives of all 155 souls aboard. However, even as Sully was being heralded by the public and the media for his unprecedented feat of aviation skill, an investigation was unfolding that threatened to destroy his reputation and career.","18|36",7.206,7918,12.3281,"2026-10-06"
310131,"The Witch","2016-02-19","In 1630, a farmer relocates his family to a remote plot of land on the edge of a forest where strange, unsettling things happen. With suspicion and paranoia mounting, each family member's faith, loyalty and love are tested in shocking ways.","27|14|9648",7,7919,18.1535,"2026-10-06"
223702,"Sausage Party","2016-07-11","Hot dog Frank leads a group of supermarket products on a quest to discover the truth about their existence and what really happens when they're chosen to leave the grocery store.","12|16|35|14",5.748,7869,14.2872,"2026-10-06"
376867,"Moonlight","2016-10-21","The tender, heartbreaking story of a young man’s struggle to find himself, told across three defining chapters in his life as he experiences the ecstasy, pain, and beauty of falling in love, while grappling with his own sexuality.","18",7.355,7712,13.1117,"2026-10-06"
302946,"The Accountant","2016-10-13","As a math savant uncooks the books for a new client, the Treasury Department closes in on his activities and the body count starts to rise.","80|53|18",7.14,7630,19.7349,"2026-10-06"
68735,"Warcraft","2016-05-25","The peaceful realm of Azeroth stands on the brink of war as its civilization faces a fearsome race of invaders: orc warriors fleeing their dying home to colonize another. As a portal opens to connect the two worlds, one army faces destruction and the other faces extinction. From opposing sides, two heroes are set on a collision course that will decide the fate of their family, their people, and their home.","28|12|14",6.423,7515,13.6773,"2026-10-06"
188927,"Star Trek Beyond","2016-07-07","The USS Enterprise crew explores the furthest reaches of uncharted space, where they encounter a mysterious new enemy who puts them and everything the Federation stands for to the test.","28|12|878",6.791,7287,14.7381,"2026-10-06"
262504,"Allegiant","2016-03-09","Beatrice Prior and Tobias Eaton venture into the world outside of the fence and are taken into protective custody by a mysterious agency known as the Bureau of Genetic Welfare.","12|878|28|9648",6.1,7130,11.7855,"2026-10-06"
328387,"Nerve","2016-06-27","Industrious high school senior Vee Delmonico has had it with living life on the sidelines. When pressured by friends to join the popular online game Nerve, Vee decides to sign up for just one dare in what seems like harmless fun. But as she finds herself caught up in the thrill of the adrenaline-fueled competition partnered with a mysterious stranger, the game begins to take a sinister turn with increasingly dangerous acts, leading her into a high stakes finale that will determine her entire future.","9648|12|80",6.992,7108,10.1474,"2026-10-06"
334543,"Lion","2016-11-24","A five-year-old Indian boy gets lost on the streets of Calcutta, thousands of kilometers from home. He survives many challenges before being adopted by a couple in Australia; 25 years later, he sets out to find his lost family.","18",8.036,7087,10.2447,"2026-10-06"
334533,"Captain Fantastic","2016-07-08","Deep in the forests of the Pacific Northwest, a father devoted to raising his six kids with a rigorous physical and intellectual education is forced to leave his paradise and enter the world, beginning a journey that challenges his idea of what it means to be a parent.","18|35",7.9,6996,11.0054,"2026-10-06"
43074,"Ghostbusters","2016-07-14","Following a ghost invasion of Manhattan, paranormal enthusiasts Erin Gilbert and Abby Yates, nuclear engineer Jillian Holtzmann, and subway worker Patty Tolan band together to stop the otherworldly threat.","28|14|35",5.344,6928,12.6083,"2026-10-06"
241259,"Alice Through the Looking Glass","2016-05-25","Alice Kingsleigh returns to Underland and faces a new adventure in saving the Mad Hatter.","12|10751|14",6.568,6900,16.9166,"2026-10-06"
207932,"Inferno","2016-10-13","After waking up in a hospital with amnesia, professor Robert Langdon and a doctor must race against time to foil a deadly global plot.","9648|53|28",6.1,6805,10.7362,"2026-10-06"
140300,"Kung Fu Panda 3","2016-01-23","While Po and his father are visiting a secret panda village, an evil spirit threatens all of China, forcing Po to form a ragtag army to fight back.","16|28|12|35|10751",6.941,6798,21.7197,"2026-10-06"
258489,"The Legend of Tarzan","2016-06-29","Tarzan, having acclimated to life in London, is called back to his former home in the jungle to investigate the activities at a mining encampment.","14|28|12",5.9,6644,14.503,"2026-10-06"
47933,"Independence Day: Resurgence","2016-06-22","We always knew they were coming back. Using recovered alien technology, the nations of Earth have collaborated on an immense defense program to protect the planet. But nothing can prepare us for the aliens’ advanced and unprecedented force. Only the ingenuity of a few brave men and women can bring our world back from the brink of extinction.","28|12|878",5.371,6634,10.0265,"2026-10-06"
334541,"Manchester by the Sea","2016-11-17","After his older brother passes away, Lee Chandler is forced to return home to care for his 16-year-old nephew. There he is compelled to deal with a tragic past that separated him from his family and the community where he was born and raised.","18",7.548,6598,15.1737,"2026-10-06"
333484,"The Magnificent Seven","2016-09-14","Looking to mine for gold, greedy industrialist Bartholomew Bogue seizes control of the Old West town of Rose Creek. With their lives in jeopardy, Emma Cullen and other desperate residents turn to bounty hunter Sam Chisolm for help. Chisolm recruits an eclectic group of gunslingers to take on Bogue and his ruthless henchmen. With a deadly showdown on the horizon, the seven mercenaries soon find themselves fighting for more than just money once the bullets start to fly.","12|28|37",6.5,6588,15.7039,"2026-10-06"
302699,"Central Intelligence","2016-06-15","Calvin Joyner, a mild-mannered accountant whose high school glory days are long behind him, reconnects with an awkward pal from high school through Facebook. After meeting up, Calvin’s mundane life takes an unexpectedly thrilling turn when he's thrust into the world of international espionage.","28|35",6.413,6517,14.1942,"2026-10-06"
324668,"Jason Bourne","2016-07-27","The most dangerous former operative of the CIA is drawn out of hiding to uncover hidden truths about his past.","28|12|53",6.385,6394,20.561,"2026-10-06"
346685,"The Girl on the Train","2016-10-05","Rachel Watson, devastated by her recent divorce, spends her daily commute fantasizing about the seemingly perfect couple who live in a house that her train passes every day, until one morning she sees something shocking happen there and becomes entangled in the mystery that unfolds.","80|9648|53",6.44,6187,13.5629,"2026-10-06"
299687,"The 5th Wave","2016-01-14","16-year-old Cassie Sullivan tries to survive in a world devastated by the waves of an alien invasion that has already decimated the population and knocked mankind back to the Stone Age.","878|12|28",5.9,6176,13.2902,"2026-10-06"
308266,"War Dogs","2016-08-18","Based on the true story of two young men, David Packouz and Efraim Diveroli, who won a $300 million contract from the Pentagon to arm America's allies in Afghanistan.","35|80|18",6.951,5727,20.1523,"2026-10-06"
311324,"The Great Wall","2016-12-16","European mercenaries searching for black powder become embroiled in the defense of the Great Wall of China against a horde of monstrous creatures.","28|12|14",6.035,5694,16.2697,"2026-10-06"
345920,"Collateral Beauty","2016-12-15","Retreating from life after a tragedy, a man questions the universe by writing to Love, Time and Death. Receiving unexpected answers, he begins to see how these things interlock and how even loss can reveal moments of meaning and beauty.","18|10749",7.212,5623,11.7599,"2026-10-06"
316727,"The Purge: Election Year","2016-06-29","Two years after choosing not to kill the man who killed his son, former police sergeant Leo Barnes has become head of security for Senator Charlene Roan, the front runner in the next Presidential election due to her vow to eliminate the Purge. On the night of what should be the final Purge, a betrayal from within the government forces Barnes and Roan out onto the street where they must fight to survive the night.","28|27|53",6.38,5600,14.1095,"2026-10-06"
310307,"The Founder","2016-11-24","The true story of how Ray Kroc, a salesman from Illinois, met Mac and Dick McDonald, who were running a burger operation in 1950s Southern California. Kroc was impressed by the brothers’ speedy system of making the food and saw franchise potential. He maneuvered himself into a position to be able to pull the company from the brothers and create a billion-dollar empire.","18|36",7.155,5559,16.1035,"2026-10-06"
343611,"Jack Reacher: Never Go Back","2016-10-19","Years after resigning command of an elite military police unit, the nomadic, righter-of-wrongs Reacher is drawn back into the life he left behind when his friend and successor, Major Susan Turner is framed for espionage. Reacher will stop at nothing to prove her innocence and to expose the real perpetrators behind the killings of his former soldiers.","28|53|80",6.031,5512,20.1683,"2026-10-06"
332567,"The Shallows","2016-06-24","While surfing on a secluded beach, Nancy finds herself in the feeding grounds of a great white shark. Though stranded only 200 yards from shore, survival proves to be the ultimate test of wills, requiring all of her ingenuity, resourcefulness, and fortitude.","27|18|53",6.352,5446,14.6258,"2026-10-06"
267860,"London Has Fallen","2016-03-02","In London for the Prime Minister's funeral, Mike Banning discovers a plot to assassinate all the attending world leaders.","28|12|53",6.2,5238,11.9487,"2026-10-06"
290595,"The Huntsman: Winter's War","2016-04-06","As two evil sisters prepare to conquer the land, two renegades—Eric the Huntsman, who aided Snow White in defeating Ravenna in Snowwhite and the Huntsman, and his forbidden lover, Sara—set out to stop them.","28|12|18",6.293,5134,10.8169,"2026-10-06"
296524,"Deepwater Horizon","2016-09-28","A story set on the offshore drilling rig Deepwater Horizon, which exploded during April 2010 and created the worst oil spill in U.S. history.","18|28",6.904,5067,14.6149,"2026-10-06"
338766,"Hell or High Water","2016-08-11","A divorced dad and his ex-con brother resort to a desperate scheme in order to save their family's farm in West Texas.","37|80|18",7.306,5025,12.8634,"2026-10-06"
278154,"Ice Age: Collision Course","2016-06-23","Set after the events of Continental Drift, Scrat's epic pursuit of his elusive acorn catapults him outside of Earth, where he accidentally sets off a series of cosmic events that transform and threaten the planet. To save themselves from peril, Manny, Sid, Diego, and the rest of the herd leave their home and embark on a quest full of thrills and spills, highs and lows, laughter and adventure while traveling to exotic new lands and locations.","12|16|10751|35|878",6.121,5000,26.0293,"2026-10-06"
376570,"Hush","2016-03-12","A deaf woman is stalked by a psychotic killer in her secluded home.","27|53",6.726,4966,7.4797,"2026-10-06"
397243,"The Autopsy of Jane Doe","2016-12-21","Father and son coroners receive a mysterious unidentified corpse with no apparent cause of death. As they attempt to examine the ""Jane Doe,"" they discover increasingly bizarre clues that hold the key to her terrifying secrets.","27|9648",6.846,4915,12.1807,"2026-10-06"
369885,"Allied","2016-11-23","In 1942, an intelligence officer in North Africa encounters a female French Resistance fighter on a deadly mission behind enemy lines. When they reunite in London, their relationship is tested by the pressures of war.","28|18|10752|10749|53",6.811,4906,9.8501,"2026-10-06"
302401,"Snowden","2016-09-15","CIA employee Edward Snowden leaks thousands of classified documents to the press.","18|36|80|53",7.115,4799,7.2822,"2026-10-06"
325133,"Neighbors 2: Sorority Rising","2016-05-04","A sorority moves in next door to the home of Mac and Kelly Radner who have a young child. The Radner's enlist their former nemeses from the fraternity to help battle the raucous sisters.","35",5.816,4705,11.6119,"2026-10-06"
291870,"Dirty Grandpa","2016-01-20","Jason Kelly is one week away from marrying his boss's uber-controlling daughter, putting him on the fast track for a partnership at the law firm. However, when the straight-laced Jason is tricked into driving his foul-mouthed grandfather, Dick, to Daytona for spring break, his pending nuptials are suddenly in jeopardy. Between riotous frat parties, bar fights, and an epic night of karaoke, Dick is on a quest to live his life to the fullest and bring Jason along for the ride.","35",5.941,4683,11.6955,"2026-10-06"
356305,"Why Him?","2016-12-22","A dad forms a bitter rivalry with his daughter's young rich boyfriend.","35",6.389,4494,12.2347,"2026-10-06"
205584,"Gods of Egypt","2016-02-25","A common thief joins a mythical god on a quest through Egypt.","28|12|14",5.7,4467,15.4064,"2026-10-06"
376660,"The Edge of Seventeen","2016-11-18","Two high school girls are best friends until one dates the other's older brother, who is totally his sister's nemesis.","35|18",7.147,4339,9.2258,"2026-10-06"
376659,"Bad Moms","2016-07-28","When three overworked and under-appreciated moms are pushed beyond their limits, they ditch their conventional responsibilities for a jolt of long overdue freedom, fun, and comedic self-indulgence.","35",6.478,4336,9.538,"2026-10-06"
345911,"Lights Out","2016-07-21","Rebecca must unlock the terror behind her little brother's experiences that once tested her sanity, bringing her face to face with a supernatural spirit attached to their mother.","27|9648",6.383,4256,10.7804,"2026-10-06"
153518,"The Angry Birds Movie","2016-05-11","An island populated entirely by happy, flightless birds or almost entirely. In this paradise, Red, a bird with a temper problem, speedy Chuck, and the volatile Bomb have always been outsiders. But when the island is visited by mysterious green piggies, it’s up to these unlikely outcasts to figure out what the pigs are up to.","16|12|35|10751",6.296,4150,16.0035,"2026-10-06"
270487,"Hail, Caesar!","2016-02-05","When a Hollywood star mysteriously disappears in the middle of filming, the studio sends their fixer to get him back.","35|9648",5.9,4103,9.9342,"2026-10-06"
300671,"13 Hours: The Secret Soldiers of Benghazi","2016-01-14","An American Ambassador is killed during an attack at a U.S. compound in Libya as a security team struggles to make sense out of the chaos.","10752|36|18",7.279,4084,16.8706,"2026-10-06"
321258,"The Boy","2016-01-22","A young American woman takes a job as a nanny in a remote English village, soon discovering that the family's eight-year-old son is a life-sized doll that comes with a list of strict rules.","27|9648|53",5.974,4036,8.5659,"2026-10-06"
301365,"The Neon Demon","2016-06-08","When aspiring model Jesse moves to Los Angeles, her youth and vitality are devoured by a group of beauty-obsessed women who will take any means necessary to get what she has.","27|53",6.489,4035,10.2728,"2026-10-06"
346672,"Underworld: Blood Wars","2016-11-24","Vampire death dealer Selene fends off brutal attacks from both the Lycan clan and the Vampire faction that betrayed her. With her only allies, David and his father Thomas, she must stop the eternal war between Lycans and Vampires, even if it means she has to make the ultimate sacrifice.","14|28|53|27",5.925,4033,14.6269,"2026-10-06"
313297,"Kubo and the Two Strings","2016-08-18","Kubo mesmerizes the people in his village with his magical gift for spinning wild tales with origami. When he accidentally summons an evil spirit seeking vengeance, Kubo is forced to go on a quest to solve the mystery of his fallen samurai father and his mystical weaponry, as well as discover his own magical powers.","16|12|10751",7.6,3949,14.612,"2026-10-06"
347031,"Swiss Army Man","2016-06-24","Alone on a tiny deserted island, Hank has given up all hope of ever making it home again. But one day everything changes when a dead body washes ashore, and he soon realizes it may be his last opportunity to escape certain death. Armed with his new “friend” and an unusual bag of tricks, the duo go on an epic adventure to bring Hank back to the woman of his dreams.","35|18|10749|14|12",6.911,3936,8.1093,"2026-10-06"
136799,"Trolls","2016-10-13","After the monstrous Bergens invade Troll Village, Princess Poppy, the happiest Troll ever born, and overly-cautious, curmudgeonly outcast Branch set off on a journey to rescue her friends. Their mission is full of adventure and mishaps, as this mismatched duo try to tolerate each other long enough to get the job done.","12|16|35|10751|14",6.623,3917,16.4401,"2026-10-06"
308531,"Teenage Mutant Ninja Turtles: Out of the Shadows","2016-05-30","After supervillain Shredder escapes custody, he joins forces with mad scientist Baxter Stockman and two dimwitted henchmen, Bebop and Rocksteady, to unleash a diabolical plan to take over the world. As the Turtles prepare to take on Shredder and his new crew, they find themselves facing an even greater evil with similar intentions: the notorious Krang.","28|12|35|10751|878",6.1,3899,13.4541,"2026-10-06"
278924,"Mechanic: Resurrection","2016-08-25","Arthur Bishop thought he had put his murderous past behind him when his most formidable foe kidnaps the love of his life. Now he is forced to travel the globe to complete three impossible assassinations, and do what he does best, make them look like accidents.","28|80|53|12",6.1,3777,15.5284,"2026-10-06"
267935,"The BFG","2016-06-01","An orphan little girl befriends a benevolent giant who takes her to Giant Country, where they attempt to stop the man-eating giants that are invading the human world.","12|10751|14",6.3,3722,13.5884,"2026-10-06"
258230,"A Monster Calls","2016-10-07","12-year-old Conor encounters an ancient tree monster who proceeds to help him cope with his mother's terminal illness and being bullied in school.","14|12|10751",7.3,3664,10.827,"2026-10-06"
173897,"Resident Evil: The Final Chapter","2016-12-23","Picking up immediately after the events in Resident Evil: Retribution, Alice is the only survivor of what was meant to be humanity's final stand against the undead. Now, she must return to where the nightmare began - The Hive in Raccoon City, where the Umbrella Corporation is gathering its forces for a final strike against the only remaining survivors of the apocalypse.","28|27|878",6.104,3622,1.2898,"2026-10-06"
68730,"Silence","2016-12-23","In the 17th century, two Portuguese Jesuit priests travel to Japan in an attempt to locate their mentor, who is rumored to have committed apostasy, and to propagate Catholicism.","18|36",7.1,3423,9.244,"2026-10-06"
259694,"How to Be Single","2016-02-08","New York City is full of lonely hearts seeking the right match, and what Alice, Robin, Lucy, Meg, Tom and David all have in common is the need to learn how to be single in a world filled with ever-evolving definitions of love.","35|10749",6.257,3405,11.2075,"2026-10-06"
303858,"Money Monster","2016-05-12","Financial TV host Lee Gates and his producer Patty are put in an extreme situation when an irate investor takes over their studio.","53|18",6.431,3208,9.975,"2026-10-06"
95610,"Bridget Jones's Baby","2016-09-14","After breaking up, Bridget Jones' happily-ever-after hasn't quite gone according to plan. Fortysomething and single again, she decides to focus on her job and surround herself with old friends and new. For once, Bridget has everything completely under control. Then her love life takes a turn when she meets Jack. A week later, she runs into Mark before she finds herself pregnant, but with one hitch - she's not sure of the identity of her baby's father - Mark or Jack.","18|35|10749",6.4,3134,9.9498,"2026-10-06"
313922,"Green Room","2016-04-15","Members of a punk rock band and a tough young woman are forced to fight for survival after witnessing an act of violence at a skinhead bar.","27|80|53",6.7,3057,8.7101,"2026-10-06"
306947,"The Invitation","2016-04-08","Will and his new girlfriend Kira are invited to a dinner with old friends at the house of Will’s ex Eden and her new partner David. Although the evening appears to be relaxed, Will soon gets a creeping suspicion that their charming host David is up to something.","53|27",6.4,2970,5.7566,"2026-10-06"
388399,"Patriots Day","2016-12-12","In the aftermath of an unspeakable act of terror, Police Sergeant Tommy Saunders joins courageous survivors, first responders and investigators in a race against the clock to hunt down the Boston Marathon bombers before they strike again.","28|80|18|36|53",7.062,2937,11.741,"2026-10-06"
393457,"Fences","2016-12-16","In 1950s Pittsburgh, a frustrated African-American father struggles with the constraints of poverty, racism, and his own inner demons as he tries to raise a family.","18",6.895,2866,8.3249,"2026-10-06"
339397,"Café Society","2016-05-11","The story of a young man who arrives in Hollywood during the 1930s hoping to work in the film industry, falls in love, and finds himself swept up in the vibrant café society that defined the spirit of the age.","35|18|10749",6.4,2865,7.9383,"2026-10-06"
335796,"Ouija: Origin of Evil","2016-10-20","In 1967 Los Angeles, a widowed mother and her two daughters add a new stunt to bolster their séance scam business and unwittingly invite authentic evil into their home. When the youngest daughter is overtaken by the merciless spirit, this small family confronts unthinkable fears to save her and send her possessor back to the other side.","27",6.166,2695,10.6103,"2026-10-06"
316023,"Mike and Dave Need Wedding Dates","2016-07-07","Mike and Dave are young, adventurous, fun-loving brothers who tend to get out of control at family gatherings. When their sister Jeanie reveals her Hawaiian wedding plans, the rest of the Stangles insist that the brothers bring respectable dates. After placing an ad on Craigslist, the siblings decide to pick Tatiana and Alice, two charming and seemingly normal women. Once they arrive on the island, however, Mike and Dave realize that their companions are ready to get wild and party.","35",6.046,2671,6.3094,"2026-10-06"
303991,"Demolition","2016-04-06","An emotionally desperate investment banker finds hope through a woman he meets.","35|18",6.862,2636,7.8053,"2026-10-06"
315635,"Spider-Man: Homecoming","2017-07-05","Following the events of Captain America: Civil War, Peter Parker, with the help of his mentor Tony Stark, tries to balance his life as an ordinary high school student in Queens, New York City, with fighting crime as his superhero alter ego Spider-Man as a new threat, the Vulture, emerges.","28|12|878",7.3,23998,47.4706,"2026-10-06"
283995,"Guardians of the Galaxy Vol. 2","2017-04-25","The Guardians must fight to keep their newfound family together as they unravel the mysteries of Peter Quill's true parentage.","878|12|28",7.61,23522,29.2543,"2026-10-06"
284053,"Thor: Ragnarok","2017-10-02","Thor is imprisoned on the other side of the universe and finds himself in a race against time to get back to Asgard to stop Ragnarok, the destruction of his home-world and the end of Asgardian civilization, at the hands of a powerful new threat, the ruthless Hela.","28|12|35|878",7.58,22571,35.7629,"2026-10-06"
354912,"Coco","2017-10-27","Despite his family’s baffling generations-old ban on music, Miguel dreams of becoming an accomplished musician like his idol, Ernesto de la Cruz. Desperate to prove his talent, Miguel finds himself in the stunning and colorful Land of the Dead following a mysterious chain of events. Along the way, he meets charming trickster Hector, and together, they set off on an extraordinary journey to unlock the real story behind Miguel's family history.","10751|16|10402|12",8.198,21487,49.7627,"2026-10-06"
297762,"Wonder Woman","2017-05-30","An Amazon princess comes to the world of Man in the grips of the First World War to confront the forces of evil and bring an end to human conflict.","28|12|14",7.2,21256,23.9561,"2026-10-06"
263115,"Logan","2017-02-28","In the near future, a weary Logan cares for an ailing Professor X in a hideout on the Mexican border. But Logan's attempts to hide from the world and his legacy are upended when a young mutant arrives, pursued by dark forces.","28|18|878",7.8,20905,25.8135,"2026-10-06"
346364,"It","2017-09-06","In a small town in Maine, seven children known as The Losers Club come face to face with life problems, bullies and a monster that takes the shape of a clown called Pennywise.","27|53|18",7.241,20735,22.8097,"2026-10-06"
419430,"Get Out","2017-02-24","Chris and his girlfriend Rose go upstate to visit her parents for the weekend. At first, Chris reads the family's overly accommodating behavior as nervous attempts to deal with their daughter's interracial relationship, but as the weekend progresses, a series of increasingly disturbing discoveries lead him to a truth that he never could have imagined.","9648|53|27",7.6,19423,33.0905,"2026-10-06"
381288,"Split","2017-01-19","Though Kevin has evidenced 23 personalities to his trusted psychiatrist, Dr. Fletcher, there remains one still submerged who is set to materialize and dominate all the others. Compelled to abduct three teenage girls led by the willful, observant Casey, Kevin reaches a war for survival among all of those contained within him — as well as everyone around him — as the walls between his compartments shatter apart.","27|53",7.341,18693,17.0188,"2026-10-06"
374720,"Dunkirk","2017-07-19","The story of the miraculous evacuation of Allied soldiers from Belgium, Britain, Canada and France, who were cut off and surrounded by the German army from the beaches and harbour of Dunkirk between May 26th and June 4th 1940 during World War II.","10752|28|18",7.45,18050,17.1202,"2026-10-06"
339403,"Baby Driver","2017-06-28","After being coerced into working for a crime boss, a young getaway driver finds himself taking part in a heist doomed to fail.","28|80",7.445,17261,19.7341,"2026-10-06"
181808,"Star Wars: The Last Jedi","2017-12-13","Rey develops her newly discovered abilities with the guidance of Luke Skywalker, who is unsettled by the strength of her powers. Meanwhile, the Resistance prepares to do battle with the First Order.","12|28|878",6.733,16733,30.4382,"2026-10-06"
321612,"Beauty and the Beast","2017-03-16","A live-action adaptation of Disney's version of the classic tale of a cursed prince and a beautiful young woman who helps him break the spell.","10751|14|10749",7,16185,24.6522,"2026-10-06"
335984,"Blade Runner 2049","2017-10-04","Thirty years after the events of the first film, a new blade runner, LAPD Officer K, unearths a long-buried secret that has the potential to plunge what's left of society into chaos. K's discovery leads him on a quest to find Rick Deckard, a former LAPD blade runner who has been missing for 30 years.","878|18",7.608,15785,56.9937,"2026-10-06"
353486,"Jumanji: Welcome to the Jungle","2017-12-20","Four teenagers in detention discover an old video game console with a game they’ve never heard of. When they decide to play, they are immediately sucked into the jungle world of Jumanji in the bodies of their avatars. They’ll have to complete the adventure of their lives filled with fun, thrills and danger or be stuck in the game forever!","12|35|14",6.824,14809,23.3415,"2026-10-06"
324552,"John Wick: Chapter 2","2017-02-08","John Wick is forced out of retirement by a former associate looking to seize control of a shadowy international assassins’ guild. Bound by a blood oath to aid him, Wick travels to Rome and does battle against some of the world’s most dangerous killers.","28|53|80",7.346,14678,22.9698,"2026-10-06"
141052,"Justice League","2017-11-15","Fuelled by his restored faith in humanity and inspired by Superman's selfless act, Bruce Wayne and Diana Prince assemble a team of metahumans consisting of Barry Allen, Arthur Curry and Victor Stone to face the catastrophic threat of Steppenwolf and the Parademons who are on the hunt for three Mother Boxes on Earth.","28|12|878",6.065,13990,22.098,"2026-10-06"
399055,"The Shape of Water","2017-12-01","An other-worldly story, set against the backdrop of Cold War era America circa 1962, where a mute janitor working at a lab falls in love with an amphibious man being held captive there and devises a plan to help him escape.","18|14|10749",7.2,13115,19.6253,"2026-10-06"
166426,"Pirates of the Caribbean: Dead Men Tell No Tales","2017-05-23","Thrust into an all-new adventure, a down-on-his-luck Capt. Jack Sparrow feels the winds of ill-fortune blowing even more strongly when deadly ghost sailors led by his old nemesis, the evil Capt. Salazar, escape from the Devil's Triangle. Jack's only hope of survival lies in seeking out the legendary Trident of Poseidon, but to find it, he must forge an uneasy alliance with a brilliant and beautiful astronomer and a headstrong young man in the British navy.","12|28|14",6.665,13112,21.9833,"2026-10-06"
398818,"Call Me by Your Name","2017-10-01","In the summer of 1983, a 17-year-old Elio spends his days in his family's villa in Italy. One day Oliver, a graduate student, arrives to assist Elio's father, a professor of Greco-Roman culture. Soon, Elio and Oliver discover a summer that will alter their lives forever.","10749|18",8.079,12974,23.7181,"2026-10-06"
343668,"Kingsman: The Golden Circle","2017-09-20","When an attack on the Kingsman headquarters takes place and a new villain rises, Eggsy and Merlin are forced to work together with the American agency known as the Statesman to save the world.","80|35|28",6.941,11420,20.4966,"2026-10-06"
293167,"Kong: Skull Island","2017-03-08","Explore the mysterious and dangerous home of the king of the apes as a team of explorers ventures deep inside the treacherous, primordial island.","28|12|14",6.6,11378,20.228,"2026-10-06"
359940,"Three Billboards Outside Ebbing, Missouri","2017-12-01","After seven months have passed without a culprit in her daughter's murder case, Mildred Hayes makes a bold move, painting three signs leading into her town with a controversial message directed at Bill Willoughby, the town's revered chief of police. When his second-in-command Officer Jason Dixon, an immature mother's boy with a penchant for violence, gets involved, the battle between Mildred and Ebbing's law enforcement is only exacerbated.","80|18",8.051,11241,13.4788,"2026-10-06"
337339,"The Fate of the Furious","2017-04-12","When a mysterious woman seduces Dom into the world of crime and a betrayal of those closest to him, the crew face trials that will test them as never before.","28|80|53",6.848,11021,19.8439,"2026-10-06"
392044,"Murder on the Orient Express","2017-11-03","Genius Belgian detective Hercule Poirot investigates the murder of an American tycoon aboard the Orient Express train.","9648|18|80",6.705,10764,13.7004,"2026-10-06"
316029,"The Greatest Showman","2017-12-20","The story of American showman P.T. Barnum, founder of the circus that became the famous traveling Ringling Bros. and Barnum & Bailey Circus.","18",7.9,10267,20.8384,"2026-10-06"
281338,"War for the Planet of the Apes","2017-07-11","Caesar and his apes are forced into a deadly conflict with an army of humans led by a ruthless Colonel. After the apes suffer unimaginable losses, Caesar wrestles with his darker instincts and begins his own mythic quest to avenge his kind. As the journey finally brings them face to face, Caesar and the Colonel are pitted against each other in an epic battle that will determine the fate of both their species and the future of the planet.","18|878|10752",7.225,10000,17.6516,"2026-10-06"
126889,"Alien: Covenant","2017-05-09","The crew of the colony ship Covenant, bound for a remote planet on the far side of the galaxy, discovers what they think is an uncharted paradise but is actually a dark, dangerous world.","27|878",6.2,9720,29.5487,"2026-10-06"
47971,"xXx: Return of Xander Cage","2017-01-13","Xander Cage is left for dead after an incident, though he secretly returns to action for a new, tough assignment with his handler Augustus Gibbons.","28|12|80",6.127,9346,21.9914,"2026-10-06"
391713,"Lady Bird","2017-09-01","Lady Bird McPherson, a strong willed, deeply opinionated, artistic 17 year old comes of age in Sacramento. Her relationship with her mother and her upbringing are questioned and tested as she plans to head off to college.","18|35",7.249,9203,14.6889,"2026-10-06"
315837,"Ghost in the Shell","2017-03-29","In the near future, Major is the first of her kind: a human saved from a terrible crash, then cyber-enhanced to be a perfect soldier devoted to stopping the world's most dangerous criminals.","878|18|28",6.1,8773,19.4522,"2026-10-06"
339846,"Baywatch","2017-05-25","Devoted lifeguard Mitch Buchannon butts heads with a brash new recruit. Together, they uncover a local criminal plot that threatens the future of the Bay.","35|28|80",6.075,8645,13.6486,"2026-10-06"
406997,"Wonder","2017-11-13","The story of August Pullman – a boy with facial differences – who enters fifth grade, attending a mainstream elementary school for the first time.","10751|18",8.097,8422,15.2669,"2026-10-06"
339964,"Valerian and the City of a Thousand Planets","2017-07-19","In the 28th century, Valerian and Laureline are special operatives charged with keeping order throughout the human territories. On assignment from the Minister of Defense, the two undertake a mission to Alpha, an ever-expanding metropolis where species from across the universe have converged over centuries to share knowledge, intelligence, and cultures. At the center of Alpha is a mysterious dark force which threatens the peaceful existence of the City of a Thousand Planets, and Valerian and Laureline must race to identify the menace and safeguard not just Alpha, but the future of the universe.","12|878|28",6.656,8246,11.1496,"2026-10-06"
395992,"Life","2017-03-22","The six-member crew of the International Space Station is tasked with studying a sample from Mars that may be the first proof of extra-terrestrial life, which proves more intelligent than ever expected.","27|878|9648",6.467,8151,19.3787,"2026-10-06"
341174,"Fifty Shades Darker","2017-02-08","When a wounded Christian Grey tries to entice a cautious Ana Steele back into his life, she demands a new arrangement before she will give him another chance. As the two begin to build trust and find stability, shadowy figures from Christian’s past start to circle the couple, determined to destroy their hopes for a future together.","18|10749",6.469,8020,12.5698,"2026-10-06"
282035,"The Mummy","2017-06-06","Though safely entombed in a crypt deep beneath the unforgiving desert, an ancient queen whose destiny was unjustly taken from her is awakened in our current day, bringing with her malevolence grown over millennia, and terrors that defy human comprehension.","14|53|28|12|27",5.52,7823,27.9978,"2026-10-06"
324852,"Despicable Me 3","2017-06-15","Gru and his wife Lucy must stop former '80s child star Balthazar Bratt from achieving world domination.","28|16|35|10751|12",6.5,7815,23.1163,"2026-10-06"
295693,"The Boss Baby","2017-03-23","A story about how a new baby's arrival impacts a family, told from the point of view of a delightfully unreliable narrator, a wildly imaginative 7 year old named Tim.","16|35|10751",6.5,7594,7.6501,"2026-10-06"
381283,"mother!","2017-09-13","A couple's relationship is tested when uninvited guests arrive at their home, disrupting their tranquil existence.","27|18",6.9,7281,9.3741,"2026-10-06"
335988,"Transformers: The Last Knight","2017-06-16","Humans and Transformers are at war. Optimus Prime is gone. The key to saving our future lies buried in the secrets of the past, in the hidden history of Transformers on Earth. Saving our world falls upon the shoulders of an unlikely alliance: Cade Yeager; Bumblebee; an English Lord; and an Oxford Professor.","28|12|878",6.063,6912,17.4046,"2026-10-06"
390043,"The Hitman's Bodyguard","2017-08-16","The world’s top bodyguard gets a new client, a hitman who must testify at the International Court of Justice. They must put their differences aside and work together to make it to the trial on time.","28|35|80|53",6.895,6850,11.2024,"2026-10-06"
341013,"Atomic Blonde","2017-07-26","An undercover MI6 agent is sent to Berlin during the Cold War to investigate the murder of a fellow agent and recover a missing list of double agents.","28|53",6.4,6802,13.4516,"2026-10-06"
440021,"Happy Death Day","2017-10-12","Caught in a bizarre and terrifying time warp, college student Tree finds herself repeatedly reliving the day of her murder, ultimately realizing that she must identify the killer and the reason for her death before her chances of survival run out.","35|27|9648",6.659,6727,12.809,"2026-10-06"
260514,"Cars 3","2017-06-15","Blindsided by a new generation of blazing-fast racers, the legendary Lightning McQueen finds himself pushed to the brink—and suddenly, the champion who once ruled the track is fighting just to stay in the race. With his career hanging in the balance, McQueen must turn to an ambitious young race technician with a plan of her own, draw strength from the legacy of the late Fabulous Hudson Hornet, and risk everything on one last shot at glory.","16|18|10751|12",6.866,6613,24.6693,"2026-10-06"
406990,"What Happened to Monday","2017-08-18","In a world where families are limited to one child due to overpopulation, a set of identical septuplets must avoid being put to a long sleep by the government and dangerous infighting while investigating the disappearance of one of their own.","878|53|9648|28",7.138,6586,9.807,"2026-10-06"
389015,"I, Tonya","2017-12-07","Competitive ice skater Tonya Harding rises amongst the ranks at the U.S. Figure Skating Championships, but her future in the sport is thrown into doubt when her ex-husband intervenes.","18|35",7.466,6329,11.0882,"2026-10-06"
274857,"King Arthur: Legend of the Sword","2017-05-09","When the child Arthur’s father is murdered, Vortigern, Arthur’s uncle, seizes the crown. Robbed of his birthright and with no idea who he truly is, Arthur comes up the hard way in the back alleys of the city. But once he pulls the sword Excalibur from the stone, his life is turned upside down and he is forced to acknowledge his true legacy... whether he likes it or not.","28|18|14",6.561,6207,17.3786,"2026-10-06"
396422,"Annabelle: Creation","2017-08-03","Several years after the tragic death of their little girl, a doll maker and his wife welcome a nun and several girls from a shuttered orphanage into their home, soon becoming the target of the doll maker's possessed creation—Annabelle.","27",6.6,6115,18.3228,"2026-10-06"
400106,"Bright","2017-12-22","In an alternate present-day where magical creatures live among us, two L.A. cops become embroiled in a prophesied turf battle.","14|28|53",6.165,6104,6.4098,"2026-10-06"
400928,"Gifted","2017-04-07","Frank, a single man raising his child prodigy niece Mary, is drawn into a custody battle with his mother.","18|35",7.987,6086,12.4599,"2026-10-06"
395834,"Wind River","2017-08-03","An FBI agent teams with the town's veteran game tracker to investigate a murder that occurred on a Native American reservation.","80|9648|53",7.441,5994,15.8943,"2026-10-06"
353491,"The Dark Tower","2017-08-03","A boy haunted by visions of a parallel world aids its disillusioned guardian in preventing the destruction of the nexus of universes known as the Dark Tower.","14|28|878",5.8,5702,21.63,"2026-10-06"
399404,"Darkest Hour","2017-11-22","In May 1940, the fate of World War II hangs on Winston Churchill, who must decide whether to negotiate with Adolf Hitler or fight on knowing that it could mean the end of the British Empire.","18|36",7.355,5662,13.0371,"2026-10-06"
324849,"The Lego Batman Movie","2017-02-08","A cooler-than-ever Batman must face the usual villains as the Joker plots a takeover of Gotham City. But when Bruce Wayne accidentally adopts a teenage orphan who wishes to become his sidekick, he’s forced to give up his lone-vigilante ways and learn to work with others.","16|28|35|10751",7.261,5595,16.2883,"2026-10-06"
274855,"Geostorm","2017-10-12","After an unprecedented series of natural disasters threatened the planet, the world's leaders came together to create an intricate network of satellites to control the global climate and keep everyone safe. But now, something has gone wrong: the system built to protect Earth is attacking it, and it becomes a race against the clock to uncover the real threat before a worldwide geostorm wipes out everything and everyone along with it.","28|878|53",6.1,5361,11.6518,"2026-10-06"
337170,"American Made","2017-08-18","The true story of pilot Barry Seal, who transported contraband for the CIA and the Medellin cartel in the 1980s.","35|80|18",6.902,5161,20.2334,"2026-10-06"
446354,"The Post","2017-12-22","A cover-up that spanned four U.S. Presidents pushed the country's first female newspaper publisher and a hard-driving editor to join an unprecedented battle between journalist and government. Inspired by true events.","18|36",7.006,5041,15.1105,"2026-10-06"
305470,"Power Rangers","2017-03-23","Five ordinary teens must become something extraordinary when they learn that their small town of Angel Grove — and the world — is on the verge of being obliterated by an alien threat. Chosen by destiny, our heroes quickly discover they are the only ones who can save the planet. But to do so, they will have to overcome their real-life issues and before it’s too late, band together as the Power Rangers.","28|12|878",6.242,4747,12.0489,"2026-10-06"
339988,"The Circle","2017-04-27","A young tech worker takes a job at a powerful Internet corporation, quickly rises up the company's ranks, and soon finds herself in a perilous situation concerning privacy, surveillance and freedom. She comes to learn that her decisions and actions will determine the future of humanity.","18|53|878",5.525,4665,8.1366,"2026-10-06"
387426,"Okja","2017-06-28","A young girl named Mija risks everything to prevent a powerful, multi-national company from kidnapping her best friend - a massive animal named Okja.","12|18|878|28",7.321,4651,5.8144,"2026-10-06"
399057,"The Killing of a Sacred Deer","2017-10-20","Dr. Steven Murphy is a renowned cardiovascular surgeon who presides over a spotless household with his wife and two children. Lurking at the margins of his idyllic suburban existence is Martin, a fatherless teen who insinuates himself into the doctor's life in gradually unsettling ways.","18|53|9648",7,4605,8.4428,"2026-10-06"
340837,"A Cure for Wellness","2017-02-15","An ambitious young executive is sent to retrieve his company's CEO from an idyllic but mysterious ""wellness center"" at a remote location in the Swiss Alps but soon suspects that the spa's miraculous treatments are not what they seem.","27|9648|878",6.4,4311,11.4116,"2026-10-06"
301337,"Downsizing","2017-12-22","A kindly occupational therapist undergoes a new procedure to be shrunken to four inches tall so that he and his wife can help save the planet and afford a nice lifestyle at the same time.","18|878|35",5.422,4215,10.0976,"2026-10-06"
351460,"Death Note","2017-08-25","Light Turner finds a supernatural notebook and uses it to mete out death, attracting the attention of a detective, a demon and a girl in his class.","80|14|27|53",4.278,4196,8.2056,"2026-10-06"
396371,"Molly's Game","2017-12-07","Molly Bloom, a young skier and former Olympic hopeful becomes a successful entrepreneur (and a target of an FBI investigation) when she establishes a high-stakes, international poker game.","18|80",7.155,4138,12.9818,"2026-10-06"
298250,"Jigsaw","2017-10-25","Law enforcement finds itself chasing the ghost of a man dead for over a decade, embroiled in a diabolical new game that's only just begun.","27|9648",6.207,4072,9.3855,"2026-10-06"
343674,"Gerald's Game","2017-09-29","When her husband's sex game goes wrong, Jessie (who is handcuffed to a bed in a remote lake house) faces warped visions, dark secrets and a dire choice.","27|53|18",6.398,4040,9.0314,"2026-10-06"
419479,"The Babysitter","2017-10-13","When Cole stays up past his bedtime, he discovers that his hot babysitter is part of a Satanic cult that will stop at nothing to keep him quiet.","35|27",6.2,4016,8.9911,"2026-10-06"
399170,"Logan Lucky","2017-08-17","Trying to reverse a family curse, brothers Jimmy and Clyde Logan set out to execute an elaborate robbery during the legendary Coca-Cola 600 race at the Charlotte Motor Speedway.","35|80|28|18",6.735,3974,14.4284,"2026-10-06"
400617,"Phantom Thread","2017-12-25","In 1950s London, a renowned dressmaker's meticulous lifestyle begins drastically changing as his relationship with his young muse intensifies.","18|10749",7.313,3886,12.3181,"2026-10-06"
371638,"The Disaster Artist","2017-03-12","An aspiring actor in Hollywood meets an enigmatic stranger by the name of Tommy Wiseau, the meeting leads the actor down a path nobody could have predicted; creating the worst movie ever made.","35|18",7.094,3855,9.5407,"2026-10-06"
417678,"Everything, Everything","2017-05-18","A teenager who's lived a sheltered life because she's allergic to everything, falls for the boy who moves in next door.","18|10749",7.237,3778,5.0362,"2026-10-06"
401104,"To the Bone","2017-01-22","A young woman dealing with anorexia meets an unconventional doctor who challenges her to face her condition and embrace life.","18",7.201,3625,5.3902,"2026-10-06"
381289,"A Dog's Purpose","2017-01-19","A dog goes on quest to discover his purpose in life over the course of several lifetimes with multiple owners.","12|14|10751|18",7.642,3607,11.9623,"2026-10-06"
433808,"The Ritual","2017-10-11","A group of college friends reunite for a trip to the forest, but encounter a menacing presence in the woods that's stalking them.","27|9648",6.31,3600,12.451,"2026-10-06"
397837,"Before I Fall","2017-03-02","Samantha Kingston has everything. Then, everything changes. After one fateful night, she wakes up with no future at all. Trapped into reliving the same day over and over, she begins to question just how perfect her life really was.","18|14",6.966,3597,7.1023,"2026-10-06"
353616,"Pitch Perfect 3","2017-12-20","After the highs of winning the world championships, the Bellas find themselves split apart and discovering there aren't job prospects for making music with your mouth. But when they get the chance to reunite for an overseas USO tour, this group of awesome nerds will come together to make some music, and some questionable decisions, one last time.","10402|35",6.5,3509,9.2081,"2026-10-06"
180863,"T2 Trainspotting","2017-01-27","After 20 years abroad, Mark Renton returns to Scotland and reunites with his old friends Sick Boy, Spud and Begbie.","18|35|80",6.9,3464,10.1334,"2026-10-06"
378236,"The Emoji Movie","2017-07-23","Gene, a multi-expressional emoji, sets out on a journey to become a normal emoji.","16|10751|35",5.367,3395,14.5139,"2026-10-06"
415842,"American Assassin","2017-07-14","Following the murder of his fiancée, Mitch Rapp trains under the instruction of Cold War veteran Stan Hurley. The pair then is enlisted to investigate a wave of apparently random attacks on military and civilian targets.","28|12|53",6.412,3332,12.3499,"2026-10-06"
429200,"Good Time","2017-08-11","After a botched bank robbery lands his younger brother in prison, Connie Nikas embarks on a twisted odyssey through New York City's underworld to get his brother Nick out of jail.","80|53|18",7.203,3261,7.5742,"2026-10-06"
394117,"The Florida Project","2017-10-06","The story of a precocious six year-old and her ragtag group of friends whose summer break is filled with childhood wonder, possibility and a sense of adventure while the adults around them struggle with hard times.","18",7.422,3208,13.7961,"2026-10-06"
364689,"Ferdinand","2017-12-09","Ferdinand, a little bull, prefers sitting quietly under a cork tree just smelling the flowers versus jumping around, snorting, and butting heads with other bulls. As Ferdinand grows big and strong, his temperament remains mellow. But one day five men come to choose the ""biggest, fastest, roughest bull"" for the bullfights in Madrid— and Ferdinand is mistakenly chosen.","16|10751|12|35",7.209,3170,12.7401,"2026-10-06"
314095,"The Lost City of Z","2017-03-15","A true-life drama in the 1920s, centering on British explorer Col. Percy Fawcett, who discovered evidence of a previously unknown, advanced civilization in the Amazon and disappeared whilst searching for it.","12|18|36",6.386,3169,12.167,"2026-10-06"
398181,"You Were Never Really Here","2017-11-08","A traumatized veteran, unafraid of violence, tracks down missing girls for a living. When a job spins out of control, Joe's nightmares overtake him as a conspiracy is uncovered—leading to what may be his death trip or his awakening.","80|18|53",6.544,3140,5.9513,"2026-10-06"
353070,"Going in Style","2017-04-06","Desperate to pay the bills and come through for their loved ones, three lifelong pals risk it all by embarking on a daring bid to knock off the very bank that absconded with their money.","80|35|18",6.7,3110,9.0192,"2026-10-06"
379149,"The Foreigner","2017-09-28","Quan is a humble London businessman whose long-buried past erupts in a revenge-fueled vendetta when the only person left for him to love – his teenage daughter – dies in an Irish Republican Army car bombing. His relentless search to find the terrorists leads to a cat-and-mouse conflict with a British government official whose own past may hold the clues to the identities of the elusive killers.","28|53|80",7,3051,15.331,"2026-10-06"
452507,"1922","2017-10-20","A simple yet proud rancher conspires to murder his wife for financial gain, convincing his teenage son to participate.","27|80|18",5.95,2984,4.2632,"2026-10-06"
403119,"47 Meters Down","2017-05-25","Two sisters on Mexican vacation are trapped in a shark observation cage at the bottom of the ocean, with oxygen running low and great whites circling nearby, they have less than an hour of air left to figure out how to get to the surface.","27|53",5.8,2916,9.2734,"2026-10-06"
346648,"Paddington 2","2017-11-05","Paddington, now happily settled with the Browns, picks up a series of odd jobs to buy the perfect present for his Aunt Lucy, but it is stolen.","12|35|10751",7.486,2919,15.3012,"2026-10-06"
419680,"Daddy's Home 2","2017-11-09","Father and stepfather Dusty and Brad join forces to make Christmastime perfect for the children. Their newfound partnership soon gets put to the test when Dusty's old-school, macho dad and Brad's gentle father arrive to turn the holiday upside down. After a sudden change in plans, the four men decide to take the kids to a luxury resort for a fun-filled getaway that turns into a hilarious and chaotic adventure.","35",6.3,2806,11.785,"2026-10-06"
416477,"The Big Sick","2017-03-30","Pakistan-born comedian Kumail Nanjiani and grad student Emily Gardner fall in love but struggle as their cultures clash. When Emily contracts a mysterious illness, Kumail finds himself forced to face her feisty parents, his family's expectations, and his true feelings.","35|18|10749",7.3,2712,8.2062,"2026-10-06"
418078,"It Comes at Night","2017-06-09","Secure within a desolate home as an unnatural threat terrorizes the world, a man has established a tenuous domestic order with his wife and son, but this will soon be put to test when a desperate young family arrives seeking refuge.","18|27|9648",5.871,2708,8.3941,"2026-10-06"
339877,"Loving Vincent","2017-06-22","A young man arrives at the last hometown of painter Vincent van Gogh to deliver the troubled artist's final letter and ends up investigating his final days there.","16|18|36",7.982,2663,7.0561,"2026-10-06"
14564,"Rings","2017-02-01","Julia becomes worried about her boyfriend Holt when he explores the dark urban legend of a mysterious videotape said to kill the watcher seven days after viewing. She sacrifices herself to save her boyfriend and in doing so makes a horrifying discovery: there is a ""movie within the movie"" that no one has ever seen before.","27",5.027,2662,8.3258,"2026-10-06"
384680,"Hostiles","2017-12-22","A legendary Native American-hating Army captain nearing retirement in 1892 is given one last assignment: to escort a Cheyenne chief and his family through dangerous territory back to his Montana reservation.","18|37|36|12",6.955,2597,6.8494,"2026-10-06"
365942,"The Space Between Us","2017-01-26","A young man raised by scientists on Mars returns to Earth to find his father.","10749|878|18",7,2594,9.4483,"2026-10-06"
290512,"The Mountain Between Us","2017-10-05","Stranded on a mountain after a tragic plane crash, two strangers must work together to endure the extreme elements of the remote, snow-covered terrain. When they realize help is not coming, they embark on a perilous journey across hundreds of miles of wilderness, pushing each other to survive and discovering their inner strength.","18|12|10749",6.644,2593,7.7295,"2026-10-06"
428449,"A Ghost Story","2017-04-24","Recently deceased, a white-sheeted ghost returns to his suburban home to console his bereft wife, only to find that in his spectral state he has become unstuck in time, forced to watch passively as the life he knew and the woman he loves slowly slip away.","18|14|10749",7.058,2581,7.2417,"2026-10-06"
299536,"Avengers: Infinity War","2018-04-25","As the Avengers and their allies have continued to protect the world from threats too large for any one hero to handle, a new danger has emerged from the cosmic shadows: Thanos. A despot of intergalactic infamy, his goal is to collect all six Infinity Stones, artifacts of unimaginable power, and use them to inflict his twisted will on all of reality. Everything the Avengers have fought for has led up to this moment - the fate of Earth and existence itself has never been more uncertain.","12|28|878",8.2,33067,87.2722,"2026-10-06"
284054,"Black Panther","2018-02-13","King T'Challa returns home to the reclusive, technologically advanced African nation of Wakanda to serve as his country's new leader. However, T'Challa soon finds that he is challenged for the throne by factions within his own country as well as without. Using powers reserved to Wakandan kings, T'Challa assumes the Black Panther mantle to join with ex-girlfriend Nakia, the queen-mother, his princess-kid sister, members of the Dora Milaje (the Wakandan 'special forces') and an American secret agent, to prevent Wakanda from being dragged into a world war.","28|12|878",7.361,24043,35.6264,"2026-10-06"
383498,"Deadpool 2","2018-05-15","Wisecracking mercenary Deadpool battles the evil and powerful Cable and other bad guys to save a boy's life.","28|35|12",7.488,19731,29.3403,"2026-10-06"
424694,"Bohemian Rhapsody","2018-10-24","Singer Freddie Mercury, guitarist Brian May, drummer Roger Taylor and bass guitarist John Deacon take the music world by storm when they form the rock 'n' roll band Queen in 1970. Hit songs become instant classics. When Mercury's increasingly wild lifestyle starts to spiral out of control, Queen soon faces its greatest challenge yet – finding a way to keep the band together amid the success and excess.","10402|18",7.949,18094,20.0902,"2026-10-06"
324857,"Spider-Man: Into the Spider-Verse","2018-12-06","Struggling to find his place in the world while juggling school and family, Brooklyn teenager Miles Morales is unexpectedly bitten by a radioactive spider and develops unfathomable powers just like the one and only Spider-Man. While wrestling with the implications of his new abilities, Miles discovers a super collider created by the madman Wilson ""Kingpin"" Fisk, causing others from across the Spider-Verse to be inadvertently transported to his dimension.","16|28|12|878",8.401,17961,45.1497,"2026-10-06"
335983,"Venom","2018-09-28","Investigative journalist Eddie Brock attempts a comeback following a scandal, but accidentally becomes the host of Venom, a violent, super powerful alien symbiote. Soon, he must rely on his newfound powers to protect the world from a shadowy organization looking for a symbiote of their own.","878|28",6.823,17657,22.8604,"2026-10-06"
333339,"Ready Player One","2018-03-28","When the creator of a popular video game system dies, a virtual contest is created to compete for his fortune.","12|28|878",7.585,17427,25.73,"2026-10-06"
447332,"A Quiet Place","2018-04-03","A family is forced to live in silence while hiding from creatures that hunt by sound.","27|18|878",7.395,15787,34.011,"2026-10-06"
297802,"Aquaman","2018-12-07","Half-human, half-Atlantean Arthur Curry is taken on the journey of his lifetime to discover if he is worth of being a king.","28|12|14",6.862,15252,16.7142,"2026-10-06"
363088,"Ant-Man and the Wasp","2018-07-04","Just when his time under house arrest is about to end, Scott Lang once again puts his freedom at risk to help Hope van Dyne and Dr. Hank Pym dive into the quantum realm and try to accomplish, against time and any chance of success, a very dangerous rescue mission.","28|12|878",6.894,14566,23.8303,"2026-10-06"
260513,"Incredibles 2","2018-06-14","Elastigirl springs into action to save the day, while Mr. Incredible faces his greatest challenge yet – taking care of the problems of his three children.","28|12|16|10751",7.5,13988,26.1661,"2026-10-06"
490132,"Green Book","2018-11-16","Tony Lip, a bouncer in 1962, is hired to drive pianist Don Shirley on a tour through the Deep South in the days when African Americans, forced to find alternate accommodations and services due to segregation laws below the Mason-Dixon Line, relied on a guide called The Negro Motorist Green Book.","18|35|36",8.224,13322,25.2952,"2026-10-06"
351286,"Jurassic World: Fallen Kingdom","2018-06-06","Three years after Jurassic World was destroyed, Isla Nublar now sits abandoned. When the island's dormant volcano begins roaring to life, Owen and Claire mount a campaign to rescue the remaining dinosaurs from this extinction-level event.","12|878|53",6.5,13049,21.8221,"2026-10-06"
332562,"A Star Is Born","2018-10-03","Seasoned musician Jackson Maine discovers — and falls in love with — struggling artist Ally. She has just about given up on her dream to make it big as a singer — until Jack coaxes her into the spotlight. But even as Ally's career takes off, the personal side of their relationship is breaking down, as Jack fights an ongoing battle with his own internal demons.","10402|18|10749",7.5,12420,17.812,"2026-10-06"
338952,"Fantastic Beasts: The Crimes of Grindelwald","2018-11-14","Gellert Grindelwald has escaped imprisonment and has begun gathering followers to his cause—elevating wizards above all non-magical beings. The only one capable of putting a stop to him is the wizard he once called his closest friend, Albus Dumbledore. However, Dumbledore will need to seek help from the wizard who had thwarted Grindelwald once before, his former student Newt Scamander, who agrees to help, unaware of the dangers that lie ahead. Lines are drawn as love and loyalty are tested, even among the truest friends and family, in an increasingly divided wizarding world.","14|12",6.8,11708,13.1241,"2026-10-06"
405774,"Bird Box","2018-12-13","Five years after an ominous unseen presence drives most of society to suicide, a survivor and her two children make a desperate bid to reach safety.","27|53|18",6.82,10864,14.0731,"2026-10-06"
300668,"Annihilation","2018-02-22","A biologist signs up for a dangerous, secret expedition into a mysterious zone where the laws of nature don't apply.","878|27",6.453,9681,22.5651,"2026-10-06"
348350,"Solo: A Star Wars Story","2018-05-15","Through a series of daring escapades deep within a dark and dangerous criminal underworld, Han Solo meets his mighty future copilot Chewbacca and encounters the notorious gambler Lando Calrissian.","878|12|28",6.6,9551,17.8132,"2026-10-06"
353081,"Mission: Impossible - Fallout","2018-07-25","When an IMF mission ends badly, the world is faced with dire consequences. As Ethan Hunt takes it upon himself to fulfill his original briefing, the CIA begin to question his loyalty and his motives. The IMF team find themselves in a race against time, hunted by assassins while trying to prevent a global catastrophe.","28|12",7.452,9431,19.0821,"2026-10-06"
402900,"Ocean's Eight","2018-06-07","Debbie Ocean, a criminal mastermind, gathers a crew of female thieves to pull off the heist of the century at New York's annual Met Gala.","80|35|28",6.945,9025,20.1527,"2026-10-06"
493922,"Hereditary","2018-06-07","Following the death of the Leigh family matriarch, Annie and her children uncover disturbing secrets about their heritage. Their daily lives are not only impacted, but they also become entangled in a chilling fate from which they cannot escape, driving them to the brink of madness.","27|9648|53",7.298,8957,21.1389,"2026-10-06"
466282,"To All the Boys I've Loved Before","2018-08-17","Lara Jean's love life goes from imaginary to out of control when her secret letters to every boy she's ever fallen for are mysteriously mailed out.","35|10749",7.589,8788,10.647,"2026-10-06"
336843,"Maze Runner: The Death Cure","2018-01-10","Thomas leads his group of escaped Gladers on their final and most dangerous mission yet. To save their friends, they must break into the legendary Last City, a WCKD-controlled labyrinth that may turn out to be the deadliest maze of all. Anyone who makes it out alive will get answers to the questions the Gladers have been asking since they first arrived in the maze.","878|28|12|53",7.1,8602,22.9237,"2026-10-06"
338970,"Tomb Raider","2018-03-05","Lara Croft, the fiercely independent daughter of a missing adventurer, must push herself beyond her limits when she finds herself on the island where her father disappeared.","28|12|14",6.363,8550,20.0617,"2026-10-06"
337167,"Fifty Shades Freed","2018-01-17","Believing they have left behind shadowy figures from their past, newlyweds Christian and Ana fully embrace an inextricable connection and shared life of luxury. But just as she steps into her role as Mrs. Grey and he relaxes into an unfamiliar stability, new threats could jeopardize their happy ending before it even begins.","18|10749",6.668,8442,25.8163,"2026-10-06"
345940,"The Meg","2018-08-08","A deep sea submersible pilot revisits his past fears in the Mariana Trench, and accidentally unleashes the seventy foot ancestor of the Great White Shark believed to be extinct.","28|878|27",6.2,8420,20.1726,"2026-10-06"
404368,"Ralph Breaks the Internet","2018-11-20","Video game bad guy Ralph and fellow misfit Vanellope von Schweetz must risk it all by traveling to the World Wide Web in search of a replacement part to save Vanellope's video game, Sugar Rush. In way over their heads, Ralph and Vanellope rely on the citizens of the internet — the netizens — to help navigate their way, including an entrepreneur named Yesss, who is the head algorithm and the heart and soul of trend-making site BuzzzTube.","16|35|12|878|10751",7.15,8304,14.5484,"2026-10-06"
487558,"BlacKkKlansman","2018-08-09","Colorado Springs, late 1970s. Ron Stallworth, an African American police officer, and Flip Zimmerman, his Jewish colleague, run an undercover operation to infiltrate the Ku Klux Klan.","80|35|18|36",7.486,8297,8.0157,"2026-10-06"
427641,"Rampage","2018-04-11","Primatologist Davis Okoye shares an unshakable bond with George, the extraordinarily intelligent, silverback gorilla who has been in his care since birth.  But a rogue genetic experiment gone awry mutates this gentle ape into a raging creature of enormous size.  To make matters worse, it’s soon discovered there are other similarly altered animals.  As these newly created alpha predators tear across North America, destroying everything in their path, Okoye teams with a discredited genetic engineer to secure an antidote, fighting his way through an ever-changing battlefield, not only to halt a global catastrophe but to save the fearsome creature that was once his friend.","28|12|878",6.5,7756,15.5991,"2026-10-06"
454983,"The Kissing Booth","2018-05-11","When teenager Elle's first kiss leads to a forbidden romance with the hottest boy in high school, she risks her relationship with her best friend.","10749|35",7.154,7524,9.4039,"2026-10-06"
439079,"The Nun","2018-09-05","A priest with a dark past and a novice nearing her final vows are sent by the Vatican to Romania to investigate a nun's death and face a demonic force.","27",5.91,7338,21.7043,"2026-10-06"
424783,"Bumblebee","2018-11-22","On the run in the year 1987, Bumblebee finds refuge in a junkyard in a small Californian beach town. Charlie, on the cusp of turning 18 and trying to find her place in the world, discovers Bumblebee, battle-scarred and broken.  When Charlie revives him, she quickly learns this is no ordinary yellow VW bug.","28|12|878",6.732,6870,13.2635,"2026-10-06"
445571,"Game Night","2018-02-15","Max and Annie's weekly game night gets kicked up a notch when Max's brother Brooks arranges a murder mystery party -- complete with fake thugs and federal agents. So when Brooks gets kidnapped, it's all supposed to be part of the game. As the competitors set out to solve the case, they start to learn that neither the game nor Brooks are what they seem to be. The friends soon find themselves in over their heads as each twist leads to another unexpected turn over the course of one chaotic night.","9648|35|80",6.849,6523,13.5026,"2026-10-06"
401981,"Red Sparrow","2018-02-28","Prima ballerina Dominika Egorova faces a bleak and uncertain future after she suffers an injury that ends her career. She soon turns to Sparrow School, a secret intelligence service that trains exceptional young people to use their minds and bodies as weapons. Dominika emerges as the most dangerous Sparrow after completing the sadistic training process. As she comes to terms with her new abilities, she meets a CIA agent who tries to convince her that he is the only person she can trust.","53|9648",6.533,6499,13.3689,"2026-10-06"
449176,"Love, Simon","2018-02-16","Everyone deserves a great love story, but for 17-year-old Simon Spier, it's a little more complicated. He hasn't told his family or friends that he's gay, and he doesn't know the identity of the anonymous classmate that he's fallen for online.","35|18|10749",7.958,6350,10.8357,"2026-10-06"
345887,"The Equalizer 2","2018-07-19","Robert McCall, who serves an unflinching justice for the exploited and oppressed, embarks on a relentless, globe-trotting quest for vengeance when his former partner is murdered.","28|53|80",6.795,6195,28.3696,"2026-10-06"
375262,"The Favourite","2018-11-23","England, early 18th century. The close relationship between Queen Anne and Sarah Churchill is threatened by the arrival of Sarah's cousin, Abigail Hill, resulting in a bitter rivalry between the two cousins to be the Queen's favourite.","36|35|18",7.5,6070,13.0152,"2026-10-06"
480530,"Creed II","2018-11-21","Between personal obligations and training for his next big fight against an opponent with ties to his family's past, Adonis Creed is up against the challenge of his life.","18|28",7.034,5949,13.513,"2026-10-06"
369972,"First Man","2018-10-10","A look at the life of the astronaut, Neil Armstrong, and the legendary space mission that led him to become the first man to walk on the Moon on July 20, 1969.","36|18",7,5825,14.5893,"2026-10-06"
399174,"Isle of Dogs","2018-03-23","In the future, an outbreak of canine flu leads the mayor of a Japanese city to banish all dogs to an island used as a garbage dump. The outcasts must soon embark on an epic journey when a 12-year-old boy arrives on the island to find his beloved pet.","12|35|16",7.85,5590,19.4446,"2026-10-06"
268896,"Pacific Rim: Uprising","2018-03-21","It has been ten years since The Battle of the Breach and the oceans are still, but restless. Vindicated by the victory at the Breach, the Jaeger program has evolved into the most powerful global defense force in human history. The PPDC now calls upon the best and brightest to rise up and become the next generation of heroes when the Kaiju threat returns.","28|14|878|12",6.113,5523,16.4791,"2026-10-06"
504172,"The Mule","2018-12-14","Earl Stone, a man in his eighties, is broke, alone, and facing foreclosure of his business when he is offered a job that simply requires him to drive. Easy enough, but, unbeknownst to Earl, he's just signed on as a drug courier for a Mexican cartel. He does so well that his cargo increases exponentially, and Earl hit the radar of hard-charging DEA agent Colin Bates.","80|18|53",6.872,5502,11.2716,"2026-10-06"
447200,"Skyscraper","2018-07-11","Framed and on the run, a former FBI agent must save his family from a blazing fire in the world's tallest building.","28|53|12",6.303,5467,10.2683,"2026-10-06"
428078,"Mortal Engines","2018-11-27","Many thousands of years in the future, Earth’s cities roam the globe on huge wheels, devouring each other in a struggle for ever diminishing resources. On one of these massive traction cities, the old London, Tom Natsworthy has an unexpected encounter with a mysterious young woman from the wastelands who will change the course of his life forever.","12|878",6.3,5355,15.5911,"2026-10-06"
346910,"The Predator","2018-09-05","When a young boy accidentally triggers the universe's most lethal hunters' return to Earth, only a ragtag crew of ex-soldiers and a disgruntled scientist can prevent the end of the human race.","878|28|53",5.6,5296,14.6755,"2026-10-06"
500664,"Upgrade","2018-05-31","A brutal mugging leaves Grey Trace paralyzed in the hospital and his beloved wife dead. A billionaire inventor soon offers Trace a cure — an artificial intelligence implant called STEM that will enhance his body. Now able to walk, Grey finds that he also has superhuman strength and agility — skills he uses to seek revenge against the thugs who destroyed his life.","28|53|878",7.517,5296,13.5075,"2026-10-06"
424139,"Halloween","2018-10-18","Laurie Strode comes to her final confrontation with Michael Myers, the masked figure who has haunted her since she narrowly escaped his killing spree on Halloween night four decades ago.","27|53",6.56,5183,12.9819,"2026-10-06"
400155,"Hotel Transylvania 3: Summer Vacation","2018-06-28","Dracula, Mavis, Johnny and the rest of the Drac Pack take a vacation on a luxury Monster Cruise Ship, where Dracula falls in love with the ship’s captain, Ericka, who’s secretly a descendant of Abraham Van Helsing, the notorious monster slayer.","16|35|10751|14",6.8,4811,21.7761,"2026-10-06"
399035,"The Commuter","2018-01-11","A businessman, on his daily commute home, gets unwittingly caught up in a criminal conspiracy that threatens not only his life but the lives of those around him.","28|53|9648",6.4,4771,13.6852,"2026-10-06"
484247,"A Simple Favor","2018-09-13","Stephanie, a dedicated mother and popular vlogger, befriends Emily, a mysterious upper-class woman whose son Nicky attends the same school as Miles, Stephanie's son. When Emily asks her to pick Nicky up from school and then disappears, Stephanie undertakes an investigation that will dive deep into Emily's cloudy past.","53|35|9648",6.636,4711,14.8654,"2026-10-06"
537996,"The Ballad of Buster Scruggs","2018-11-09","Vignettes weaving together the stories of six individuals in the old West at the end of the Civil War. Following the tales of a sharp-shooting songster, a wannabe bank robber, two weary traveling performers, a lone gold prospector, a woman traveling the West to an uncertain future, and a motley crew of strangers undertaking a carriage ride.","37|35|18",7.134,4600,9.7593,"2026-10-06"
360920,"The Grinch","2018-11-08","The Grinch hatches a scheme to ruin Christmas when the residents of Whoville plan their annual holiday celebration. But a certain little who might change things.","16|35|10751|14",6.863,4530,26.5597,"2026-10-06"
489999,"Searching","2018-08-24","After David Kim's 16-year-old daughter goes missing, a local investigation is opened and a detective is assigned to the case. But 37 hours later and without a single lead, David decides to search the one place no one has looked yet, where all secrets are kept today: his daughter's laptop.","18|9648|53",7.565,4392,12.6499,"2026-10-06"
442249,"The First Purge","2018-07-04","To push the crime rate below one percent for the rest of the year, the New Founding Fathers of America test a sociological theory that vents aggression for one night in one isolated community. But when the violence of oppressors meets the rage of the others, the contagion will explode from the trial-city borders and spread across the nation.","28|27|53",5.995,4312,12.0121,"2026-10-06"
569547,"Black Mirror: Bandersnatch","2018-12-28","In 1984, a young programmer begins to question reality as he adapts a dark fantasy novel into a video game. A mind-bending tale with multiple endings.","53|878|9648",6.762,4281,6.9097,"2026-10-06"
460019,"Truth or Dare","2018-04-12","A harmless game of ""Truth or Dare"" among friends turns deadly when someone—or something—begins to punish those who tell a lie—or refuse the dare.","53|27",5.936,4278,12.7049,"2026-10-06"
400535,"Sicario: Day of the Soldado","2018-06-27","Agent Matt Graver teams up with operative Alejandro Gillick to prevent Mexican drug cartels from smuggling terrorists across the United States border.","28|80|53",6.946,4226,13.6457,"2026-10-06"
455207,"Crazy Rich Asians","2018-08-15","An American-born Chinese economics professor accompanies her boyfriend to Singapore for his best friend's wedding, only to get thrust into the lives of Asia's rich and famous.","35|10749",7.038,4066,13.032,"2026-10-06"
446021,"Bad Times at the El Royale","2018-10-04","Lake Tahoe, 1969. Seven strangers, each one with a secret to bury, meet at El Royale, a decadent motel with a dark past. In the course of a fateful night, everyone will have one last shot at redemption.","53|9648|80|18",6.844,3992,8.3451,"2026-10-06"
429197,"Vice","2018-12-25","George W. Bush picks Dick Cheney, the CEO of Halliburton Co., to be his Republican running mate in the 2000 presidential election. No stranger to politics, Cheney's impressive résumé includes stints as White House chief of staff, House Minority Whip and Defense Secretary. When Bush wins by a narrow margin, Cheney begins to use his newfound power to help reshape the country and the world.","18|35|36",7.014,3702,6.4429,"2026-10-06"
384521,"The Cloverfield Paradox","2018-02-04","Orbiting above a planet on the brink of war, scientists test a device to solve an energy crisis and end up face-to-face with a dark alternate reality.","27|9648|878",5.638,3703,8.0532,"2026-10-06"
458423,"Mamma Mia! Here We Go Again","2018-07-18","Five years after meeting her three fathers, Sophie Sheridan prepares to open her mother’s hotel. In 1979, young Donna Sheridan meets the men who each could be Sophie’s biological father.","35|10749",7.1,3644,8.4188,"2026-10-06"
419478,"Midnight Sun","2018-03-22","Katie, a 17-year-old, has been sheltered since childhood and confined to her house during the day by a rare disease that makes even the smallest amount of sunlight deadly. Fate intervenes when she meets Charlie and they embark on a summer romance.","10749|18",7.8,3578,7.62,"2026-10-06"
455980,"Tag","2018-05-30","For one month every year, five highly competitive friends hit the ground running in a no-holds-barred game of tag they’ve been playing since the first grade. This year, the game coincides with the wedding of their only undefeated player, which should finally make him an easy target. But he knows they’re coming...and he’s ready.","35|28",6.709,3570,8.3546,"2026-10-06"
400650,"Mary Poppins Returns","2018-12-13","Mary Poppins returns to the Banks family and helps them evade grave dangers by taking them on magical, musical adventures.","14|10751|35",6.509,3534,11.2595,"2026-10-06"
449443,"Den of Thieves","2018-01-18","A gritty crime saga which follows the lives of an elite unit of the LA County Sheriff's Dept. and the state's most successful bank robbery crew as the outlaws plan a seemingly impossible heist on the Federal Reserve Bank.","80|53|28",6.9,3530,13.8419,"2026-10-06"
462919,"Sierra Burgess Is a Loser","2018-09-07","A case of mistaken identity results in unexpected romance when the most popular girl in high school and the biggest loser must come together to win over their crushes.","35|18|10749",6.3,3478,3.0911,"2026-10-06"
491418,"Instant Family","2018-11-13","When Pete and Ellie decide to start a family, they stumble into the world of foster care adoption. They hope to take in one small child but when they meet three siblings, including a rebellious 15 year old girl, they find themselves speeding from zero to three kids overnight.","35|18",7.489,3319,13.9189,"2026-10-06"
406563,"Insidious: The Last Key","2018-01-03","Parapsychologist Elise Rainier and her team travel to Five Keys, NM, to investigate a man’s claim of a haunting. Terror soon strikes when Rainier realizes that the house he lives in was her family’s old home.","27|53",6.282,3290,23.5361,"2026-10-06"
429351,"12 Strong","2018-01-18","A team of special forces head into Afghanistan in the aftermath of the September 11th attacks in an attempt to dismantle the Taliban.","10752|28|36",6.4,3269,14.2764,"2026-10-06"
438799,"Overlord","2018-11-01","On the eve of D-Day, a team of American paratroopers crash behind enemy lines and come face-to-face with a Nazi threat unlike any the world has ever seen.","27|10752|878",6.7,3262,10.7774,"2026-10-06"
375588,"Robin Hood","2018-11-03","A war-hardened Crusader and his Moorish commander mount an audacious revolt against the corrupt English crown.","12|28|53|14",5.9,3229,15.0793,"2026-10-06"
398173,"The House That Jack Built","2018-10-04","Failed architect, engineer and vicious murderer Jack narrates the details of some of his most elaborately orchestrated crimes, each of them a towering piece of art that defines his life's work as a serial killer for twelve years.","18|27|80|53",7.1,3168,7.2467,"2026-10-06"
420634,"Terrifier","2018-01-25","A maniacal clown named Art terrorizes three young women on Halloween night and everyone else who stands in his way.","27",6.295,3086,11.6865,"2026-10-06"
420814,"Christopher Robin","2018-08-01","Christopher Robin, the boy who had countless adventures in the Hundred Acre Wood, has grown up and lost his way. Now it’s up to his spirited and loveable stuffed animals, Winnie The Pooh, Tigger, Piglet, and the rest of the gang, to rekindle their friendship and remind him of endless days of childlike wonder and make-believe, when doing nothing was the very best something.","12|35|10751|14",7.292,3002,10.7687,"2026-10-06"
445651,"The Darkest Minds","2018-07-25","After a disease kills 98% of America's children, the surviving 2% develop superpowers and are placed in internment camps. A 16-year-old girl escapes her camp and joins a group of other teens on the run from the government.","28|12|18",7,2984,11.2528,"2026-10-06"
451915,"Beautiful Boy","2018-10-12","After he and his first wife separate, journalist David Sheff struggles to help their teenage son, who goes from experimenting with drugs to becoming devastatingly addicted to methamphetamine.","18",7.6,2976,10.4856,"2026-10-06"
395990,"Death Wish","2018-03-01","A mild-mannered father is transformed into a killing machine after his family is torn apart by a violent act.","28|80|53|18",6.238,2901,13.828,"2026-10-06"
384677,"Set It Up","2018-06-15","Two overworked and underpaid assistants come up with a plan to get their bosses off their backs by setting them up with each other.","10749|35",6.908,2862,6.9004,"2026-10-06"
463272,"Johnny English Strikes Again","2018-08-30","Disaster strikes when a criminal mastermind reveals the identities of all active undercover agents in Britain. The secret service can now rely on only one man - Johnny English. Currently teaching at a minor prep school, Johnny springs back into action to find the mysterious hacker. For this mission to succeed, he’ll need all of his skills - what few he has - as the man with yesterday’s analogue methods faces off against tomorrow’s digital technology.","28|12|35",6.285,2857,9.869,"2026-10-06"
361292,"Suspiria","2018-10-26","A darkness swirls at the center of a world-renowned dance company, one that will engulf the artistic director, an ambitious young dancer, and a grieving psychotherapist. Some will succumb to the nightmare. Others will finally wake up.","27|9648|18",6.9,2849,8.0524,"2026-10-06"
399360,"Alpha","2018-08-17","In the prehistoric past, Keda, a young and inexperienced hunter, struggles to return home after being separated from his tribe when bison hunting goes awry. On his way back he will find an unexpected ally.","12|18",6.572,2832,6.8752,"2026-10-06"
476299,"Ghostland","2018-03-14","A mother of two inherits a home from her aunt. On the first night in the new home she is confronted with murderous intruders and fights for her daughters’ lives. Sixteen years later the daughters reunite at the house, and that is when things get strange...","27",7.397,2762,6.4319,"2026-10-06"
429300,"Adrift","2018-05-31","Tami Oldham and Richard Sharp couldn't anticipate that they would be sailing directly into one of the most catastrophic hurricanes in recorded history. In the aftermath of the storm, Tami awakens to find Richard badly injured and their boat in ruins. With no hope of rescue, Tami must now find the strength and determination to save herself and the only man she has ever loved.","53|10749|12",6.8,2745,6.8729,"2026-10-06"
407436,"Mowgli: Legend of the Jungle","2018-11-25","A human child raised by wolves, must face off against a menacing tiger named Shere Khan, as well as his own origins.","12|18",6.475,2653,12.0557,"2026-10-06"
401469,"Widows","2018-11-06","A police shootout leaves four thieves dead during an explosive armed robbery attempt in Chicago. Their widows have nothing in common except a debt left behind by their spouses' criminal activities. Hoping to forge a future on their own terms, they join forces to pull off a heist.","18|80|53",6.477,2542,7.7861,"2026-10-06"
347375,"Mile 22","2018-08-16","An elite group of American operatives, aided by a top-secret tactical command team, must transport an asset who holds life-threatening information to an extraction point 22 miles away through the hostile streets of an Asian city.","28|53",6.3,2533,11.797,"2026-10-06"
399402,"Hunter Killer","2018-10-19","Untested American submarine commander, Capt. Joe Glass of the USS Arkansas, is on the hunt for a U.S. sub in distress in the Arctic Ocean. He soon learns a secret Russian coup is in the offing, a conspiracy that threatens to dismantle the world order. With crew and country on the line, Glass must coordinate with an elite group of Navy SEALs to sneak through enemy waters, rescue the kidnapped Russian president, and hopefully prevent World War III.","28|53",6.901,2496,16.3936,"2026-10-06"
527435,"The Christmas Chronicles","2018-11-22","Siblings Kate and Teddy try to prove Santa Claus is real, but when they accidentally cause his sleigh to crash, they have to save Christmas.","35|12|10751|14",7.2,2445,6.1547,"2026-10-06"
454992,"The Spy Who Dumped Me","2018-08-02","A couple of thirtysomething best friends unwittingly become entangled in an international conspiracy when one’s ex-boyfriend shows up at their apartment with a team of deadly assassins on his trail.","35|28|12",6.363,2429,9.0873,"2026-10-06"
433310,"When We First Met","2018-02-08","Using a magical photo booth that sends him back in time, Noah relives the night he met Avery over and over, trying to persuade her to fall for him.","35|10749|14",6.557,2393,6.36,"2026-10-06"
463821,"The House with a Clock in Its Walls","2018-09-15","When ten-year-old Lewis is suddenly orphaned, he is sent to live with his Uncle Jonathan in a creaky (and creepy) old mansion with a mysterious ticking noise that emanates from the walls. Upon discovering that his uncle is a warlock, Lewis begins learning magic, but when he rebelliously resurrects an evil warlock he must find the secret of the house and save the world from destruction.","35|10751|14|27|9648",6.252,2377,9.2971,"2026-10-06"
465136,"Every Day","2018-02-22","16-year old Rhiannon falls in love with a mysterious spirit named “A” that inhabits a different body every day. Feeling an unmatched connection, Rhiannon and “A” work each day to find each other, not knowing what the next day will bring.","10749|14",7.24,2324,6.4893,"2026-10-06"
458594,"Peppermint","2018-09-06","A grieving mother transforms herself into a vigilante following the murders of her husband and daughter, eluding the authorities to deliver her own personal brand of justice.","28|53",6.7,2303,6.9622,"2026-10-06"
556803,"The Princess Switch","2018-10-25","When a down-to-earth Chicago baker and a soon-to-be princess discover they look like twins, they hatch a Christmastime plan to trade places.","10749|35",7,2299,5.4974,"2026-10-06"
426543,"The Nutcracker and the Four Realms","2018-10-26","When Clara’s mother leaves her a mysterious gift, she embarks on a journey to four secret realms—where she discovers her greatest strength could change the world.","10751|14|12",6.1,2271,14.3944,"2026-10-06"
470044,"The Hate U Give","2018-10-19","Raised in a poverty-stricken slum, a 16-year-old girl named Starr now attends a suburban prep school. After she witnesses a police officer shoot her unarmed best friend, she's torn between her two very different worlds as she tries to speak her truth.","80|18",8.068,2257,8.24,"2026-10-06"
460885,"Mandy","2018-09-13","The Shadow Mountains, 1983. Red and Mandy lead a loving and peaceful existence; but when their pine-scented haven is savagely destroyed, Red is catapulted into a phantasmagoric journey filled with bloody vengeance and laced with fire.","14|28|27",6.2,2258,8.3835,"2026-10-06"
439015,"Slender Man","2018-05-17","In a small town in Massachusetts, four high school girls perform a ritual in an attempt to debunk the lore of Slender Man. When one of the girls goes mysteriously missing, they begin to suspect that she is, in fact, his latest victim.","27|9648|53",4.307,2192,6.5555,"2026-10-06"
437557,"Blockers","2018-03-14","When three parents discover that each of their daughters have a pact to lose their virginity at prom, they launch a covert one-night operation to stop the teens from sealing the deal.","35",6.304,2179,6.446,"2026-10-06"
299534,"Avengers: Endgame","2019-04-24","After the devastating events of Avengers: Infinity War, the universe is in ruins due to the efforts of the Mad Titan, Thanos. With the help of remaining allies, the Avengers must assemble once more in order to undo Thanos' actions and restore order to the universe once and for all, no matter what consequences may be in store.","12|878|28",8.245,28908,106.1704,"2026-10-06"
475557,"Joker","2019-10-01","During the 1980s, a failed stand-up comedian is driven insane and turns to a life of crime and chaos in Gotham City while becoming an infamous psychopathic crime figure.","80|53|18",8.1,28436,36.6647,"2026-10-06"
429617,"Spider-Man: Far From Home","2019-06-28","Peter Parker and his friends go on a summer trip to Europe. However, they will hardly be able to rest - Peter will have to agree to help Nick Fury uncover the mystery of creatures that cause natural disasters and destruction throughout the continent.","28|12|878",7.39,17690,33.6553,"2026-10-06"
299537,"Captain Marvel","2019-03-06","The story follows Carol Danvers as she becomes one of the universe’s most powerful heroes when Earth is caught in the middle of a galactic war between two alien races. Set in the 1990s, Captain Marvel is an all-new adventure from a previously unseen period in the history of the Marvel Cinematic Universe.","28|12|878",6.8,17209,26.0503,"2026-10-06"
466272,"Once Upon a Time... in Hollywood","2019-07-24","Los Angeles, 1969. TV star Rick Dalton, a struggling actor specializing in westerns, and stuntman Cliff Booth, his best friend, try to survive in a constantly changing movie industry. Dalton is the neighbor of the young and promising actress and model Sharon Tate, who has just married the prestigious Polish director Roman Polanski…","35|18|53",7.417,15347,33.5759,"2026-10-06"
546554,"Knives Out","2019-11-27","When renowned crime novelist Harlan Thrombey is found dead at his estate just after his 85th birthday, the inquisitive and debonair Detective Benoit Blanc is mysteriously enlisted to investigate. From Harlan's dysfunctional family to his devoted staff, Blanc sifts through a web of red herrings and self-serving lies to uncover the truth behind Harlan's untimely death.","35|80|9648",7.844,14585,28.267,"2026-10-06"
530915,"1917","2019-12-25","At the height of the First World War, two young British soldiers must cross enemy territory and deliver a message that will stop a deadly attack on hundreds of soldiers.","10752|18|36",8,13975,30.0899,"2026-10-06"
458156,"John Wick: Chapter 3 - Parabellum","2019-05-15","Super-assassin John Wick returns with a $14 million price tag on his head and an army of bounty-hunting killers on his trail. After killing a member of the shadowy international assassin’s guild, the High Table, John Wick is excommunicado, but the world’s most ruthless hit men and women await his every turn.","28|53|80",7.4,12138,24.7934,"2026-10-06"
181812,"Star Wars: The Rise of Skywalker","2019-12-18","The surviving Resistance faces the First Order once again as the journey of Rey, Finn and Poe Dameron continues. With the power and knowledge of generations behind them, the final battle begins.","12|28|878",6.245,11200,20.7092,"2026-10-06"
301528,"Toy Story 4","2019-06-19","Woody has always been confident about his place in the world, devoted to taking care of his kid—whether that's Andy or Bonnie. But after Bonnie creates a reluctant new toy called ""Forky"", a road trip adventure alongside old and new friends challenges everything Woody believes about loyalty, purpose, and what it truly means to be a toy.","10751|35|16|12",7.5,11044,31.4581,"2026-10-06"
420818,"The Lion King","2019-07-12","Simba idolizes his father, King Mufasa, and takes to heart his own royal destiny. But not everyone in the kingdom celebrates the new cub's arrival. Scar, Mufasa's brother—and former heir to the throne—has plans of his own. The battle for Pride Rock is ravaged with betrayal, tragedy and drama, ultimately resulting in Simba's exile. With help from a curious pair of newfound friends, Simba will have to figure out how to grow up and take back what is rightfully his.","12|18|10751|16",7.09,10935,31.2572,"2026-10-06"
420817,"Aladdin","2019-05-22","A kindhearted street urchin named Aladdin embarks on a magical adventure after finding a lamp that releases a wisecracking genie while a power-hungry Grand Vizier vies for the same lamp that has the power to make their deepest wishes come true.","12|14|10749|10751",7.1,10836,18.2294,"2026-10-06"
515001,"Jojo Rabbit","2019-10-18","Jojo, a lonely German boy during World War II has his world shaken when he learns that his single mother is hiding a Jewish girl in their home. Influenced by a buffoonish imaginary version of Adolf Hitler, he begins to question his beliefs and confront the conflict between propaganda and his own humanity.","35|10752|18",7.973,10747,17.1667,"2026-10-06"
330457,"Frozen II","2019-11-20","Elsa, Anna, Kristoff and Olaf head far into the forest to learn the truth about an ancient mystery of their kingdom.","10751|16|12|35|14",7.222,10499,32.905,"2026-10-06"
287947,"Shazam!","2019-03-29","A boy is given the ability to become an adult superhero in times of need with a single magic word.","28|35|14",6.968,10485,17.0549,"2026-10-06"
399579,"Alita: Battle Angel","2019-01-31","When Alita awakens with no memory of who she is in a future world she does not recognize, she is taken in by Ido, a compassionate doctor who realizes that somewhere in this abandoned cyborg shell is the heart and soul of a young woman with an extraordinary past.","28|878|12",7.278,10435,17.5723,"2026-10-06"
474350,"It Chapter Two","2019-09-04","27 years after overcoming the malevolent supernatural entity Pennywise, the former members of the Losers' Club, who have grown up and moved away from Derry, are brought back together by a devastating phone call.","27|53|18",6.826,9892,26.3661,"2026-10-06"
512200,"Jumanji: The Next Level","2019-12-04","As the gang return to Jumanji to rescue one of their own, they discover that nothing is as they expect. The players will have to brave parts unknown and unexplored in order to escape the world’s most dangerous game.","12|35|14",6.866,9640,19.6826,"2026-10-06"
359724,"Ford v Ferrari","2019-11-13","American car designer Carroll Shelby and the British-born driver Ken Miles work together to battle corporate interference, the laws of physics, and their own personal demons to build a revolutionary race car for Ford Motor Company and take on the dominating race cars of Enzo Ferrari at the 24 Hours of Le Mans in France in 1966.","18|36|28",8,9351,23.7927,"2026-10-06"
450465,"Glass","2019-01-16","In a series of escalating encounters, former security guard David Dunn uses his supernatural abilities to track Kevin Wendell Crumb, a disturbed man who has twenty-four personalities. Meanwhile, the shadowy presence of Elijah Price emerges as an orchestrator who holds secrets critical to both men.","53|18|878",6.666,9306,11.8825,"2026-10-06"
537915,"After","2019-04-11","Tessa Young is a dedicated student, dutiful daughter and loyal girlfriend to her high school sweetheart. Entering her first semester of college, Tessa's guarded world opens up when she meets Hardin Scott, a mysterious and brooding rebel who makes her question all she thought she knew about herself -- and what she wants out of life.","18|10749",7.103,8577,14.8336,"2026-10-06"
530385,"Midsommar","2019-07-03","Several friends travel to Sweden to study as anthropologists a summer festival that is held every ninety years in the remote hometown of one of them. What begins as a dream vacation in a place where the sun never sets, gradually turns into a dark nightmare as the mysterious inhabitants invite them to participate in their disturbing festive activities.","27|18|9648",7.146,8482,23.7043,"2026-10-06"
458723,"Us","2019-03-14","Husband and wife Gabe and Adelaide Wilson take their kids to their beach house expecting to unplug and unwind with friends. But as night descends, their serenity turns to tension and chaos when some shocking visitors arrive uninvited.","27|9648",6.9,8336,11.9286,"2026-10-06"
384018,"Fast & Furious Presents: Hobbs & Shaw","2019-07-31","Ever since US Diplomatic Security Service Agent Hobbs and lawless outcast Shaw first faced off, they just have traded smack talk and body blows. But when cyber-genetically enhanced anarchist Brixton's ruthless actions threaten the future of humanity, they join forces to defeat him.","28|12|35",6.8,7959,24.1021,"2026-10-06"
398978,"The Irishman","2019-11-01","Pennsylvania, 1956. Frank Sheeran, a war veteran of Irish origin who works as a truck driver, accidentally meets mobster Russell Bufalino. Once Frank becomes his trusted man, Bufalino sends him to Chicago with the task of helping Jimmy Hoffa, a powerful union leader related to organized crime, with whom Frank will maintain a close friendship for nearly twenty years.","80|18|36",7.569,7760,18.8056,"2026-10-06"
492188,"Marriage Story","2019-09-28","A stage director and an actress struggle through a grueling, coast-to-coast divorce that pushes them to their personal extremes.","18",7.733,7580,11.5958,"2026-10-06"
447404,"Pokémon Detective Pikachu","2019-05-03","In a world where people collect pocket-size monsters (Pokémon) to do battle, a boy comes across an intelligent monster who seeks to be a detective.","28|12|14",6.9,7544,12.9822,"2026-10-06"
419704,"Ad Astra","2019-09-17","The near future, a time when both hope and hardships drive humanity to look to the stars and beyond. While a mysterious phenomenon menaces to destroy life on planet Earth, astronaut Roy McBride undertakes a mission across the immensity of space and its many perils to uncover the truth about a lost expedition that decades before boldly faced emptiness and silence in search of the unknown.","878|18",6.141,7464,9.6631,"2026-10-06"
320288,"Dark Phoenix","2019-06-05","The X-Men face their most formidable and powerful foe when one of their own, Jean Grey, starts to spiral out of control. During a rescue mission in outer space, Jean is nearly killed when she's hit by a mysterious cosmic force. Once she returns home, this force not only makes her infinitely more powerful, but far more unstable. The X-Men must now band together to save her soul and battle aliens that want to use Grey's new abilities to rule the galaxy.","878|28|12",5.958,7341,20.7408,"2026-10-06"
166428,"How to Train Your Dragon: The Hidden World","2019-01-03","As Hiccup fulfills his dream of creating a peaceful dragon utopia, Toothless’ discovery of an untamed, elusive mate draws the Night Fury away. When danger mounts at home and Hiccup’s reign as village chief is tested, both dragon and rider must make impossible decisions to save their kind.","16|10751|12",7.8,7306,24.145,"2026-10-06"
331482,"Little Women","2019-12-25","Four sisters come of age in America in the aftermath of the Civil War.","18|10749",7.8,7029,27.6894,"2026-10-06"
373571,"Godzilla: King of the Monsters","2019-05-29","Follows the heroic efforts of the crypto-zoological agency Monarch as its members face off against a battery of god-sized monsters, including the mighty Godzilla, who collides with Mothra, Rodan, and his ultimate nemesis, the three-headed King Ghidorah. When these ancient super-species, thought to be mere myths, rise again, they all vie for supremacy, leaving humanity's very existence hanging in the balance.","878|28",6.7,6941,17.091,"2026-10-06"
420809,"Maleficent: Mistress of Evil","2019-10-16","Maleficent and her goddaughter Aurora begin to question the complex family ties that bind them as they are pulled in different directions by impending nuptials, unexpected allies, and dark new forces at play.","10751|14|12",7.291,6621,12.6007,"2026-10-06"
338967,"Zombieland: Double Tap","2019-10-09","Columbus, Tallahassee, Wichita, and Little Rock move to the American heartland as they face off against evolved zombies, fellow survivors, and the growing pains of the snarky makeshift family.","35",6.9,6458,14.6032,"2026-10-06"
527641,"Five Feet Apart","2019-03-14","Seventeen-year-old Stella spends most of her time in the hospital as a cystic fibrosis patient. Her life is full of routines, boundaries and self-control — all of which get put to the test when she meets Will, an impossibly charming teen who has the same illness. There's an instant flirtation, though restrictions dictate that they must maintain a safe distance between them. As their connection intensifies, so does the temptation to throw the rules out the window and embrace that attraction.","10749|18",8.2,5997,14.034,"2026-10-06"
567609,"Ready or Not","2019-08-21","A young bride's wedding night turns into her worst nightmare when her ridiculously rich in-laws force her to play a gruesome game of hide-and-seek.","27|35",7.097,5928,25.334,"2026-10-06"
559969,"El Camino: A Breaking Bad Movie","2019-10-11","In the wake of his dramatic escape from captivity, Jesse Pinkman must come to terms with his past in order to forge some kind of future.","80|18|53",7.056,5897,10.2422,"2026-10-06"
290859,"Terminator: Dark Fate","2019-10-23","Decades after Sarah Connor prevented Judgment Day, a lethal new Terminator is sent to eliminate the future leader of the resistance. In a fight to save mankind, battle-hardened Sarah Connor teams up with an unexpected ally and an enhanced super soldier to stop the deadliest Terminator yet.","878|28|12|53",6.421,5892,24.1836,"2026-10-06"
503919,"The Lighthouse","2019-10-18","Two lighthouse keepers try to maintain their sanity while living on a remote and mysterious New England island in the 1890s.","18|14|53",7.462,5818,17.1395,"2026-10-06"
473033,"Uncut Gems","2019-12-13","A charismatic New York City jeweler always on the lookout for the next big score makes a series of high-stakes bets that could lead to the windfall of a lifetime. Howard must perform a precarious high-wire act, balancing business, family, and encroaching adversaries on all sides in his relentless pursuit of the ultimate win.","18|53|80",7.174,5615,18.4729,"2026-10-06"
453405,"Gemini Man","2019-10-02","Henry Brogan is an elite 51-year-old assassin who's ready to call it quits after completing his 72nd job. His plans get turned upside down when he becomes the target of a mysterious operative who can seemingly predict his every move. To his horror, Brogan soon learns that the man who's trying to kill him is a younger, faster, cloned version of himself.","878|28|12|53|18",6.254,5600,13.06,"2026-10-06"
479455,"Men in Black: International","2019-06-12","The Men in Black have always protected the Earth from the scum of the universe. In this new adventure, they tackle their biggest, most global threat to date: a mole in the Men in Black organization.","35|878|28|12",5.891,5542,12.1689,"2026-10-06"
509967,"6 Underground","2019-12-10","After faking his death, a tech billionaire recruits a team of international operatives for a bold and bloody mission to take down a brutal dictator.","28|35|53",6.3,5329,12.6858,"2026-10-06"
522681,"Escape Room","2019-01-03","Six strangers find themselves in circumstances beyond their control, and must use their wits to survive.","27|9648|53",6.545,5193,11.3456,"2026-10-06"
504608,"Rocketman","2019-05-17","The story of Elton John's life, from his years as a prodigy at the Royal Academy of Music through his influential and enduring musical partnership with Bernie Taupin.","10402|18",7.3,5095,7.6735,"2026-10-06"
501170,"Doctor Sleep","2019-10-30","Still scarred by the trauma he endured as a child at the Overlook Hotel, Dan Torrance faces the ghosts of the past when he meets Abra, a courageous teen who desperately needs his help -- and who possesses a powerful extrasensory ability called the ""shine"".","27|14",7.1,5084,19.4332,"2026-10-06"
514999,"Murder Mystery","2019-05-25","On a long-awaited trip to Europe, a New York City cop and his hairdresser wife scramble to solve a baffling murder aboard a billionaire's yacht.","35|9648|80",6.249,4930,13.7167,"2026-10-06"
508965,"Klaus","2019-11-08","A selfish postman and a reclusive toymaker form an unlikely friendship, delivering joy to a cold, dark town that desperately needs it.","16|10751|35",8.2,4854,11.3915,"2026-10-06"
329996,"Dumbo","2019-03-27","A young elephant, whose oversized ears enable him to fly, helps save a struggling circus, but when the circus plans a new venture, Dumbo and his friends discover dark secrets beneath its shiny veneer.","10751|14|12",6.6,4584,8.8905,"2026-10-06"
515195,"Yesterday","2019-06-26","A struggling musician realizes he's the only person on Earth who can remember The Beatles after waking up in an alternate reality where the group was forgotten.","35|14|10402|10749",6.684,4383,6.2522,"2026-10-06"
522938,"Rambo: Last Blood","2019-09-18","After fighting his demons for decades, John Rambo now lives in peace on his family ranch in Arizona, but his rest is interrupted when Gabriela, the granddaughter of his housekeeper María, disappears after crossing the border into Mexico to meet her biological father. Rambo, who has become a true father figure for Gabriela over the years, undertakes a desperate and dangerous journey to find her.","28|53|18",6.536,4361,14.9781,"2026-10-06"
423204,"Angel Has Fallen","2019-08-21","After a treacherous attack, Secret Service agent Mike Banning is charged with attempting to assassinate President Trumbull. Chased by his own colleagues and the FBI, Banning begins a race against the clock to clear his name.","28|53",6.609,4003,15.9264,"2026-10-06"
521029,"Annabelle Comes Home","2019-06-26","Determined to keep Annabelle from wreaking more havoc, demonologists Ed and Lorraine Warren bring the possessed doll to the locked artifacts room in their home, placing her “safely” behind sacred glass and enlisting a priest’s holy blessing. But an unholy night of horror awaits as Annabelle awakens the evil spirits in the room, who all set their sights on a new target—the Warrens' ten-year-old daughter, Judy, and her friends.","27",6.401,3941,11.4047,"2026-10-06"
456740,"Hellboy","2019-04-10","Hellboy comes to England, where he must defeat Nimue, Merlin's consort and the Blood Queen. But their battle will bring about the end of the world, a fate he desperately tries to turn away.","14|27|28|12",5.6,3823,7.8562,"2026-10-06"
512196,"Happy Death Day 2U","2019-02-13","Collegian Tree Gelbman wakes up in horror to learn that she's stuck in a parallel universe. Her boyfriend Carter is now with someone else, and her friends and fellow students seem to be completely different versions of themselves. When Tree discovers that Carter's roommate has been altering time, she finds herself once again the target of a masked killer. When the psychopath starts to go after her inner circle, Tree soon realizes that she must die over and over again to save everyone.","35|27|878",6.319,3751,11.8073,"2026-10-06"
504949,"The King","2019-10-11","England, 15th century. Hal, a capricious prince who lives among the populace far from court, is forced by circumstances to reluctantly accept the throne and become Henry V.","18|36|10752",7.157,3692,8.6984,"2026-10-06"
399361,"Triple Frontier","2019-03-06","Struggling to make ends meet, former special ops soldiers reunite for a high-stakes heist: stealing $75 million from a South American drug lord.","28|53|80|12",6.334,3667,9.9501,"2026-10-06"
531309,"Brightburn","2019-05-09","What if a child from another world crash-landed on Earth, but instead of becoming a hero to mankind, he proved to be something far more sinister?","27|878|18",6.183,3636,10.4263,"2026-10-06"
449563,"Isn't It Romantic","2019-02-13","For a long time, Natalie, an Australian architect living in New York City, had always believed that what she had seen in rom-coms is all fantasy. But after thwarting a mugger at a subway station only to be knocked out while fleeing, Natalie wakes up and discovers that her life has suddenly become her worst nightmare—a romantic comedy—and she is the leading lady.","35|14|10749",6.194,3634,5.9703,"2026-10-06"
457799,"Extremely Wicked, Shockingly Evil and Vile","2019-05-02","A chronicle of the crimes of Ted Bundy, from the perspective of his longtime girlfriend, Elizabeth Kloepfer, who refused to believe the truth about him for years.","18|80",6.999,3626,7.3409,"2026-10-06"
157433,"Pet Sematary","2019-04-04","Dr. Louis Creed and his wife, Rachel, move from Boston to Ludlow, in rural Maine, with their two young children. Hidden in the woods near the new family home, Ellie, their eldest daughter, discovers a mysterious cemetery where the pets of community members are buried.","27",5.7,3519,13.7118,"2026-10-06"
511987,"Crawl","2019-07-10","When a huge hurricane hits her hometown in Florida, Haley ignores evacuation orders to look for her father. After finding him badly wounded, both are trapped by the flood. With virtually no time to escape the storm, they discover that rising water levels are the least of their problems.","27|53",6.3,3484,8.8806,"2026-10-06"
412117,"The Secret Life of Pets 2","2019-05-24","Max the terrier must cope with some major life changes when his owner gets married and has a baby. When the family takes a trip to the countryside, nervous Max has numerous run-ins with canine-intolerant cows, hostile foxes and a scary turkey. Luckily for Max, he soon catches a break when he meets Rooster, a gruff farm dog who tries to cure the lovable pooch of his neuroses.","16|35|10751|12",6.9,3428,21.789,"2026-10-06"
635744,"Jarhead: Law of Return","2019-10-01","Major Ronan Jackson, an accomplished fighter pilot for the Israel Defense Forces and son of a U.S. Senator, is shot down while flying through Syrian airspace. After miraculously surviving the crash, Jackson is taken captive by a group of Hezbollah militiamen. A squad of elite soldiers, led by Gunnery Sergeant Dave Torres, risk their own lives in the hopes of saving an ally they've never met.","10752",6.526,3367,4.2372,"2026-10-06"
543540,"The Perfect Date","2019-04-12","No beau? No problem! To earn money for college, a high schooler creates a dating app that lets him act as a stand-in boyfriend.","10749|35",6.428,3360,5.9459,"2026-10-06"
525661,"Bombshell","2019-12-13","Bombshell is a revealing look inside the most powerful and controversial media empire of all time; and the explosive story of the women who brought down the infamous man who created it.","18",6.765,3285,9.2031,"2026-10-06"
551332,"The Two Popes","2019-11-27","Frustrated with the direction of the church, Cardinal Bergoglio requests permission to retire in 2012 from Pope Benedict. Instead, facing scandal and self-doubt, the introspective Pope Benedict summons his harshest critic and future successor to Rome to reveal a secret that would shake the foundations of the Catholic Church.","18|36",7.5,3236,7.4031,"2026-10-06"
458897,"Charlie's Angels","2019-11-14","Elena Houghlin is a scientist, engineer and inventor of Calisto -- a sustainable energy source that will revolutionize the way people use power. It will be ready as soon as she works out the last issue, if not it could be turned into a dangerous weapon. But when the cutting edge technology is pushed to an investor before she can do that, Elena turns to the Townsend Agency for help. Now, it's up to the Angels -- Jane, Sabina, and the newly recruited Elena -- to retrieve Calisto before it can be transformed into a weapon of mass destruction.","28|12|35",6.354,3217,13.4982,"2026-10-06"
540901,"Hustlers","2019-09-12","A crew of savvy former strip club employees band together to turn the tables on their Wall Street clients.","18|35|80",6.46,3149,7.7531,"2026-10-06"
484641,"Anna","2019-06-19","Beneath Anna Poliatova's striking beauty lies a secret that will unleash her indelible strength and skill to become one of the world's most feared government assassins.","28|12|53",6.719,3115,9.7912,"2026-10-06"
431693,"Spies in Disguise","2019-12-04","Super spy Lance Sterling and scientist Walter Beckett are almost exact opposites. Lance is smooth, suave and debonair. Walter is… not. But what Walter lacks in social skills he makes up for in smarts and invention, creating the awesome gadgets Lance uses on his epic missions. But when events take an unexpected turn, Walter and Lance suddenly have to rely on each other in a whole new way.","16|28|12|35|10751",7.5,3059,13.5226,"2026-10-06"
568091,"Fractured","2019-09-22","Driving cross-country, Ray and his wife and daughter stop at a highway rest area where his daughter falls and breaks her arm. After a frantic rush to the hospital and a clash with the check-in nurse, Ray is finally able to get her to a doctor. While the wife and daughter go downstairs for an MRI, Ray, exhausted, passes out in a chair in the lobby. Upon waking up, they have no record or knowledge of Ray's family ever being checked in.","53|18",6.765,3027,5.5332,"2026-10-06"
459992,"Long Shot","2019-05-02","Journalist Fred Flarsky reunites with his childhood crush, Charlotte Field, now one of the most influential women in the world. As she prepares to make a run for the Presidency, Charlotte hires Fred as her speechwriter — much to the dismay of her trusted advisers.","35|10749",6.701,2978,9.8514,"2026-10-06"
505948,"I Am Mother","2019-06-07","A teenage girl is raised underground by a robot ""Mother"", designed to repopulate the earth following an extinction event. But their unique bond is threatened when an inexplicable stranger arrives with alarming news.","878|53",6.719,2959,6.4765,"2026-10-06"
535581,"The Dead Don't Die","2019-05-15","In the sleepy town of Centerville, the lives of a number of interconnected characters are disrupted by the undead.","35|18|27",5.438,2954,9.5509,"2026-10-06"
417384,"Scary Stories to Tell in the Dark","2019-08-08","Mill Valley, Pennsylvania, Halloween night, 1968. After playing a joke on a school bully, Stella and her friends decide to sneak into a supposedly haunted house that once belonged to the powerful Bellows family, unleashing dark forces that they will be unable to control.","27|9648",6.5,2946,13.9823,"2026-10-06"
505600,"Booksmart","2019-05-24","Two academic teenage superstars realize, on the eve of their high school graduation, that they should have worked less and played more. Determined to never fall short of their peers, the girls set out on a mission to cram four years of fun into one night.","35",6.995,2936,8.9334,"2026-10-06"
438650,"Cold Pursuit","2019-02-07","The quiet family life of Nels Coxman, a snowplow driver, is upended after his son's murder. Nels begins a vengeful hunt for Viking, the drug lord he holds responsible for the killing, eliminating Viking's associates one by one. As Nels draws closer to Viking, his actions bring even more unexpected and violent consequences, as he proves that revenge is all in the execution.","80|28|18",5.881,2858,17.0222,"2026-10-06"
522162,"Midway","2019-11-06","The story of the Battle of Midway, and the leaders and soldiers who used their instincts, fortitude and bravery to overcome massive odds.","10752|36|18|28",7.1,2824,9.848,"2026-10-06"
292011,"Richard Jewell","2019-12-13","Richard Jewell thinks quick, works fast, and saves hundreds, perhaps thousands, of lives after a domestic terrorist plants several pipe bombs and they explode during a concert, only to be falsely suspected of the crime by sloppy FBI work and sensational media coverage.","18|36|80",7.414,2817,12.4931,"2026-10-06"
458305,"Vivarium","2019-09-07","A young woman and her fiancé are in search of the perfect starter home. After following a mysterious real estate agent to a new housing development, the couple finds themselves trapped in a maze of identical houses and forced to raise an otherworldly child.","878|9648|27",6.1,2775,8.9931,"2026-10-06"
449562,"The Hustle","2019-05-09","Two female scam artists, one low rent and the other high class, compete to swindle a naïve tech prodigy out of his fortune. A remake of the 1988 comedy ""Dirty Rotten Scoundrels.""","35|80",6.2,2761,12.9741,"2026-10-06"
480414,"The Curse of La Llorona","2019-04-17","In 1970s Los Angeles, the legendary ghost La Llorona is stalking the night -- and the children. Ignoring the eerie warning of a troubled mother, a social worker and her own kids are drawn into a frightening supernatural realm. Their only hope of surviving La Llorona's deadly wrath is a disillusioned priest who practices mysticism to keep evil at bay.","27",5.6,2744,11.0882,"2026-10-06"
549053,"Last Christmas","2019-11-07","Kate is a young woman who has a habit of making bad decisions, and her last date with disaster occurs after she accepts work as Santa's elf for a department store. However, after she meets Tom there, her life takes a new turn.","35|18|10749",7.185,2691,9.3665,"2026-10-06"
552178,"Dark Waters","2019-11-22","A tenacious attorney uncovers a dark secret that connects a growing number of unexplained deaths to one of the world's largest corporations. In the process, he risks everything — his future, his family, and his own life — to expose the truth.","18|53",7.528,2629,12.0901,"2026-10-06"
483906,"Polar","2019-01-25","When a retiring assassin realizes that he is the target of a hit, he winds up back in the game going head to head with a gang of younger, ruthless killers.","28|80|18",6.414,2608,9.3782,"2026-10-06"
522212,"Just Mercy","2019-12-25","The powerful true story of Harvard-educated lawyer Bryan Stevenson, who goes to Alabama to defend the disenfranchised and wrongly condemned — including Walter McMillian, a man sentenced to death despite evidence proving his innocence. Bryan fights tirelessly for Walter with the system stacked against them.","18|80|36",7.843,2558,10.6445,"2026-10-06"
481084,"The Addams Family","2019-10-10","The Addams family's lives begin to unravel when they face-off against a treacherous, greedy crafty reality-TV host while also preparing for their extended family to arrive for a major celebration.","10751|16|35|14",6.607,2549,19.2074,"2026-10-06"
280217,"The Lego Movie 2: The Second Part","2019-02-06","It's been five years since everything was awesome and the citizens are facing a huge new threat: LEGO DUPLO® invaders from outer space, wrecking everything faster than they can rebuild.","28|12|16|35|10751",6.645,2527,17.0014,"2026-10-06"
502416,"Ma","2019-05-29","Sue Ann is a loner who keeps to herself in her quiet Ohio town. One day, she is asked by Maggie, a new teenager in town, to buy some booze for her and her friends, and Sue Ann sees the chance to make some unsuspecting, if younger, friends of her own.","27|53",5.816,2520,7.6996,"2026-10-06"
523139,"In the Tall Grass","2019-09-20","After hearing a child screaming for help from the green depths of a vast field of tall grass, Becky, a pregnant woman, and Cal, her brother, park their car near a mysterious abandoned church and enter the field, discovering that they are not alone and, for some reason, they are unable to escape a completely inextricable vegetable labyrinth.","27",5.551,2480,7.6642,"2026-10-06"
475303,"A Rainy Day in New York","2019-07-26","Two young people arrive in New York to spend a weekend, but once they arrive they're met with bad weather and a series of adventures.","35|10749",6.472,2423,0.7637,"2026-10-06"
599975,"Countdown","2019-10-24","A young nurse downloads an app that tells her she only has three days to live. With time ticking away and a mysterious figure haunting her, she must find a way to save her life before time runs out.","27|53",6.208,2384,8.9511,"2026-10-06"
606856,"Togo","2019-12-20","The untold true story set in the winter of 1925 that takes you across the treacherous terrain of the Alaskan tundra for an exhilarating and uplifting adventure that will test the strength, courage and determination of one man, Leonhard Seppala, and his lead sled dog, Togo.","12|36|18",8.137,2373,6.5394,"2026-10-06"
500682,"The Highwaymen","2019-03-15","In 1934, Frank Hamer and Manny Gault, two former Texas Rangers, are commissioned to put an end to the wave of vicious crimes perpetrated by Bonnie Parker and Clyde Barrow, a notorious duo of infamous robbers and cold-blooded killers who nevertheless are worshiped by the public.","80|18|53",6.8,2312,8.0039,"2026-10-06"
461130,"Code 8","2019-12-06","In Lincoln City, some inhabitants have extraordinary abilities. Most live below the poverty line, under the close surveillance of a heavily militarized police force. Connor, a construction worker with powers, involves with a criminal gang to help his ailing mother. (Based on the short film “Code 8,” 2016.)","878|28|80",6.26,2262,6.9785,"2026-10-06"
535292,"21 Bridges","2019-10-24","An embattled NYPD detective, is thrust into a citywide manhunt for a pair of cop killers after uncovering a massive and unexpected conspiracy. As the night unfolds, lines become blurred on who he is pursuing, and who is in pursuit of him.","80|28|18",6.794,2246,10.7942,"2026-10-06"
431580,"Abominable","2019-09-19","A group of misfits encounter a young Yeti named Everest, and they set off to reunite the magical creature with his family on the mountain of his namesake.","10751|16|12|35|14",7.5,2241,14.2844,"2026-10-06"
533642,"Child's Play","2019-06-19","Karen, a single mother, gifts her son Andy a Buddi doll for his birthday, unaware of its more sinister nature. A contemporary re-imagining of the 1988 horror classic.","27",6,2107,11.9706,"2026-10-06"
521777,"Good Boys","2019-08-14","A group of young boys on the cusp of becoming teenagers embark on an epic quest to fix their broken drone before their parents get home.","35",6.83,2083,11.4641,"2026-10-06"
508442,"Soul","2020-12-25","Joe Gardner is a middle school teacher with a love for jazz music. After a successful audition at the Half Note Club, he suddenly gets into an accident that separates his soul from his body and is transported to the You Seminar, a center in which souls develop and gain passions before being transported to a newborn child. Joe must enlist help from the other souls-in-training, like 22, a soul who has spent eons in the You Seminar, in order to get back to Earth.","16|10751|18|10402|14",8.1,11789,24.1554,"2026-10-06"
577922,"Tenet","2020-08-22","Armed with only one word - Tenet - and fighting for the survival of the entire world, the Protagonist journeys through a twilight world of international espionage on a mission that will unfold in something beyond real time.","28|53|878",7.2,11593,22.8407,"2026-10-06"
495764,"Birds of Prey (and the Fantabulous Emancipation of One Harley Quinn)","2020-02-05","Harley Quinn joins forces with a singer, an assassin and a police detective to help a young girl who had a hit placed on her after she stole a rare diamond from a crime lord.","28|80",6.862,11033,16.5135,"2026-10-06"
454626,"Sonic the Hedgehog","2020-02-12","Powered with incredible speed, Sonic The Hedgehog embraces his new home on Earth. That is, until Sonic sparks the attention of super-uncool evil genius Dr. Robotnik. Now it’s super-villain vs. super-sonic in an all-out race across the globe to stop Robotnik from using Sonic’s unique power for world domination.","28|878|35|10751",7.267,10614,25.6525,"2026-10-06"
464052,"Wonder Woman 1984","2020-12-16","A botched store robbery places Wonder Woman in a global battle against a powerful and mysterious ancient force that puts her powers in jeopardy.","28|12|14",6.345,9290,22.7637,"2026-10-06"
38700,"Bad Boys for Life","2020-01-15","Marcus and Mike are forced to confront new threats, career changes, and midlife crises as they join the newly created elite team AMMO of the Miami police department to take down the ruthless Armando Armas, the vicious leader of a Miami drug cartel.","53|28|80",7.105,8911,18.0475,"2026-10-06"
337401,"Mulan","2020-09-04","When the Emperor of China issues a decree that one man per family must serve in the Imperial Chinese Army to defend the country from Huns, Hua Mulan, the eldest daughter of an honored warrior, steps in to take the place of her ailing father. She is spirited, determined and quick on her feet. Disguised as a man by the name of Hua Jun, she is tested every step of the way and must harness her innermost strength and embrace her true potential.","12|14|28",6.8,7169,11.1288,"2026-10-06"
522627,"The Gentlemen","2020-01-01","American expat Mickey Pearson has built a highly profitable marijuana empire in London. When word gets out that he’s looking to cash out of the business forever it triggers plots, schemes, bribery and blackmail in an attempt to steal his domain out from under him.","28|35|80",7.7,6942,29.247,"2026-10-06"
497582,"Enola Holmes","2020-09-22","While searching for her missing mother, intrepid teen Enola Holmes uses her sleuthing skills to outsmart big brother Sherlock and help a runaway lord.","12|9648|80",7.213,6861,13.9262,"2026-10-06"
545609,"Extraction","2020-04-23","A hardened gun-for-hire's latest mission becomes a soul-searching race to survive when he's sent into Bangladesh to rescue a drug lord's kidnapped son.","28|53",7.281,6819,13.5257,"2026-10-06"
508439,"Onward","2020-02-29","In a suburban fantasy world, two teenage elf brothers embark on an extraordinary quest to discover if there is still a little magic left out there.","12|16|35|10751|14",7.6,6723,13.2555,"2026-10-06"
570670,"The Invisible Man","2020-02-26","When Cecilia's abusive ex takes his own life and leaves her his fortune, she suspects his death was a hoax. As a series of coincidences turn lethal, Cecilia works to prove that she is being hunted by someone nobody can see.","53|878|27",7.083,6493,12.9709,"2026-10-06"
524047,"Greenland","2020-07-29","John Garrity, his estranged wife and their young son embark on a perilous journey to find sanctuary as a planet-killing comet hurtles toward Earth. Amid terrifying accounts of cities getting levelled, the Garritys experience the best and worst in humanity. As the countdown to the global apocalypse approaches zero, their incredible trek culminates in a desperate and last-minute flight to a possible safe haven.","53|28|878",7.117,5564,15.6416,"2026-10-06"
613504,"After We Collided","2020-09-02","Tessa finds herself struggling with her complicated relationship with Hardin; she faces a dilemma that could change their lives forever.","18|10749",7.148,5506,10.6192,"2026-10-06"
338762,"Bloodshot","2020-03-05","After he and his wife are murdered, marine Ray Garrison is resurrected by a team of scientists. Enhanced with nanotechnology, he becomes a superhuman, biotech killing machine—'Bloodshot'. As Ray first trains with fellow super-soldiers, he cannot recall anything from his former life. But when his memories flood back and he remembers the man that killed both him and his wife, he breaks out of the facility to get revenge, only to discover that there's more to the conspiracy than he thought.","28|878|12",6.666,5372,7.1695,"2026-10-06"
583083,"The Kissing Booth 2","2020-07-24","With college decisions looming, Elle juggles her long-distance romance with Noah, changing relationship with bestie Lee and feelings for a new classmate.","35|10749",7.597,5181,8.1953,"2026-10-06"
547016,"The Old Guard","2020-07-09","Four undying warriors who've secretly protected humanity for centuries become targeted for their mysterious powers just as they discover a new immortal.","28|14",7.083,4983,12.2166,"2026-10-06"
590223,"Love and Monsters","2020-10-16","Seven years since the Monsterpocalypse began, Joel Dawson has been living underground in order to survive. But after reconnecting over radio with his high school girlfriend Aimee, Joel decides to venture out to reunite with her, despite all the dangerous monsters that stand in his way.","12|35|14",7.3,4619,11.1411,"2026-10-06"
529203,"The Croods: A New Age","2020-11-25","Searching for a safer habitat, the prehistoric Crood family discovers an idyllic, walled-in paradise that meets all of its needs. Unfortunately, they must also learn to live with the Bettermans -- a family that's a couple of steps above the Croods on the evolutionary ladder. As tensions between the new neighbors start to rise, a new threat soon propels both clans on an epic adventure that forces them to embrace their differences, draw strength from one another, and survive together.","16|10751|12|14|35",7.435,4250,19.0101,"2026-10-06"
481848,"The Call of the Wild","2020-02-19","Buck is a big-hearted dog whose blissful domestic life is turned upside down when he is suddenly uprooted from his California home and transplanted to the exotic wilds of the Yukon during the Gold Rush of the 1890s. As the newest rookie on a mail delivery dog sled team—and later its leader—Buck experiences the adventure of a lifetime, ultimately finding his true place in the world and becoming his own master.","12|10751|18",7.5,4025,13.1569,"2026-10-06"
448119,"Dolittle","2020-01-02","After losing his wife seven years earlier, the eccentric Dr. John Dolittle, famed doctor and veterinarian of Queen Victoria’s England, hermits himself away behind the high walls of Dolittle Manor with only his menagerie of exotic animals for company. But when the young queen falls gravely ill, a reluctant Dolittle is forced to set sail on an epic adventure to a mythical island in search of a cure, regaining his wit and courage as he crosses old adversaries and discovers wondrous creatures.","10751|35|14|12",6.567,3966,14.1426,"2026-10-06"
587792,"Palm Springs","2020-07-10","When carefree Nyles and reluctant maid of honor Sarah have a chance encounter at a Palm Springs wedding, things get complicated when they find themselves unable to escape the venue, themselves, or each other.","35|10749|878",7.3,3925,16.9628,"2026-10-06"
582014,"Promising Young Woman","2020-12-13","A young woman, traumatized by a tragic event in her past, seeks out vengeance against those who crossed her path.","53|80|18",7.369,3875,11.6084,"2026-10-06"
514847,"The Hunt","2020-03-11","Twelve strangers wake up in a clearing. They don't know where they are—or how they got there. In the shadow of a dark internet conspiracy theory, ruthless elitists gather at a remote location to hunt humans for sport. But their master plan is about to be derailed when one of the hunted turns the tables on her pursuers.","28|53|27",6.658,3839,15.8562,"2026-10-06"
340102,"The New Mutants","2020-08-26","Five young mutants, just discovering their abilities while held in a secret facility against their will, fight to escape their past sins and save themselves.","878|27",6,3836,13.1967,"2026-10-06"
600354,"The Father","2020-12-23","A man refuses all assistance from his daughter as he ages and, as he tries to make sense of his changing circumstances, he begins to doubt his loved ones, his own mind and even the fabric of his reality.","18",8.095,3795,11.3611,"2026-10-06"
499932,"The Devil All the Time","2020-09-11","In Knockemstiff, Ohio and its neighboring backwoods, sinister characters converge around young Arvin Russell as he fights the evil forces that threaten him and his family.","80|18|53",7.2,3795,9.8664,"2026-10-06"
458576,"Monster Hunter","2020-12-03","US Ranger Captain Artemis and her team are part of a UN joint security mission north of Hemat, in Afghanistan.  While searching for a missing team (Bravo), they are transported to a strange world where powerful monsters rule with deadly ferocity.  Faced with relentless danger, the team encounters a mysterious hunter who may be their only hope to find a way home.","28|14|12",6.5,3677,15.7161,"2026-10-06"
443791,"Underwater","2020-01-08","After an earthquake destroys their underwater station, six researchers must navigate two miles along the dangerous, unknown depths of the ocean floor to make it to safety in a race against time.","27|878|28|12",6.317,3673,11.2889,"2026-10-06"
516486,"Greyhound","2020-07-09","A first-time captain leads a convoy of allied ships carrying thousands of soldiers across the treacherous waters of the ""Black Pit"" to the front lines of WWII. With no air cover protection for 5 days, the captain and his convoy must battle the surrounding enemy Nazi U-boats in order to give the allies a chance to win the war.","10752|28|18",7.417,3485,13.6914,"2026-10-06"
556984,"The Trial of the Chicago 7","2020-09-25","What was supposed to be a peaceful protest turned into a violent clash with the police. What followed was one of the most notorious trials in history.","18|36",7.654,3466,7.5633,"2026-10-06"
605116,"Project Power","2020-08-14","An ex-soldier, a teen and a cop collide in New Orleans as they hunt for the source behind a dangerous new pill that grants users temporary superpowers.","28|80|878|53",6.418,3161,8.8615,"2026-10-06"
342470,"All the Bright Places","2020-02-28","Two teens facing personal struggles form a powerful bond as they embark on a cathartic journey chronicling the wonders of Indiana.","10749|18",7.638,3078,6.492,"2026-10-06"
531219,"Roald Dahl's The Witches","2020-10-26","In late 1967, a young orphaned boy goes to live with his loving grandma in the rural Alabama town of Demopolis. As the boy and his grandmother encounter some deceptively glamorous but thoroughly diabolical witches, she wisely whisks him away to a seaside resort. Regrettably, they arrive at precisely the same time that the world's Grand High Witch has gathered.","35|14|10751|27",6.3,3062,13.7945,"2026-10-06"
400160,"The SpongeBob Movie: Sponge on the Run","2020-08-14","When his best friend Gary is suddenly snatched away, SpongeBob takes Patrick on a madcap mission far beyond Bikini Bottom to save their pink-shelled pal.","12|16|35|10751|14",7.391,3038,15.8305,"2026-10-06"
546121,"Run","2020-11-20","Chloe, a teenager who is confined to a wheelchair, is homeschooled by her mother, Diane. Chloe soon becomes suspicious of her mother and begins to suspect that she may be harboring a dark secret.","53|27|18",7.2,2995,7.7423,"2026-10-06"
740985,"Borat Subsequent Moviefilm: Delivery of Prodigious Bribe to American Regime for Make Benefit Once Glorious Nation of Kazakhstan","2020-10-23","14 years after making a film about his journey across the USA, Borat risks life and limb when he returns to the United States with his young daughter, and reveals more about the culture, the COVID-19 pandemic, and the political elections.","35",6.432,2991,8.7333,"2026-10-06"
502033,"Sound of Metal","2020-11-20","Metal drummer Ruben begins to lose his hearing. When a doctor tells him his condition will worsen, he thinks his career and life is over. His girlfriend Lou checks the former addict into a rehab for the deaf hoping it will prevent a relapse and help him adapt to his new life. After being welcomed and accepted just as he is, Ruben must choose between his new normal and the life he once knew.","18|10402",7.707,2972,8.1887,"2026-10-06"
539885,"Ava","2020-07-02","A black ops assassin is forced to fight for her own survival after a job goes dangerously wrong.","28|53|80",5.829,2816,10.1638,"2026-10-06"
565426,"To All the Boys: P.S. I Still Love You","2020-02-03","Lara Jean and Peter have just taken their romance from pretend to officially real when another recipient of one of her love letters enters the picture.","10749|35",6.823,2742,6.4447,"2026-10-06"
539537,"Fantasy Island","2020-02-12","A group of contest winners arrive at an island hotel to live out their dreams, only to find themselves trapped in nightmare scenarios.","12|14|27|9648",5.743,2691,13.8284,"2026-10-06"
457335,"Guns Akimbo","2020-02-27","An ordinary guy suddenly finds himself forced to fight a gladiator-like battle for a dark website that streams the violence for viewers. In order to survive and rescue his kidnapped ex-girlfriend, he must battle Nix, a heavily armed and much more experienced fighter.","28|35|53",6.436,2666,7.5376,"2026-10-06"
625568,"Unhinged","2020-07-16","Rachel is a divorced single mother whose bad day gets even worse. She's running late to drop her son off at school when she honks her horn impatiently at a fellow driver during rush-hour traffic. After an exchange of words, she soon realizes that the mysterious man is following her and her young son in his truck. A case of road rage quickly escalates, at horrifyingly psychotic proportions, into full-blown terror as Rachel discovers the psychopath's sinister plan for revenge. He is single-mindedly determined to teach her a deadly lesson.","28|53|27",6.428,2601,7.3746,"2026-10-06"
581600,"Spenser Confidential","2020-03-06","Spenser, a former Boston patrolman who just got out from prison, teams up with Hawk, an aspiring fighter, to unravel the truth behind the death of two police officers.","35|28|53",6.499,2585,7.117,"2026-10-06"
696374,"Gabriel's Inferno","2020-05-29","An intriguing and sinful exploration of seduction, forbidden love, and redemption, Gabriel's Inferno is a captivating and wildly passionate tale of one man's escape from his own personal hell as he tries to earn the impossible--forgiveness and love.","10749|18",8.381,2483,3.7162,"2026-10-06"
615665,"Holidate","2020-10-27","Fed up with being single on holidays, two strangers agree to be each other's platonic plus-ones all year long, only to catch real feelings along the way.","35|10749",7,2411,6.4786,"2026-10-06"
446893,"Trolls World Tour","2020-03-11","Queen Poppy and Branch make a surprising discovery — there are other Troll worlds beyond their own, and their distinct differences create big clashes between these various tribes. When a mysterious threat puts all of the Trolls across the land in danger, Poppy, Branch, and their band of friends must embark on an epic quest to create harmony among the feuding Trolls to unite them against certain doom.","10751|16|35|14|12|10402",7.2,2315,20.8898,"2026-10-06"
500840,"I'm Thinking of Ending Things","2020-08-28","Nothing is as it seems when a woman experiencing misgivings about her new boyfriend joins him on a road trip to meet his parents at their remote farm.","9648|53|18",6.533,2306,6.0082,"2026-10-06"
614911,"The Midnight Sky","2020-12-10","A lone scientist in the Arctic races to contact a crew of astronauts returning home to a mysterious global catastrophe.","878|18",5.734,2087,9.7249,"2026-10-06"
556678,"Emma.","2020-02-13","In 1800s England, a well-meaning but selfish young woman meddles in the love lives of her friends.","35|10749|18",7,2015,7.4481,"2026-10-06"
447362,"Life in a Year","2020-11-27","A 17 year old finds out that his girlfriend is dying, so he sets out to give her an entire life, in the last year she has left.","18|10749",8.226,2010,7.0183,"2026-10-06"
581032,"News of the World","2020-12-25","A Texan traveling across the wild West bringing the news of the world to local townspeople, agrees to help rescue a young girl who was kidnapped.","18|37|12",6.901,2005,9.1412,"2026-10-06"
553604,"Honest Thief","2020-09-03","A bank robber tries to turn himself in because he's falling in love and wants to live an honest life...but when he realizes the Feds are more corrupt than him, he must fight back to clear his name.","53|28|80",6.458,1954,12.9133,"2026-10-06"
551804,"Freaky","2020-11-12","A mystical, ancient dagger causes a notorious serial killer to magically switch bodies with a 17-year-old girl.","27|35",6.542,1934,9.5263,"2026-10-06"
623491,"The Babysitter: Killer Queen","2020-09-10","Two years after defeating a satanic cult led by his babysitter Bee, Cole's trying to forget his past and focus on surviving high school. But when old enemies unexpectedly return, Cole will once again have to outsmart the forces of evil.","35|27",6.302,1917,7.4553,"2026-10-06"
656690,"The Social Dilemma","2020-01-26","This documentary-drama hybrid explores the dangerous human impact of social networking, with tech experts sounding the alarm on their own creations.","99|18",7.454,1863,6.7267,"2026-10-06"
614560,"Mank","2020-11-13","1930s Hollywood is reevaluated through the eyes of scathing social critic and alcoholic screenwriter Herman J. Mankiewicz as he races to finish the screenplay of Citizen Kane.","18|36",6.664,1854,5.7975,"2026-10-06"
385103,"Scoob!","2020-07-08","In Scooby-Doo’s greatest adventure yet, see the never-before told story of how lifelong friends Scooby and Shaggy first met and how they joined forces with young detectives Fred, Velma, and Daphne to form the famous Mystery Inc. Now, with hundreds of cases solved, Scooby and the gang face their biggest, toughest mystery ever: an evil plot to unleash the ghost dog Cerberus upon the world. As they race to stop this global “dogpocalypse,” the gang discovers that Scooby has a secret legacy and an epic destiny greater than anyone ever imagined.","16|35|10751|9648",7,1851,7.7277,"2026-10-06"
617505,"Hubie Halloween","2020-10-07","Hubie Dubois, despite his devotion to his hometown of Salem, Massachusetts (and its legendary Halloween celebration), is a figure of mockery for kids and adults alike. But this year, something really is going bump in the night, and it’s up to Hubie to save Halloween.","35|9648",5.878,1828,8.2236,"2026-10-06"
548473,"Color Out of Space","2020-01-24","The Gardner family moves to a remote farmstead in rural New England to escape the hustle of the 21st century. They are busy adapting to their new life when a meteorite crashes into their front yard, melts into the earth, and infects both the land and the properties of space-time with a strange, otherworldly colour. To their horror, the family discovers this alien force is gradually mutating every life form that it touches—including them.","27|878|9648|53",6.089,1797,7.903,"2026-10-06"
475430,"Artemis Fowl","2020-05-29","Artemis Fowl is a 12-year-old genius and descendant of a long line of criminal masterminds. He soon finds himself in an epic battle against a race of powerful underground fairies who may be behind his father's disappearance.","12|14|878|10751",5.515,1766,9.8461,"2026-10-06"
531454,"Eurovision Song Contest: The Story of Fire Saga","2020-06-26","Two small-town singers chase their pop star dreams at a global music competition, where high stakes, scheming rivals and onstage mishaps test their bond.","10402|35",6.41,1640,5.464,"2026-10-06"
618344,"Justice League Dark: Apokolips War","2020-05-05","Earth is decimated after intergalactic tyrant Darkseid has devastated the Justice League in a poorly executed war by the DC Super Heroes. Now the remaining bastions of good – the Justice League, Teen Titans, Suicide Squad and assorted others – must regroup, strategize and take the war to Darkseid in order to save the planet and its surviving inhabitants.","16|28|12|14",8.188,1638,7.8683,"2026-10-06"
542224,"Gretel & Hansel","2020-01-30","A long time ago in a distant fairy tale countryside, a young girl leads her little brother into a dark wood in desperate search of food and work, only to stumble upon a nexus of terrifying evil.","27|14",6,1629,13.0527,"2026-10-06"
597219,"The Half of It","2020-05-01","Shy, straight-A student Ellie is hired by sweet but inarticulate jock Paul, who needs help wooing the most popular girl in school. But their new and unlikely friendship gets tricky when Ellie discovers she has feelings for the same girl.","35|10749|18",7.085,1628,4.6812,"2026-10-06"
724089,"Gabriel's Inferno: Part II","2020-07-31","Professor Gabriel Emerson finally learns the truth about Julia Mitchell's identity, but his realization comes a moment too late. Julia is done waiting for the well-respected Dante specialist to remember her and wants nothing more to do with him. Can Gabriel win back her heart before she finds love in another's arms?","10749|18",8.343,1567,2.4781,"2026-10-06"
502425,"Escape from Pretoria","2020-03-06","South Africa, 1978. Tim Jenkin and Stephen Lee, two white political activists from the African National Congress imprisoned by the apartheid regime, put a plan in motion to escape from the infamous Pretoria Prison.","18|36|53",7.166,1547,5.8755,"2026-10-06"
664767,"Mortal Kombat Legends: Scorpion's Revenge","2020-04-12","After the vicious slaughter of his family by stone-cold mercenary Sub-Zero, Hanzo Hasashi is exiled to the torturous Netherrealm. There, in exchange for his servitude to the sinister Quan Chi, he’s given a chance to avenge his family – and is resurrected as Scorpion, a lost soul bent on revenge. Back on Earthrealm, Lord Raiden gathers a team of elite warriors – Shaolin monk Liu Kang, Special Forces officer Sonya Blade, and action star Johnny Cage – an unlikely band of heroes with one chance to save humanity. To do this, they must defeat Shang Tsung's horde of Outworld gladiators and reign over the Mortal Kombat tournament.","16|28|14",8.091,1535,6.1228,"2026-10-06"
474764,"The Lodge","2020-01-16","When a father is forced to abruptly depart for work, he leaves his children, Aidan and Mia, at their holiday home in the care of his new girlfriend, Grace. Isolated and alone, a blizzard traps them inside the lodge as terrifying events summon specters from Grace's dark past.","27|9648",6.1,1484,7.6457,"2026-10-06"
441130,"Wolfwalkers","2020-10-26","In a time of superstition and magic, when wolves are seen as demonic and nature an evil to be tamed, a young apprentice hunter comes to Ireland with her father to wipe out the last pack. But when she saves a wild native girl, their friendship leads her to discover the world of the Wolfwalkers and transform her into the very thing her father is tasked to destroy.","16|10751|12|14",8.171,1466,12.4398,"2026-10-06"
592834,"My Spy","2020-01-09","A hardened CIA operative finds himself at the mercy of a precocious 9-year-old girl, having been sent undercover to surveil her family.","10751|28|35",6.86,1438,11.6784,"2026-10-06"
560050,"Over the Moon","2020-10-16","Fueled by memories of her mother, resourceful Fei Fei builds a rocket to the moon on a mission to prove the existence of a legendary moon goddess.","16|12|10751|14",7.182,1432,7.1276,"2026-10-06"
522241,"The Courier","2020-01-24","Cold War spy Greville Wynne and his Russian source try to put an end to the Cuban Missile Crisis.","53|36|18",7.032,1425,10.0091,"2026-10-06"
529485,"The Way Back","2020-03-05","A former basketball all-star, who has lost his wife and family foundation in a struggle with addiction, attempts to regain his soul and salvation by becoming the coach of a disparate ethnically mixed high school basketball team at his alma mater.","18",6.628,1366,10.6379,"2026-10-06"
641662,"Pieces of a Woman","2020-12-30","When a young mother's home birth ends in unfathomable tragedy, she begins a year-long odyssey of mourning that fractures relationships with loved ones in this deeply personal story of a woman learning to live alongside her loss.","18",7.007,1353,6.6813,"2026-10-06"
520172,"Happiest Season","2020-11-26","A young woman's plans to propose to her girlfriend while at her family's annual holiday party are upended when she discovers her partner hasn't yet come out to her conservative parents.","10749|35",7.073,1350,7.8665,"2026-10-06"
836466,"Return","2020-06-10","A single man has worked most of his life in a supermarket. One night, he unexpectedly meets with his father, and the two are faced with the question of the reasons for their separation.","16",6.4,1346,0.4649,"2026-10-06"
723072,"Host","2020-09-10","Six friends hire a medium to hold a séance via Zoom during lockdown — but they get far more than they bargained for as things quickly go wrong. When an evil spirit starts invading their homes, they begin to realise they might not survive the night.","27",6.6,1343,5.8461,"2026-10-06"
555974,"Brahms: The Boy II","2020-02-20","After a family moves into the Heelshire Mansion, their young son soon makes friends with a life-like doll called Brahms.","27|9648|53",5.859,1333,9.6677,"2026-10-06"
582596,"The Wrong Missy","2020-05-13","A guy meets the woman of his dreams and invites her to his company's corporate retreat, but realizes he sent the invite to the wrong person.","35|10749",6.128,1315,6.2976,"2026-10-06"
615667,"Ma Rainey's Black Bottom","2020-11-25","Tensions rise when the trailblazing Mother of the Blues and her band gather at a Chicago recording studio in 1927. Adapted from August Wilson's play.","18|10402",6.644,1296,26.1682,"2026-10-06"
575774,"His House","2020-10-23","After making a harrowing escape from war-torn South Sudan, a young refugee couple struggle to adjust to their new life in a small English town that has an unspeakable evil lurking beneath the surface.","27|18",6.414,1282,3.9031,"2026-10-06"
531876,"The Outpost","2020-06-24","A small unit of U.S. soldiers, alone at the remote Combat Outpost Keating, located deep in the valley of three mountains in Afghanistan, battles to defend against an overwhelming force of Taliban fighters in a coordinated attack. The Battle of Kamdesh, as it was known, was the bloodiest American engagement of the Afghan War in 2009 and Bravo Troop 3-61 CAV became one of the most decorated units of the 19-year conflict.","10752|18|36|28",6.898,1270,8.5407,"2026-10-06"
585244,"I Still Believe","2020-03-12","The true-life story of Christian music star Jeremy Camp and his journey of love and loss that looks to prove there is always hope.","10402|18|10749",7.566,1251,9.5778,"2026-10-06"
612706,"Work It","2020-08-07","A brilliant but clumsy high school senior vows to get into her late father's alma mater by transforming herself and a misfit squad into dance champions.","35|10402",7.5,1230,3.5287,"2026-10-06"
581859,"Da 5 Bloods","2020-06-12","Four African-American Vietnam veterans return to Vietnam. They are in search of the remains of their fallen squad leader and the promise of buried treasure. These heroes battle forces of humanity and nature while confronted by the lasting ravages of the immorality of the Vietnam War.","10752|18",6.4,1207,6.1304,"2026-10-06"
505379,"Rebecca","2020-10-16","After a whirlwind romance with a wealthy widower, a naïve bride moves to his family estate but can't escape the haunting shadow of his late wife.","10749|18|9648|53",6.29,1202,3.8228,"2026-10-06"
654028,"The Christmas Chronicles: Part Two","2020-11-18","Kate Pierce is reluctantly spending Christmas with her mom’s new boyfriend and his son Jack. But when the North Pole and Christmas are threatened to be destroyed, Kate and Jack are unexpectedly pulled into a new adventure with Santa Claus.","10751|14|12|35",6.5,1196,5.754,"2026-10-06"
707886,"Feel the Beat","2020-06-19","After failing to make it on Broadway, April returns to her hometown and reluctantly begins training a misfit group of young dancers for a competition.","35|10402|18",7.5,1181,4.5705,"2026-10-06"
579583,"The King of Staten Island","2020-07-22","Scott has been a case of arrested development ever since his firefighter father died when he was seven. He's now reached his mid-20s having achieved little, chasing a dream of becoming a tattoo artist that seems far out of reach. As his ambitious younger sister heads off to college, Scott is still living with his exhausted ER nurse mother and spends his days smoking weed, hanging with the guys — Oscar, Igor and Richie — and secretly hooking up with his childhood friend Kelsey. But when his mother starts dating a loudmouth firefighter named Ray, it sets off a chain of events that will force Scott to grapple with his grief and take his first tentative steps toward moving forward in life.","35|18",7,1179,6.4659,"2026-10-06"
621013,"Chemical Hearts","2020-08-21","When a hopelessly romantic high school senior falls for a mysterious new classmate, it sets them both on an unexpected journey that teaches them about love, loss, and most importantly themselves.","18|10749",7.3,1173,6.018,"2026-10-06"
549294,"Synchronic","2020-10-23","Two New Orleans paramedics' lives are ripped apart after encountering a series of horrific deaths linked to a designer drug with bizarre, otherworldly effects.","27|878|53",6.332,1166,6.563,"2026-10-06"
627725,"The Banker","2020-03-06","In the 1960s, two entrepreneurs hatch an ingenious business plan to fight for housing integration—and equal access to the American Dream.","18",7.63,1165,13.3522,"2026-10-06"
501979,"Bill & Ted Face the Music","2020-08-27","Yet to fulfill their rock and roll destiny, the stakes are higher than ever for the now middle-aged Bill and Ted who set out on a new adventure when a visitor from the future warns them that only their song can save life as we know it.","35|878|12|10402",5.9,1134,7.443,"2026-10-06"
516632,"The Empty Man","2020-10-22","On the trail of a missing girl, an ex-cop comes across a secretive group attempting to summon a terrifying supernatural entity.","27|9648|53",6.158,1123,9.7298,"2026-10-06"
435615,"Possessor","2020-10-02","Tasya Vos, an elite corporate assassin, uses brain-implant technology to take control of other people’s bodies to terminate high profile targets. As she sinks deeper into her latest assignment, Vos becomes trapped inside a mind that threatens to obliterate her.","27|53|878",6.361,1119,6.2881,"2026-10-06"
425001,"The War with Grandpa","2020-08-27","Peter is thrilled that his Grandpa is coming to live with his family. That is, until Grandpa moves into Peter's room, forcing him upstairs into the creepy attic. And though he loves his Grandpa, he wants his room back - so he has no choice but to declare war.","35|10751",6.428,1101,9.013,"2026-10-06"
761053,"Gabriel's Inferno: Part III","2020-11-19","The final part of the film adaption of the erotic romance novel Gabriel's Inferno written by an anonymous Canadian author under the pen name Sylvain Reynard.","10749|18",8.3,1095,5.2831,"2026-10-06"
682110,"My Octopus Teacher","2020-09-04","After years of swimming every day in the freezing ocean at the tip of Africa, Craig Foster meets an unlikely teacher: a young octopus who displays remarkable curiosity. Visiting her den and tracking her movements for months on end he eventually wins the animal’s trust and they develop a never-before-seen bond between human and wild animal.","99",7.891,1092,4.6138,"2026-10-06"
630566,"Clouds","2020-10-09","Young musician Zach Sobiech discovers his cancer has spread, leaving him just a few months to live. With limited time, he follows his dream and makes an album, unaware that it will soon be a viral music phenomenon.","10402|18",8.247,1069,4.0359,"2026-10-06"
634649,"Spider-Man: No Way Home","2021-12-15","Peter Parker is unmasked and no longer able to separate his normal life from the high-stakes of being a super-hero. When he asks for help from Doctor Strange the stakes become even more dangerous, forcing him to discover what it truly means to be Spider-Man.","28|12|878",7.947,23255,62.0757,"2026-10-06"
438631,"Dune","2021-09-15","Paul Atreides, a brilliant and gifted young man born into a great destiny beyond his understanding, must travel to the most dangerous planet in the universe to ensure the future of his family and his people. As malevolent forces explode into conflict over the planet's exclusive supply of the most precious resource in existence - a commodity capable of unlocking humanity's greatest potential - only those who can conquer their fear will survive.","878|12",7.784,15658,43.5735,"2026-10-06"
497698,"Black Widow","2021-07-07","Natasha Romanoff, also known as Black Widow, confronts the darker parts of her ledger when a dangerous conspiracy with ties to her past arises. Pursued by a force that will stop at nothing to bring her down, Natasha must deal with her history as a spy and the broken relationships left in her wake long before she became an Avenger.","28|12|878",7.145,11674,31.6732,"2026-10-06"
580489,"Venom: Let There Be Carnage","2021-09-30","After finding a host body in investigative reporter Eddie Brock, the alien symbiote must face a new enemy, Carnage, the alter ego of serial killer Cletus Kasady.","878|28|12",6.7,11471,17.38,"2026-10-06"
791373,"Zack Snyder's Justice League","2021-03-18","Determined to ensure Superman's ultimate sacrifice was not in vain, Bruce Wayne aligns forces with Diana Prince with plans to recruit a team of metahumans to protect the world from an approaching threat of catastrophic proportions.","28|12|14",8.1,11191,21.3664,"2026-10-06"
399566,"Godzilla vs. Kong","2021-03-24","In a time when monsters walk the Earth, humanity’s fight for its future sets Godzilla and Kong on a collision course that will see the two most powerful forces of nature on the planet collide in a spectacular battle for the ages.","28|878|12",7.5,10854,20.8734,"2026-10-06"
566525,"Shang-Chi and the Legend of the Ten Rings","2021-09-01","Shang-Chi must confront the past he thought he left behind when he is drawn into the web of the mysterious Ten Rings organization.","28|12|14",7.484,10795,27.0182,"2026-10-06"
568124,"Encanto","2021-10-13","The tale of an extraordinary family, the Madrigals, who live hidden in the mountains of Colombia, in a magical house, in a vibrant town, in a wondrous, charmed place called an Encanto. The magic of the Encanto has blessed every child in the family—every child except one, Mirabel. But when she discovers that the magic surrounding the Encanto is in danger, Mirabel decides that she, the only ordinary Madrigal, might just be her exceptional family's last hope.","16|35|10751|14",7.6,10432,20.1037,"2026-10-06"
337404,"Cruella","2021-05-26","In 1970s London amidst the punk rock revolution, a young grifter named Estella is determined to make a name for herself with her designs. She befriends a pair of young thieves who appreciate her appetite for mischief, and together they are able to build a life for themselves on the London streets. One day, Estella’s flair for fashion catches the eye of the Baroness von Hellman, a fashion legend who is devastatingly chic and terrifyingly haute. But their relationship sets in motion a course of events and revelations that will cause Estella to embrace her wicked side and become the raucous, fashionable and revenge-bent Cruella.","35|80",8,10353,19.1507,"2026-10-06"
550988,"Free Guy","2021-08-11","A bank teller discovers he is actually a background player in an open-world video game, and decides to become the hero of his own story. Now, in a world where there are no limits, he is determined to be the guy who saves his world his way before it's too late.","35|12|878",7.431,10232,20.5008,"2026-10-06"
436969,"The Suicide Squad","2021-07-28","Supervillains Harley Quinn, Bloodsport, Peacemaker and a collection of nutty cons at Belle Reve prison join the super-secret, super-shady Task Force X as they are dropped off at the remote, enemy-infused island of Corto Maltese.","28|35|12",7.4,9959,31.4557,"2026-10-06"
646380,"Don't Look Up","2021-12-08","Two astronomers go on a media tour to warn humankind of a planet-killing comet hurtling toward Earth. The response from a distracted world: Meh.","35|878|18",7.053,9745,19.5331,"2026-10-06"
524434,"Eternals","2021-11-03","The Eternals are a team of ancient aliens who have been living on Earth in secret for thousands of years. When an unexpected tragedy forces them out of the shadows, they are forced to reunite against mankind’s most ancient enemy, the Deviants.","878|28|12",6.748,9462,17.6644,"2026-10-06"
508943,"Luca","2021-06-17","Luca and his best friend Alberto experience an unforgettable summer on the Italian Riviera. But all the fun is threatened by a deeply-held secret: they are sea monsters from another world just below the water’s surface.","16|10751|14|18|35",7.8,9152,17.2104,"2026-10-06"
615457,"Nobody","2021-03-18","Hutch Mansell, a suburban dad, overlooked husband, nothing neighbor — a ""nobody."" When two thieves break into his home one night, Hutch's unknown long-simmering rage is ignited and propels him on a brutal path that will uncover dark secrets he fought to leave behind.","28|53",7.859,8776,22.5197,"2026-10-06"
385128,"F9","2021-05-19","Dominic Toretto and his crew battle the most skilled assassin and high-performance driver they've ever encountered: his forsaken brother.","28|12|80",6.976,7889,11.3874,"2026-10-06"
520763,"A Quiet Place Part II","2021-05-21","Following the events at home, the Abbott family now face the terrors of the outside world. Forced to venture into the unknown, they realize that the creatures that hunt by sound are not the only threats that lurk beyond the sand path.","878|53|27",7.4,7674,17.3582,"2026-10-06"
527774,"Raya and the Last Dragon","2021-03-03","Long ago, in the fantasy world of Kumandra, humans and dragons lived together in harmony. But when an evil force threatened the land, the dragons sacrificed themselves to save humanity. Now, 500 years later, that same evil has returned and it’s up to a lone warrior, Raya, to track down the legendary last dragon to restore the fractured land and its divided people.","16|28|12|14|10751",7.789,7464,20.8007,"2026-10-06"
370172,"No Time to Die","2021-09-29","Bond has left active service and is enjoying a tranquil life in Jamaica. His peace is short-lived when his old friend Felix Leiter from the CIA turns up asking for help. The mission to rescue a kidnapped scientist turns out to be far more treacherous than expected, leading Bond onto the trail of a mysterious villain armed with dangerous new technology.","28|53|12",7.337,7431,27.9006,"2026-10-06"
460465,"Mortal Kombat","2021-04-07","Washed-up MMA fighter Cole Young, unaware of his heritage, and hunted by Emperor Shang Tsung's best warrior, Sub-Zero, seeks out and trains with Earth's greatest champions as he prepares to stand against the enemies of Outworld in a high stakes battle for the universe.","28|14|12",7.03,7083,22.6301,"2026-10-06"
624860,"The Matrix Resurrections","2021-12-16","Plagued by strange memories, Neo's life takes an unexpected turn when he finds himself back inside the Matrix.","878|28|12",6.3,6764,14.1156,"2026-10-06"
423108,"The Conjuring: The Devil Made Me Do It","2021-05-25","Paranormal investigators Ed and Lorraine Warren encounter what would become one of the most sensational cases from their files. The fight for the soul of a young boy takes them beyond anything they'd ever seen before, to mark the first time in U.S. history that a murder suspect would claim demonic possession as a defense.","27|9648|53",7.332,6740,23.4794,"2026-10-06"
512195,"Red Notice","2021-11-04","An Interpol-issued Red Notice is a global alert to hunt and capture the world's most wanted. But when a daring heist brings together the FBI's top profiler and two rival criminals, there's no telling what will happen.","28|35|80",6.714,6666,12.7216,"2026-10-06"
637649,"Wrath of Man","2021-04-22","A cold and mysterious new security guard for a Los Angeles cash truck company surprises his co-workers when he unleashes precision skills during a heist. The crew is left wondering who he is and where he came from. Soon, the marksman's ultimate motive becomes clear as he takes dramatic and irrevocable steps to settle a score.","53|80|18",7.573,6343,31.3859,"2026-10-06"
451048,"Jungle Cruise","2021-07-28","Dr. Lily Houghton enlists the aid of wisecracking skipper Frank Wolff to take her down the Amazon in his dilapidated boat. Together, they search for an ancient tree that holds the power to heal – a discovery that will change the future of medicine.","14|35|12",7.269,6333,15.4847,"2026-10-06"
425909,"Ghostbusters: Afterlife","2021-11-18","When single mom Callie and her two kids Trevor and Phoebe arrive in a small Oklahoma town, they begin to discover their connection to the original Ghostbusters and the secret legacy their grandfather left behind.","14|35|12",7.3,5359,17.8182,"2026-10-06"
476669,"The King's Man","2021-12-22","As a collection of history's worst tyrants and criminal masterminds gather to plot a war to wipe out millions, one man must race against time to stop them.","28|12|53",6.702,5254,20.9239,"2026-10-06"
631843,"Old","2021-07-21","A group of families on a tropical holiday discover that the secluded beach where they are staying is somehow causing them to age rapidly – reducing their entire lives into a single day.","53|9648|27",6.318,5064,11.3681,"2026-10-06"
438695,"Sing 2","2021-12-01","Buster and his new cast now have their sights set on debuting a new show at the Crystal Tower Theater in glamorous Redshore City. But with no connections, he and his singers must sneak into the Crystal Entertainment offices, run by the ruthless wolf mogul Jimmy Crystal, where the gang pitches the ridiculous idea of casting the lion rock legend Clay Calloway in their show. Buster must embark on a quest to find the now-isolated Clay and persuade him to return to the stage.","16|35|10751|10402",7.8,4927,19.7985,"2026-10-06"
503736,"Army of the Dead","2021-05-14","Following a zombie outbreak in Las Vegas, a group of mercenaries take the ultimate gamble: venturing into the quarantine zone to pull off the greatest heist ever attempted.","80|28|27",6.2,4559,14.3675,"2026-10-06"
588228,"The Tomorrow War","2021-09-03","The world is stunned when a group of time travelers arrive from the year 2051 to deliver an urgent message: Thirty years in the future, mankind is losing a global war against a deadly alien species. The only hope for survival is for soldiers and civilians from the present to be transported to the future and join the fight. Among those recruited is high school teacher and family man Dan Forester. Determined to save the world for his young daughter, Dan teams up with a brilliant scientist and his estranged father in a desperate quest to rewrite the fate of the planet.","28|878|12",7.527,4494,17.8767,"2026-10-06"
379686,"Space Jam: A New Legacy","2021-07-08","When LeBron and his young son Dom are trapped in a digital space by a rogue A.I., LeBron must get them home safe by leading Bugs, Lola Bunny and the whole gang of notoriously undisciplined Looney Tunes to victory over the A.I.'s digitized champions on the court. It's Tunes versus Goons in the highest-stakes challenge of his life.","10751|35|12|878|16",6.617,4305,16.9306,"2026-10-06"
522402,"Finch","2021-11-04","On a post-apocalyptic Earth, a robot, built to protect the life of his dying creator's beloved dog, learns about life, love, friendship, and what it means to be human.","878|18|12",7.818,4222,7.3483,"2026-10-06"
576845,"Last Night in Soho","2021-10-09","A young girl, passionate about fashion design, is mysteriously able to enter the 1960s where she encounters her idol, a dazzling wannabe singer. But 1960s London is not what it seems, and time seems to be falling apart with shady consequences.","27|9648|53",7.254,4063,14.2521,"2026-10-06"
617653,"The Last Duel","2021-10-13","King Charles VI declares that Knight Jean de Carrouges settle his dispute with his squire, Jacques Le Gris, by challenging him to a duel.","18|36|53",7.395,4035,15.6336,"2026-10-06"
644495,"House of Gucci","2021-11-24","When Patrizia Reggiani, an outsider from humble beginnings, marries into the Gucci family, her unbridled ambition begins to unravel the family legacy and triggers a reckless spiral of betrayal, decadence, revenge, and ultimately… murder.","18|80|36",6.561,3539,12.8959,"2026-10-06"
501929,"The Mitchells vs. the Machines","2021-04-22","A quirky, dysfunctional family's road trip is upended when they find themselves in the middle of the robot apocalypse and suddenly become humanity's unlikeliest last hope.","16|12|35",7.8,3519,15.9244,"2026-10-06"
597208,"Nightmare Alley","2021-12-02","An ambitious carnival man with a talent for manipulating people with a few well-chosen words hooks up with a female psychologist who is even more dangerous than he is.","80|18|53",6.94,3507,11.1578,"2026-10-06"
581734,"Nomadland","2021-01-29","A woman in her sixties embarks on a journey through the western United States after losing everything in the Great Recession, living as a van-dwelling modern-day nomad.","18",7.159,3488,11.2153,"2026-10-06"
567748,"The Guilty","2021-09-24","A demoted police officer assigned to a call dispatch desk is conflicted when he receives an emergency phone call from a kidnapped woman.","18|53",6.4,3280,8.3693,"2026-10-06"
542178,"The French Dispatch of the Liberty, Kansas Evening Sun","2021-10-21","The staff of an American magazine based in France puts out its last issue, with stories featuring an artist sentenced to life imprisonment, student riots, and a kidnapping resolved by a chef.","18|35",7.008,3116,11.4146,"2026-10-06"
601666,"I Care a Lot","2021-02-19","A court-appointed legal guardian defrauds her older clients and traps them under her care. But her latest mark comes with some unexpected baggage.","80|53|18|35",6.57,3090,11.2494,"2026-10-06"
600583,"The Power of the Dog","2021-10-25","A domineering but charismatic rancher wages a war of intimidation on his brother's new wife and her teen son, until long-hidden secrets come to light.","18|37",6.732,3063,9.5995,"2026-10-06"
610253,"Halloween Kills","2021-10-14","Michael manages to free himself from Laurie Strode's trap to resume his ritual bloodbath. As she fights for her life from injuries from their last encounter, she inspires her daughter Karen, her granddaughter Allyson, and all of Haddonfield to rise up against the unstoppable monster.","27",6.398,3009,14.0592,"2026-10-06"
602269,"The Little Things","2021-01-28","Deputy Sheriff Joe ""Deke"" Deacon joins forces with Sgt. Jim Baxter to search for a serial killer who's terrorizing Los Angeles. As they track the culprit, Baxter is unaware that the investigation is dredging up echoes of Deke's past, uncovering disturbing secrets that could threaten more than his case.","18|80|53",6.4,2966,16.2166,"2026-10-06"
614917,"King Richard","2021-11-18","The story of how Richard Williams served as a coach to his daughters Venus and Serena, who will soon become two of the most legendary tennis players in history.","18|36",7.596,2953,10.968,"2026-10-06"
482373,"Don't Breathe 2","2021-08-12","The Blind Man has been hiding out for several years in an isolated cabin and has taken in and raised a young girl orphaned from a devastating house fire. Their quiet life together is shattered when a group of criminals kidnap the girl, forcing the Blind Man to leave his safe haven to save her.","53|27",6.969,2934,9.9771,"2026-10-06"
460458,"Resident Evil: Welcome to Raccoon City","2021-11-24","Once the booming home of pharmaceutical giant Umbrella Corporation, Raccoon City is now a dying Midwestern town. The company’s exodus left the city a wasteland…with great evil brewing below the surface. When that evil is unleashed, the townspeople are forever…changed…and a small group of survivors must work together to uncover the truth behind Umbrella and make it through the night.","28|27|878",5.9,2844,202.9282,"2026-10-06"
567189,"Tom Clancy's Without Remorse","2021-04-30","An elite Navy SEAL uncovers an international conspiracy while seeking justice for the murder of his pregnant wife.","28|53|10752",6.928,2810,12.3206,"2026-10-06"
718032,"Licorice Pizza","2021-11-26","The story of Gary Valentine and Alana Kane growing up, running around and going through the treacherous navigation of first love in the San Fernando Valley, 1973.","18|35|10749",6.939,2804,12.2713,"2026-10-06"
744275,"After We Fell","2021-09-01","Just as Tessa's life begins to become unglued, nothing is what she thought it would be. Not her friends nor her family. The only person that she should be able to rely on is Hardin, who is furious when he discovers the massive secret that she's been keeping. Before Tessa makes the biggest decision of her life, everything changes because of revelations about her family.","18|10749",6.997,2784,16.6517,"2026-10-06"
591273,"Fear Street: 1994","2021-06-28","After a series of brutal slayings, a teen and her friends take on an evil force that's plagued their notorious town for centuries.","27|9648|18",6.7,2773,10.6121,"2026-10-06"
619778,"Malignant","2021-09-01","Madison is paralyzed by shocking visions of grisly murders, and her torment worsens as she discovers that these waking dreams are in fact terrifying realities with a mysterious tie to her past.","27|9648",6.743,2760,8.4032,"2026-10-06"
602223,"The Forever Purge","2021-06-30","All the rules are broken as a sect of lawless marauders decides that the annual Purge does not stop at daybreak and instead should never end as they chase a group of immigrants who they want to punish because of their harsh historical past.","28|27|53",6.861,2742,17.5826,"2026-10-06"
776503,"CODA","2021-08-13","As a CODA (Child of Deaf Adults), Ruby is the only hearing person in her deaf family. When the family's fishing business is threatened, Ruby finds herself torn between pursuing her love of music and her fear of abandoning her parents.","18|10402|10749",7.9,2739,15.9882,"2026-10-06"
459151,"The Boss Baby: Family Business","2021-07-01","The Templeton brothers — Tim and his Boss Baby little bro Ted — have become adults and drifted away from each other. But a new boss baby with a cutting-edge approach and a can-do attitude is about to bring them together again … and inspire a new family business.","16|35|12|10751",7.322,2729,14.906,"2026-10-06"
522931,"Hitman's Wife's Bodyguard","2021-06-14","The world’s most lethal odd couple – bodyguard Michael Bryce and hitman Darius Kincaid – are back on another life-threatening mission. Still unlicensed and under scrutiny, Bryce is forced into action by Darius's even more volatile wife, the infamous international con artist Sonia Kincaid. As Bryce is driven over the edge by his two most dangerous protectees, the trio get in over their heads in a global plot and soon find that they are all that stand between Europe and a vengeful and powerful madman.","28|35|80|53",6.623,2714,10.0367,"2026-10-06"
412656,"Chaos Walking","2021-02-24","Two unlikely companions embark on a perilous adventure through the badlands of an unexplored planet as they try to escape a dangerous and disorienting reality, where all inner thoughts are seen and heard by everyone.","14|878|12",6.5,2710,11.236,"2026-10-06"
587807,"Tom & Jerry","2021-02-10","Tom the cat and Jerry the mouse get kicked out of their home and relocate to a fancy New York hotel, where a scrappy employee named Kayla will lose her job if she can’t evict Jerry before a high-class wedding at the hotel. Her solution? Hiring Tom to get rid of the pesky mouse.","35|10751|16",6.714,2626,18.5247,"2026-10-06"
484718,"Coming 2 America","2021-03-04","Prince Akeem Joffer is set to become King of Zamunda when he discovers he has a son he never knew about in America – a street savvy Queens native named Lavelle. Honoring his royal father's dying wish to groom this son as the crown prince, Akeem and Semmi set off to America once again.","35",6.315,2453,9.3396,"2026-10-06"
602734,"Spiral: From the Book of Saw","2021-05-12","Working in the shadow of an esteemed police veteran, brash Detective Ezekiel “Zeke” Banks and his rookie partner take charge of a grisly investigation into murders that are eerily reminiscent of the city’s gruesome past.  Unwittingly entrapped in a deepening mystery, Zeke finds himself at the center of the killer’s morbid game.","27|9648",5.874,2384,11.3946,"2026-10-06"
537116,"tick, tick... BOOM!","2021-11-11","On the brink of turning 30, a promising theater composer navigates love, friendship and the pressure to create something great before time runs out.","18|10402",7.6,2382,6.7645,"2026-10-06"
585216,"Escape Room: Tournament of Champions","2021-07-01","Six people unwittingly find themselves locked in another series of escape rooms, slowly uncovering what they have in common to survive... and discovering they've all played the games before.","27|53|9648",6.5,2370,10.8403,"2026-10-06"
796499,"Army of Thieves","2021-10-27","A mysterious woman recruits bank teller Ludwig Dieter to lead a group of aspiring thieves on a top-secret heist during the early stages of the zombie apocalypse.","28|80|35",6.795,2370,11.4847,"2026-10-06"
591274,"Fear Street: 1978","2021-07-08","In 1978, two rival groups at Camp Nightwing must band together to solve a terrifying mystery when horrors from their towns' history come alive.","27|9648|18",7.2,2336,11.1296,"2026-10-06"
559907,"The Green Knight","2021-07-29","An epic fantasy adventure based on the timeless Arthurian legend, The Green Knight tells the story of Sir Gawain, King Arthur's reckless and headstrong nephew, who embarks on a daring quest to confront the eponymous Green Knight, a gigantic emerald-skinned stranger and tester of men.","12|18|14",6.6,2324,17.8508,"2026-10-06"
632357,"The Unholy","2021-03-31","Alice is a young hearing-impaired girl who, after a supposed visitation from the Virgin Mary, is inexplicably able to hear, speak and heal the sick. As word spreads and people from near and far flock to witness her miracles, a disgraced journalist hoping to revive his career visits the small New England town to investigate. When terrifying events begin to happen all around, he starts to question if these phenomena are the works of the Virgin Mary or something much more sinister.","27|9648",6.5,2293,12.5885,"2026-10-06"
581726,"Infinite","2021-09-09","Evan McCauley has skills he never learned and memories of places he has never visited. Self-medicated and on the brink of a mental breakdown, a secret group that call themselves “Infinites” come to his rescue, revealing that his memories are real.","878|28|12",6.552,2232,15.1344,"2026-10-06"
520663,"The Woman in the Window","2021-05-13","An agoraphobic woman living alone in New York begins spying on her new neighbors only to witness a disturbing act of violence.","80|9648|53",5.97,2215,5.5913,"2026-10-06"
645886,"The Unforgivable","2021-11-24","A woman is released from prison after serving a sentence for a violent crime and re-enters a society that refuses to forgive her past.","18|80",7.414,2144,11.2482,"2026-10-06"
614409,"To All the Boys: Always and Forever","2021-02-12","Senior year of high school takes center stage as Lara Jean returns from a family trip to Korea and considers her college plans — with and without Peter.","10749|35|18",7.5,2099,8.1177,"2026-10-06"
482321,"Ron's Gone Wrong","2021-10-14","In a world where walking, talking, digitally connected bots have become children's best friends, an 11-year-old finds that his robot buddy doesn't quite work the same as the others do.","16|878|10751|35",7.8,2085,13.8456,"2026-10-06"
591275,"Fear Street: 1666","2021-07-14","In 1666, a colonial town is gripped by a hysterical witch-hunt that has deadly consequences for centuries to come, and it's up to teenagers in 1994 to finally put an end to their town's curse, before it's too late.","9648|27",7.059,2085,9.3676,"2026-10-06"
727745,"The Kissing Booth 3","2021-08-11","It's the summer before Elle heads to college, and she has a secret decision to make. Elle has been accepted into Harvard, where boyfriend Noah is matriculating, and also Berkeley, where her BFF Lee is headed and has to decide if she should stay or not.","10749|35",6.858,2051,7.2672,"2026-10-06"
513310,"Boss Level","2021-02-19","A former special forces agent is trapped in a time loop and relives his death over and over again. To escape the terrible situation, he must track down those responsible and stop them.","28|878|53",6.88,2029,13.3307,"2026-10-06"
579047,"Reminiscence","2021-08-18","Nicolas Bannister, a rugged and solitary veteran living in a near-future Miami flooded by rising seas, is an expert in a dangerous occupation: he offers clients the chance to relive any memory they desire. His life changes when he meets a mysterious young woman named Mae. What begins as a simple matter of lost and found becomes a passionate love affair. But when a different client's memories implicate Mae in a series of violent crimes, Bannister must delve through the dark world of the past to uncover the truth about the woman he fell for.","9648|878|53",6.494,2015,7.7921,"2026-10-06"
775996,"Outside the Wire","2021-01-15","In the near future, a drone pilot is sent into a deadly militarized zone and must work with an android officer to locate a doomsday device.","53|28|878",6.347,1997,7.019,"2026-10-06"
458220,"Palmer","2021-01-28","After 12 years in prison, former high school football star Eddie Palmer returns home to put his life back together—and forms an unlikely bond with Sam, an outcast boy from a troubled home. But Eddie's past threatens to ruin his new life and family.","18",8.114,1992,7.2491,"2026-10-06"
646207,"The Ice Road","2021-06-24","After a remote diamond mine collapses in far northern Canada, an ice road driver must lead an impossible rescue mission over a frozen ocean to save the trapped miners.","28|53",6.742,1982,14.2397,"2026-10-06"
615643,"Minari","2021-02-12","A Korean American family moves to an Arkansas farm in search of its own American dream. Amidst the challenges of this new life in the strange and rugged Ozarks, they discover the undeniable resilience of family and what really makes a home.","18",7.3,1938,6.3574,"2026-10-06"
578701,"Those Who Wish Me Dead","2021-05-05","A young boy finds himself pursued by two assassins in the Montana wilderness, with a survival expert determined to protect him, and a forest fire threatening to consume them all.","53|28",6.6,1928,12.8642,"2026-10-06"
716612,"Spencer","2021-11-04","During her Christmas holidays with the royal family at the Sandringham estate in Norfolk, England, Diana decides to leave her marriage to Prince Charles.","18",6.701,1872,4.6553,"2026-10-06"
585245,"Clifford the Big Red Dog","2021-11-10","As Emily struggles to fit in at home and at school, she discovers a small red puppy who is destined to become her best friend. When Clifford magically undergoes one heck of a growth spurt, becomes a gigantic dog and attracts the attention of a genetics company, Emily and her Uncle Casey have to fight the forces of greed as they go on the run across New York City. Along the way, Clifford affects the lives of everyone around him and teaches Emily and her uncle the true meaning of acceptance and unconditional love.","10751|12|35|14",7.1,1858,15.5171,"2026-10-06"
511809,"West Side Story","2021-12-08","Two youngsters from rival New York City gangs fall in love, but tensions between their respective friends build toward tragedy.","18|10749|80",6.9,1853,10.1711,"2026-10-06"
565028,"Candyman","2021-08-25","A Chicago artist's sanity starts to unravel, unleashing a terrifying wave of violence when he begins to explore the macabre history of the Candyman.","27|53",5.988,1845,5.9419,"2026-10-06"
635731,"Pig","2021-07-16","A truffle hunter who lives alone in the Oregon wilderness must visit Portland to find the mysterious person who stole his beloved foraging pig.","18|53|9648",6.624,1840,5.8191,"2026-10-06"
634528,"The Marksman","2021-01-15","Jim Hanson’s quiet life is suddenly disturbed by two people crossing the US/Mexico border – a woman and her young son – desperate to flee a Mexican cartel. After a shootout leaves the mother dead, Jim becomes the boy’s reluctant defender. He embraces his role as Miguel’s protector and will stop at nothing to get him to safety, as they go on the run from the relentless assassins.","28|18|53",6.759,1787,10.8338,"2026-10-06"
597891,"Kate","2021-09-10","A ruthless criminal operative has less than 24 hours to exact revenge on her enemies and in the process forms an unexpected bond with the daughter of one of her past victims.","28|53",6.605,1786,5.6524,"2026-10-06"
568620,"Snake Eyes: G.I. Joe Origins","2021-07-22","After saving the life of their heir apparent, tenacious loner Snake Eyes is welcomed into an ancient Japanese clan called the Arashikage where he is taught the ways of the ninja warrior. But, when secrets from his past are revealed, Snake Eyes' honor and allegiance will be tested – even if that means losing the trust of those closest to him.","28|12",6.415,1780,13.1165,"2026-10-06"
583406,"Judas and the Black Messiah","2021-02-12","Bill O'Neal infiltrates the Black Panthers on the orders of FBI Agent Mitchell and J. Edgar Hoover. As Black Panther Chairman Fred Hampton ascends—falling for a fellow revolutionary en route—a battle wages for O’Neal’s soul.","18|36",7.282,1763,4.9066,"2026-10-06"
777270,"Belfast","2021-11-12","Buddy is a young boy on the cusp of adolescence, whose life is filled with familial love, childhood hijinks, and a blossoming romance. Yet, with his beloved hometown caught up in increasing turmoil, his family faces a momentous choice: hope the conflict will pass or leave everything they know behind for a new life.","18|36",7,1742,4.5947,"2026-10-06"
734265,"Love Hard","2021-11-05","An LA girl, unlucky in love, falls for an East Coast guy on a dating app and decides to surprise him for Christmas, only to discover that she's been catfished. But the object of her affection actually lives in the same town, and the guy who duped her offers to set them up if she pretends to be his own girlfriend for the holidays.","35|10749",6.923,1654,4.3389,"2026-10-06"
607259,"Fatherhood","2021-06-18","A widowed new dad copes with doubts, fears, heartache and dirty diapers as he sets out to raise his daughter on his own. Inspired by a true story.","18|35",7.482,1574,4.6115,"2026-10-06"
550205,"Wish Dragon","2021-01-15","Determined teen Din is longing to reconnect with his childhood best friend when he meets a wish-granting dragon who shows him the magic of possibilities.","16|10751|35|14|10749|12",7.8,1570,12.7161,"2026-10-06"
347626,"He's All That","2021-08-27","To get revenge on her ex-boyfriend, an influencer attempts to transform an unpopular classmate into prom king.","35|10749",6.455,1510,7.2704,"2026-10-06"
593910,"Cinderella","2021-09-03","Cinderella, an orphaned girl with an evil stepmother, has big dreams and with the help of her Fabulous Godmother, she perseveres to make them come true.","14|10749|35",6.283,1495,6.0562,"2026-10-06"
722913,"Malcolm & Marie","2021-01-29","As a filmmaker and his girlfriend return home from his movie premiere, smoldering tensions and painful revelations push them toward a romantic reckoning.","18|10749",6.995,1489,6.219,"2026-10-06"
616651,"Stillwater","2021-07-29","Bill Baker, an American oil-rig roughneck from Oklahoma, travels to Marseille to visit his estranged daughter, Allison, who is in prison for a murder she claims she did not commit. Confronted with language barriers, cultural differences, and a complicated legal system, Bill builds a new life for himself in France as he makes it his personal mission to exonerate his daughter.","18|80|53",6.634,1482,7.2971,"2026-10-06"
639721,"The Addams Family 2","2021-10-01","The Addams get tangled up in more wacky adventures and find themselves involved in hilarious run-ins with all sorts of unsuspecting characters.","16|10751|35|14",6.925,1446,11.8844,"2026-10-06"
617502,"Jolt","2021-07-15","A bouncer with an anger management problem goes on a furious and resentful rampage after the murder of a friend.","28|53|80",6.49,1446,7.2448,"2026-10-06"
76600,"Avatar: The Way of Water","2022-12-14","Set more than a decade after the events of the first film, learn the story of the Sully family (Jake, Neytiri, and their kids), the trouble that follows them, the lengths they go to keep each other safe, the battles they fight to stay alive, and the tragedies they endure.","28|12|878",7.583,14720,40.2173,"2026-10-06"
414906,"The Batman","2022-03-01","In his second year of fighting crime, Batman uncovers corruption in Gotham City that connects to his own family while facing a serial killer known as the Riddler.","80|9648|53",7.7,12615,44.8536,"2026-10-06"
361743,"Top Gun: Maverick","2022-05-21","After more than thirty years of service as one of the Navy’s top aviators, and dodging the advancement in rank that would ground him, Pete “Maverick” Mitchell finds himself training a detachment of TOP GUN graduates for a specialized mission the likes of which no living pilot has ever seen.","28|18",8.2,11655,48.75,"2026-10-06"
453395,"Doctor Strange in the Multiverse of Madness","2022-05-04","Doctor Strange, with the help of mystical allies both old and new, traverses the mind-bending and dangerous alternate realities of the Multiverse to confront a mysterious new adversary.","14|28|12",7.224,10929,37.5925,"2026-10-06"
315162,"Puss in Boots: The Last Wish","2022-12-07","Puss in Boots discovers that his passion for adventure has taken its toll: He has burned through eight of his nine lives, leaving him with only one life left. Puss sets out on an epic journey to find the mythical Last Wish and restore his nine lives.","16|12|14|35|10751",8.2,9274,34.1902,"2026-10-06"
616037,"Thor: Love and Thunder","2022-07-06","After his retirement is interrupted by Gorr the God Butcher, a galactic killer who seeks the extinction of the gods, Thor Odinson enlists the help of King Valkyrie, Korg, and ex-girlfriend Jane Foster, who now wields Mjolnir as the Mighty Thor. Together they embark upon a harrowing cosmic adventure to uncover the mystery of the God Butcher’s vengeance and stop him before it’s too late.","14|28|35",6.356,9014,26.0063,"2026-10-06"
545611,"Everything Everywhere All at Once","2022-03-24","An aging Chinese immigrant is swept up in an insane adventure, where she alone can save what's important to her by connecting with the lives she could have led in other universes.","28|12|878",7.716,8488,29.5121,"2026-10-06"
766507,"Prey","2022-08-05","When danger threatens her camp, the fierce and highly skilled Comanche warrior Naru sets out to protect her people. But the prey she stalks turns out to be a highly evolved alien predator with a technically advanced arsenal.","53|28|878",7.6,8031,15.0673,"2026-10-06"
718930,"Bullet Train","2022-07-20","Unlucky assassin Ladybug is determined to do his job peacefully after one too many gigs gone off the rails. Fate, however, may have other plans, as Ladybug's latest mission puts him on a collision course with lethal adversaries from around the globe—all with connected, yet conflicting, objectives—on the world's fastest train.","28|35|53",7.407,7994,30.4487,"2026-10-06"
505642,"Black Panther: Wakanda Forever","2022-11-09","Queen Ramonda, Shuri, M’Baku, Okoye and the Dora Milaje fight to protect their nation from intervening world powers in the wake of King T’Challa’s death.  As the Wakandans strive to embrace their next chapter, the heroes must band together with the help of War Dog Nakia and Everett Ross and forge a new path for the kingdom of Wakanda.","28|12|878",6.989,7832,33.6238,"2026-10-06"
507086,"Jurassic World Dominion","2022-06-01","Four years after Isla Nublar was destroyed, dinosaurs now live—and hunt—alongside humans all over the world. This fragile balance will reshape the future and determine, once and for all, whether human beings are to remain the apex predators on a planet they now share with history's most fearsome creatures.","12|878|53",6.587,7318,27.344,"2026-10-06"
436270,"Black Adam","2022-10-19","Nearly 5,000 years after he was bestowed with the almighty powers of the Egyptian gods—and imprisoned just as quickly—Black Adam is freed from his earthly tomb, ready to unleash his unique form of justice on the modern world.","28|12|878",6.758,7299,30.0474,"2026-10-06"
661374,"Glass Onion: A Knives Out Mystery","2022-11-23","World-famous detective Benoit Blanc heads to Greece to peel back the layers of a mystery surrounding a tech billionaire and his eclectic crew of friends.","35|80|9648",7.019,7237,18.9498,"2026-10-06"
335787,"Uncharted","2022-02-10","A young street-smart, Nathan Drake and his wisecracking partner Victor “Sully” Sullivan embark on a dangerous pursuit of “the greatest treasure never found” while also tracking clues that may lead to Nathan’s long-lost brother.","28|12|9648",6.868,7201,21.3928,"2026-10-06"
593643,"The Menu","2022-11-17","A young couple travels to a remote island to eat at an exclusive restaurant where the chef has prepared a lavish menu, with some shocking surprises.","35|27",7.18,6718,17.8456,"2026-10-06"
756999,"The Black Phone","2022-06-16","Finney Blake, a shy but clever 13-year-old boy, is abducted by a sadistic killer and trapped in a soundproof basement where screaming is of little use. When a disconnected phone on the wall begins to ring, Finney discovers that he can hear the voices of the killer’s previous victims. And they are dead set on making sure that what happened to them doesn’t happen to Finney.","27|53",7.506,6132,18.4137,"2026-10-06"
508947,"Turning Red","2022-03-10","Thirteen-year-old Mei is experiencing the awkwardness of being a teenager with a twist – when she gets too excited, she transforms into a giant red panda.","16|10751|35|14",7.3,6067,31.3269,"2026-10-06"
675353,"Sonic the Hedgehog 2","2022-03-30","After settling in Green Hills, Sonic is eager to prove he has what it takes to be a true hero. His test comes when Dr. Robotnik returns, this time with a new partner, Knuckles, in search for an emerald that has the power to destroy civilizations. Sonic teams up with his own sidekick, Tails, and together they embark on a globe-trotting journey to find the emerald before it falls into the wrong hands.","28|12|10751|35",7.4,6039,22.4954,"2026-10-06"
639933,"The Northman","2022-04-07","Prince Amleth is on the verge of becoming a man when his father is brutally murdered by his uncle, who kidnaps the boy's mother. Two decades later, Amleth is now a Viking who's on a mission to save his mother, kill his uncle and avenge his father.","28|12|14",7,5316,19.4613,"2026-10-06"
338953,"Fantastic Beasts: The Secrets of Dumbledore","2022-04-06","Professor Albus Dumbledore knows the powerful, dark wizard Gellert Grindelwald is moving to seize control of the wizarding world. Unable to stop him alone, he entrusts magizoologist Newt Scamander to lead an intrepid team of wizards and witches. They soon encounter an array of old and new beasts as they clash with Grindelwald's growing legion of followers.","14|12",6.619,5282,18.0918,"2026-10-06"
762504,"Nope","2022-07-20","Residents in a lonely gulch of inland California bear witness to an uncanny, chilling discovery.","27|878|53",6.83,5227,12.6227,"2026-10-06"
696806,"The Adam Project","2022-03-11","After accidentally crash-landing in 2022, time-traveling fighter pilot Adam Reed teams up with his 12-year-old self on a mission to save the future.","12|878|35",7,5192,17.5785,"2026-10-06"
536554,"M3GAN","2022-12-28","A brilliant toy company roboticist uses artificial intelligence to develop M3GAN, a life-like doll programmed to emotionally bond with her newly orphaned niece. But when the doll's programming works too well, she becomes overprotective of her new friend with terrifying results.","878|27",7.003,5047,11.1225,"2026-10-06"
526896,"Morbius","2022-03-30","Dangerously ill with a rare blood disorder, and determined to save others suffering his same fate, Dr. Michael Morbius attempts a desperate gamble. What at first appears to be a radical success soon reveals itself to be a remedy potentially worse than the disease.","28|878|14",5.896,5027,10.4385,"2026-10-06"
785084,"The Whale","2022-12-09","A reclusive English teacher suffering from severe obesity attempts to reconnect with his estranged teenage daughter for one last chance at redemption.","18",7.751,4937,18.0451,"2026-10-06"
985939,"Fall","2022-08-11","For best friends Becky and Hunter, life is all about conquering fears and pushing limits. But after they climb 2,000 feet to the top of a remote, abandoned radio tower, they find themselves stranded with no way down. Now Becky and Hunter's expert climbing skills will be put to the ultimate test as they desperately fight to survive the elements, a lack of supplies, and vertigo-inducing heights.","53",7.1,4919,35.4032,"2026-10-06"
725201,"The Gray Man","2022-07-13","When a shadowy CIA agent uncovers damning agency secrets, he's hunted across the globe by a sociopathic rogue operative who's put a bounty on his head.","28|53",6.901,4494,14.5686,"2026-10-06"
505026,"Death on the Nile","2022-02-09","Belgian sleuth Hercule Poirot's Egyptian vacation aboard a glamorous river steamer turns into a terrifying search for a murderer when a picture-perfect couple's idyllic honeymoon is tragically cut short.","9648|80|53",6.404,4386,23.063,"2026-10-06"
882598,"Smile","2022-09-23","After witnessing a bizarre, traumatic incident involving a patient, Dr. Rose Cotter starts experiencing frightening occurrences that she can't explain.","27|9648",6.669,4295,20.0372,"2026-10-06"
438148,"Minions: The Rise of Gru","2022-06-29","A fanboy of a supervillain supergroup known as the Vicious 6, Gru hatches a plan to become evil enough to join them, with the backup of his followers, the Minions.","16|35|80|878|10751",7.261,4203,23.8556,"2026-10-06"
760104,"X","2022-03-17","In 1979, a group of young filmmakers set out to make an adult film in rural Texas, but when their reclusive, elderly hosts catch them in the act, the cast find themselves fighting for their lives.","27",6.703,4167,32.3401,"2026-10-06"
752623,"The Lost City","2022-03-23","Reclusive author Loretta Sage writes about exotic places in her popular adventure novels that feature a handsome cover model named Alan. While on tour promoting her new book with Alan, Loretta gets kidnapped by an eccentric billionaire who hopes she can lead him to the ancient city's lost treasure that featured in her latest story. Alan, determined to prove he can be a hero in real life and not just on the pages of her books, sets off to rescue her.","28|12|35",6.4,4150,21.2786,"2026-10-06"
614934,"Elvis","2022-06-22","The life story of Elvis Presley as seen through the complicated relationship with his enigmatic manager, Colonel Tom Parker.","10402|36|18",7.439,4047,13.0717,"2026-10-06"
646385,"Scream","2022-01-12","Twenty-five years after a streak of brutal murders shocked the quiet town of Woodsboro, a new killer has donned the Ghostface mask and begins targeting a group of teenagers to resurrect secrets from the town’s deadly past.","27|9648",6.7,4047,20.5407,"2026-10-06"
718789,"Lightyear","2022-06-15","Legendary Space Ranger Buzz Lightyear embarks on an intergalactic adventure alongside a group of ambitious recruits and his robot companion Sox.","16|878|10751|12",6.855,3966,11.3039,"2026-10-06"
615777,"Babylon","2022-12-22","A tale of outsized ambition and outrageous excess, tracing the rise and fall of multiple characters in an era of unbridled decadence and depravity during Hollywood's transition from silent films to sound films in the late 1920s.","18|35",7.34,3963,33.3628,"2026-10-06"
406759,"Moonfall","2022-02-02","A mysterious force knocks the moon from its orbit around Earth and sends it hurtling on a collision course with life as we know it.","878|12|28",6.3,3823,11.4318,"2026-10-06"
937278,"A Man Called Otto","2022-12-28","When a lively young family moves in next door, grumpy widower Otto Anderson meets his match in a quick-witted, pregnant woman named Marisol, leading to an unlikely friendship that turns his world upside down.","35|18",7.749,3797,21.0926,"2026-10-06"
913290,"Barbarian","2022-08-29","In town for a job interview, a young woman arrives at her Airbnb late at night only to find that it has been mistakenly double-booked and a strange man is already staying there. Against her better judgement, she decides to stay the night anyway.","27|9648|53",6.887,3583,19.7412,"2026-10-06"
899082,"Harry Potter 20th Anniversary: Return to Hogwarts","2022-01-01","An enchanting making-of story told through all-new in-depth interviews and cast conversations, inviting fans on a magical first-person journey through one of the most beloved film franchises of all time.","99",7.3,3578,10.4931,"2026-10-06"
674324,"The Banshees of Inisherin","2022-10-20","Two lifelong friends find themselves at an impasse when one abruptly ends their relationship, with alarming consequences for both of them.","18|35",7.5,3580,14.8724,"2026-10-06"
555604,"Guillermo del Toro's Pinocchio","2022-11-09","During the rise of fascism in Mussolini's Italy, a wooden boy brought magically to life struggles to live up to his father's expectations.","16|14|12|18",7.994,3481,13.13,"2026-10-06"
829280,"Enola Holmes 2","2022-11-03","Enola takes on her first official case as a detective, but to solve the mystery of a missing girl, she'll need help from friends — and brother Sherlock.","12|9648|80",7.395,3190,13.109,"2026-10-06"
585083,"Hotel Transylvania: Transformania","2022-01-31","When Van Helsing's mysterious invention, the ""Monsterfication Ray,"" goes haywire, Drac and his monster pals are all transformed into humans, and Johnny becomes a monster. In their new mismatched bodies, Drac and Johnny must team up and race across the globe to find a cure before it's too late, and before they drive each other crazy.","16|35|10751|12|14",7,3113,15.3144,"2026-10-06"
619730,"Don't Worry Darling","2022-09-21","Alice and Jack are lucky to be living in the idealized community of Victory, the experimental company town housing the men who work for the top-secret Victory Project and their families. But when cracks in their idyllic life begin to appear, exposing flashes of something much more sinister lurking beneath the attractive façade, Alice can’t help questioning exactly what they’re doing in Victory, and why.","878|9648|27|53",6.754,3101,12.7674,"2026-10-06"
497828,"Triangle of Sadness","2022-09-18","A celebrity model couple are invited on a luxury cruise for the uber-rich, helmed by an unhinged, alcoholic captain. What first appears Instagrammable ends catastrophically, leaving the survivors stranded on a desert island in a struggle of hierarchy.","35|18",7.003,3052,12.9676,"2026-10-06"
762975,"Purple Hearts","2022-07-29","An aspiring musician agrees to a marriage of convenience with a soon-to-deploy Marine, but a tragedy soon turns their fake relationship all too real.","10749|18",8.043,2953,14.3441,"2026-10-06"
705861,"Hustle","2022-06-03","After discovering a once-in-a-lifetime player with a rocky past abroad, a down on his luck basketball scout takes it upon himself to bring the phenom to the States without his team's approval. Against the odds, they have one final shot to prove they have what it takes to make it in the NBA.","18|35",7.691,2944,7.6174,"2026-10-06"
804095,"The Fabelmans","2022-11-11","Growing up in post-World War II era Arizona, young Sammy Fabelman aspires to become a filmmaker as he reaches adolescence, but soon discovers a shattering family secret and explores how the power of films can help him see the truth.","18",7.6,2902,13.834,"2026-10-06"
949423,"Pearl","2022-09-16","Trapped on her family’s isolated farm, Pearl must tend to her ailing father under the bitter and overbearing watch of her devout mother. Lusting for a glamorous life like she’s seen in the movies, Pearl’s ambitions, temptations, and repressions collide.","27|18",7.234,2778,12.8134,"2026-10-06"
629542,"The Bad Guys","2022-03-17","When the Bad Guys, a crew of criminal animals, are finally caught after years of heists and being the world’s most-wanted villains, Mr. Wolf brokers a deal to save them all from prison.","28|12|16|35|80|10751",7.511,2695,32.2727,"2026-10-06"
899112,"Violent Night","2022-11-30","When a team of mercenaries breaks into a wealthy family compound on Christmas Eve, taking everyone inside hostage, the team isn’t prepared for a surprise combatant: Santa Claus is on the grounds, and he’s about to show why this Nick is no saint.","28|35|14",7.206,2655,16.098,"2026-10-06"
648579,"The Unbearable Weight of Massive Talent","2022-04-20","Creatively unfulfilled and facing financial ruin, Nick Cage must accept a $1 million offer to attend the birthday of a dangerous superfan. Things take a wildly unexpected turn when Cage is recruited by a CIA operative and forced to live up to his own legend, channeling his most iconic and beloved on-screen characters in order to save himself and his loved ones.","28|35|80",6.769,2636,9.8081,"2026-10-06"
663712,"Terrifier 2","2022-10-06","A year after the Miles County massacre, Art the Clown is resurrected by a sinister entity. Art returns home, where he must hunt down and destroy teenage Sienna and her younger brother Jonathan on Halloween. As the body count rises, the siblings fight to stay alive while uncovering the true nature of Art's evil intent.","27",6.646,2602,12.8109,"2026-10-06"
763285,"Ambulance","2022-03-16","Decorated veteran Will Sharp, desperate for money to cover his wife's medical bills, asks for help from his adoptive brother Danny. A charismatic career criminal, Danny instead offers him a score: the biggest bank heist in Los Angeles history: $32 million.","28|80|18|53",6.619,2570,11.4103,"2026-10-06"
774752,"The Guardians of the Galaxy Holiday Special","2022-11-24","On a mission to make Christmas unforgettable for Quill, the Guardians head to Earth in search of the perfect present.","35|878|12",7.1,2494,9.0087,"2026-10-06"
724495,"The Woman King","2022-09-16","The story of the Agojie, the all-female unit of warriors who protected the African Kingdom of Dahomey in the 1800s with skills and a fierceness unlike anything the world has ever seen, and General Nanisca as she trains the next generation of recruits and readies them for battle against an enemy determined to destroy their way of life.","28|18|36|10752",7.554,2433,11.5969,"2026-10-06"
682507,"Where the Crawdads Sing","2022-07-14","Abandoned by her family, Kya raises herself all alone in the marshes outside of her small town. When her former boyfriend is found dead, Kya is instantly branded by the local townspeople and law enforcement as the prime suspect for his murder.","18|9648|10749",7.506,2407,13.9723,"2026-10-06"
760161,"Orphan: First Kill","2022-07-27","After escaping from an Estonian psychiatric facility, Leena Klammer travels to America by impersonating Esther, the missing daughter of a wealthy family. But when her mask starts to slip, she is put against a mother who will protect her family from the murderous “child” at any cost.","27|53",6.586,2368,9.8621,"2026-10-06"
755566,"Day Shift","2022-08-05","An LA vampire hunter has a week to come up with the cash to pay for his kid's tuition and braces. Trying to make a living these days just might kill him.","28|27|35",6.731,2302,11.249,"2026-10-06"
800815,"The Pale Blue Eye","2022-12-22","West Point, New York, 1830. When a cadet at the burgeoning military academy is found hanged with his heart cut out, the top brass summons former New York City constable Augustus Landor to investigate. While attempting to solve this grisly mystery, the reluctant detective engages the help of one of the cadets: a strange but brilliant young fellow by the name of Edgar Allan Poe.","53|80|27|9648",6.775,2291,9.687,"2026-10-06"
629176,"Samaritan","2022-08-25","Thirteen year old Sam Cleary suspects that his mysteriously reclusive neighbor Mr. Smith is actually the legendary vigilante Samaritan, who was reported dead 25 years ago. With crime on the rise and the city on the brink of chaos, Sam makes it his mission to coax his neighbor out of hiding to save the city from ruin.","878|80|28",6.6,2281,7.225,"2026-10-06"
585511,"Luck","2022-08-05","Suddenly finding herself in the never-before-seen Land of Luck, the unluckiest person in the world must unite with the magical creatures there to turn her luck around.","16|12|35|14|10751",7.777,2131,17.4791,"2026-10-06"
616820,"Halloween Ends","2022-10-12","Four years after the events of Halloween in 2018, Laurie has decided to liberate herself from fear and rage and embrace life. But when a young man is accused of killing a boy he was babysitting, it ignites a cascade of violence and terror that will force Laurie to finally confront the evil she can’t control, once and for all.","27|53",6.016,2105,13.2976,"2026-10-06"
965150,"Aftersun","2022-10-21","Sophie reflects on the shared joy and private melancholy of a holiday she took with her father twenty years earlier. Memories fill the gaps between camcorder footages as she tries to reconcile the father she knew with the troubled man she didn't.","18",7.648,2002,12.5546,"2026-10-06"
787752,"Fresh","2022-03-03","Frustrated by scrolling dating apps only to end up on lame, tedious dates, Noa takes a chance by giving her number to the awkwardly charming Steve after a produce-section meet-cute at the grocery store.","27|53|35",6.943,1956,7.3381,"2026-10-06"
664469,"Amsterdam","2022-09-27","In the 1930s, three friends—a doctor, a nurse, and an attorney—witness a murder, become suspects themselves and uncover one of the most outrageous plots in American history.","9648|35|18",6.061,1907,6.6668,"2026-10-06"
774825,"The Ice Age Adventures of Buck Wild","2022-01-28","The fearless one-eyed weasel Buck teams up with mischievous possum brothers Crash & Eddie as they head off on a new adventure into Buck's home: The Dinosaur World.","16|35|10751|12",6.541,1884,17.3122,"2026-10-06"
642885,"Hocus Pocus 2","2022-09-27","29 years since the Black Flame Candle was last lit, the 17th-century Sanderson sisters are resurrected, and they are looking for revenge. Now it's up to three high school students to stop the ravenous witches from wreaking a new kind of havoc on Salem before dawn on All Hallow's Eve.","14|35",7.13,1879,16.7803,"2026-10-06"
760741,"Beast","2022-08-11","A recently widowed man and his two teenage daughters travel to a game reserve in South Africa. However, their journey of healing soon turns into a fight for survival when a bloodthirsty lion starts to stalk them.","28|12|27|53|18",6.53,1822,8.969,"2026-10-06"
615469,"Spiderhead","2022-06-15","A prisoner in a state-of-the-art penitentiary begins to question the purpose of the emotion-controlling drugs he's testing for a pharmaceutical genius.","878|53",5.776,1819,8.6166,"2026-10-06"
626735,"Dog","2022-02-17","An army ranger and his dog embark on a road trip along the Pacific Coast Highway to attend a friend's funeral.","18|35",7.278,1818,11.3428,"2026-10-06"
560057,"The Sea Beast","2022-06-24","When a young girl stows away on the ship of a legendary sea monster hunter, they launch an epic journey into uncharted waters — and make history to boot.","16|12|28|10751|14",7.3,1791,17.5943,"2026-10-06"
532639,"Pinocchio","2022-09-07","A wooden puppet embarks on a thrilling adventure to become a real boy.","14|12|10751",6.248,1787,8.4309,"2026-10-06"
539681,"DC League of Super-Pets","2022-07-27","When Superman and the rest of the Justice League are kidnapped, Krypto the Super-Dog must convince a rag-tag shelter pack - Ace the hound, PB the potbellied pig, Merton the turtle and Chip the squirrel - to master their own newfound powers and help him rescue the superheroes.","10751|35|12|16|878|28",7.1,1785,10.8677,"2026-10-06"
556694,"Three Thousand Years of Longing","2022-08-24","A solitary scholar discovers an ancient bottle while on a trip to Istanbul and unleashes a djinn who offers her three wishes. Filled with reluctance, she is unable to come up with one, so the djinn tries to inspire her with his stories.","18|14|10749",6.872,1755,8.8582,"2026-10-06"
619979,"Deep Water","2022-03-17","A well-to-do husband who allows his wife to have affairs in order to avoid a divorce becomes a prime suspect in the disappearance of her lovers.","18|9648|53",5.832,1734,17.5458,"2026-10-06"
818397,"Memory","2022-04-28","Alex, an assassin-for-hire, finds that he's become a target after he refuses to complete a job for a dangerous criminal organization. With the crime syndicate and FBI in hot pursuit, Alex has the skills to stay ahead, except for one thing: he is struggling with severe memory loss, affecting his every move. Alex must question his every action and whom he can ultimately trust.","28|53|80",6.713,1723,9.9025,"2026-10-06"
632727,"Texas Chainsaw Massacre","2022-02-18","After nearly 50 years of hiding, Leatherface returns to terrorize a group of idealistic influencers who accidentally disrupt his carefully shielded world in a remote Texas town.","27",5.17,1721,7.953,"2026-10-06"
791177,"Bones and All","2022-11-18","Abandoned by her father, a young woman embarks on a thousand-mile odyssey through the backroads of America where she meets a disenfranchised drifter. But despite their best efforts, all roads lead back to their terrifying pasts and to a final stand that will determine whether their love can survive their otherness.","27|10749|18",7,1715,16.9537,"2026-10-06"
894205,"Werewolf by Night","2022-09-25","On a dark and somber night, a secret cabal of monster hunters emerge from the shadows and gather at the foreboding Bloodstone Temple following the death of their leader. In a strange and macabre memorial to the leader’s life, the attendees are thrust into a mysterious and deadly competition for a powerful relic—a hunt that will ultimately bring them face to face with a dangerous monster.","28|14|27",6.972,1626,8.978,"2026-10-06"
817758,"TÁR","2022-10-07","As celebrated conductor Lydia Tár starts rehearsals for a career-defining symphony, the consequences of her past choices begin to echo in the present.","10402|18",7.088,1614,7.641,"2026-10-06"
698948,"Thirteen Lives","2022-07-18","Based on the true nail-biting mission that captivated the world. Twelve boys and the coach of a Thai soccer team explore the Tham Luang cave when an unexpected rainstorm traps them in a chamber inside the mountain. Entombed behind a maze of flooded cave tunnels, they face impossible odds. A team of world-class divers navigate through miles of dangerous cave networks to discover that finding the boys is only the beginning.","18|53|36",7.8,1588,8.4573,"2026-10-06"
301502,"Blonde","2022-09-16","From her volatile childhood as Norma Jeane, through her rise to stardom and romantic entanglements, this reimagined fictional portrait of Hollywood legend Marilyn Monroe blurs the lines of fact and fiction to explore the widening split between her public and private selves.","18",5.88,1578,8.1162,"2026-10-06"
520023,"Bodies Bodies Bodies","2022-08-05","In an isolated family mansion, a group of rich 20-somethings decides to play Bodies Bodies Bodies, a game where one of them is secretly a ""killer"" while the rest tries to ""escape"". Things take a turn for the worse when real bodies start turning up, setting off a paranoid and dangerous chain of events.","35|9648|27",6.143,1554,8.6976,"2026-10-06"
541134,"The Good Nurse","2022-10-19","Suspicious that her colleague is responsible for a series of mysterious patient deaths, a nurse risks her own life to uncover the truth.","18|80|9648",6.869,1512,7.8211,"2026-10-06"
877269,"Strange World","2022-11-23","A journey deep into an uncharted and treacherous land, where fantastical creatures await the legendary Clades—a family of explorers whose differences threaten to topple their latest, and by far most crucial, mission.","16|10751|12|14|878",6.219,1475,13.1896,"2026-10-06"
799876,"The Outfit","2022-02-25","Leonard is an English tailor who used to craft suits on London’s world-famous Savile Row. After a personal tragedy, he’s ended up in Chicago, operating a small tailor shop in a rough part of town where he makes beautiful clothes for the only people around who can afford them: a family of vicious gangsters.","80|18|53|9648",7.094,1446,9.5506,"2026-10-06"
800939,"Ticket to Paradise","2022-09-08","Divorced couple Georgia and David find themselves on a shared mission: they team up and travel to Bali to stop their daughter Lily from making the same mistake they once made 25 years ago.","18|35|10749",6.403,1444,14.0168,"2026-10-06"
420821,"Chip 'n Dale: Rescue Rangers","2022-05-20","Decades since their successful television series was canceled, Chip has succumbed to a life of suburban domesticity as an insurance salesman. Dale, meanwhile, has had CGI surgery and works the nostalgia convention circuit, desperate to relive his glory days. When a former cast mate mysteriously disappears, Chip and Dale must repair their broken friendship and take on their Rescue Rangers detective personas once again to save their friend’s life.","16|10751|35|12|9648",6.972,1437,12.0172,"2026-10-06"
779782,"The School for Good and Evil","2022-10-19","Best friends Sophie and Agatha navigate an enchanted school for young heroes and villains — and find themselves on opposing sides of the battle between good and evil.","14|35|12",7,1432,9.3189,"2026-10-06"
780609,"Men","2022-05-20","In the aftermath of a personal tragedy, Harper retreats alone to the beautiful English countryside, hoping to find a place to heal. But someone — or something — from the surrounding woods appears to be stalking her, and what begins as simmering dread becomes a fully-formed nightmare, inhabited by her darkest memories and fears.","27|53|14",6.1,1421,9.3626,"2026-10-06"
744276,"After Ever Happy","2022-08-24","As a shocking truth about a couple's families emerges, the two lovers discover they are not so different from each other. Tessa is no longer the sweet, simple, good girl she was when she met Hardin — any more than he is the cruel, moody boy she fell so hard for.","10749|18",6.788,1402,11.994,"2026-10-06"
766475,"See How They Run","2022-09-09","In the West End of 1950s London, plans for a movie version of a smash-hit play come to an abrupt halt after a pivotal member of the crew is murdered. When world-weary Inspector Stoppard and eager rookie Constable Stalker take on the case, the two find themselves thrown into a puzzling whodunit within the glamorously sordid theater underground, investigating the mysterious homicide at their own peril.","9648|35|80",6.337,1359,10.0192,"2026-10-06"
833425,"No Exit","2022-02-24","Stranded at a rest stop in the mountains during a blizzard, a recovering addict discovers a kidnapped child hidden in a car belonging to one of the people inside the building which sets her on a terrifying struggle to identify who among them is the kidnapper.","53|9648",6.813,1349,7.8335,"2026-10-06"
758009,"Shotgun Wedding","2022-12-28","Darcy and Tom gather their families for the ultimate destination wedding but when the entire party is taken hostage, “’Til Death Do Us Part” takes on a whole new meaning. Now, Darcy and Tom must save their loved ones—if they don’t kill each other first.","28|35|10749",6.223,1345,10.8334,"2026-10-06"
819876,"Crimes of the Future","2022-05-25","With his partner Caprice, celebrity performance artist Saul Tenser publicly showcases the metamorphosis of his organs in avant-garde performances. An investigator from the National Organ Registry obsessively tracks their movements, which is when a mysterious group is revealed... Their mission — to use Tenser's notoriety to shed light on the next phase of human evolution.","878|27|53",6.01,1342,6.671,"2026-10-06"
715931,"Emancipation","2022-12-02","Inspired by the gripping true story of a man who would do anything for his family—and for freedom. When Peter, an enslaved man, risks his life to escape and return to his family, he embarks on a perilous journey of love and endurance.","18|10752|36",7.739,1311,11.1324,"2026-10-06"
823625,"Blacklight","2022-02-10","Travis Block is a shadowy Government agent who specializes in removing operatives whose covers have been exposed. He then has to uncover a deadly conspiracy within his own ranks that reaches the highest echelons of power.","28|53|12",6.133,1305,7.7441,"2026-10-06"
807356,"Watcher","2022-06-03","As a serial killer stalks the city, Julia — a young actress who just moved to town with her husband — notices a mysterious stranger watching her from across the street.","27|9648|53",6.496,1231,9.3013,"2026-10-06"
872585,"Oppenheimer","2023-07-19","The story of J. Robert Oppenheimer's role in the development of the atomic bomb during World War II.","18|36",8.022,12621,53.1672,"2026-10-06"
346698,"Barbie","2023-07-19","Barbie and Ken are having the time of their lives in the colorful and seemingly perfect world of Barbie Land. However, when they get a chance to go to the real world, they soon discover the joys and perils of living among humans.","35|12|14",6.906,11644,33.7619,"2026-10-06"
502356,"The Super Mario Bros. Movie","2023-04-05","While working underground to fix a water main, Brooklyn plumbers—and brothers—Mario and Luigi are transported down a mysterious pipe and wander into a magical new world. But when the brothers are separated, Mario embarks on an epic quest to find Luigi.","10751|35|12|14|16",7.6,11187,32.8861,"2026-10-06"
569094,"Spider-Man: Across the Spider-Verse","2023-05-31","After reuniting with Gwen Stacy, Brooklyn’s full-time, friendly neighborhood Spider-Man is catapulted across the Multiverse, where he encounters the Spider Society, a team of Spider-People charged with protecting the Multiverse's very existence. But when the heroes clash on how to handle a new threat, Miles finds himself pitted against the other Spiders and must set out on his own to save those he loves most.","16|28|12|878",8.4,9356,53.478,"2026-10-06"
447365,"Guardians of the Galaxy Vol. 3","2023-05-03","Peter Quill, still reeling from the loss of Gamora, must rally his team around him to defend the universe along with protecting one of their own. A mission that, if not completed successfully, could quite possibly lead to the end of the Guardians as we know them.","878|12|28",7.9,8911,37.8517,"2026-10-06"
603692,"John Wick: Chapter 4","2023-03-21","With the price on his head ever increasing, John Wick uncovers a path to defeating The High Table. But before he can earn his freedom, Wick must face off against a new enemy with powerful alliances across the globe and forces that turn old friends into foes.","28|53|80",7.7,8371,36.6919,"2026-10-06"
385687,"Fast X","2023-05-17","Over many missions and against impossible odds, Dom Toretto and his family have outsmarted, out-nerved and outdriven every foe in their path. Now, they confront the most lethal opponent they've ever faced: A terrifying threat emerging from the shadows of the past who's fueled by blood revenge, and who is determined to shatter this family and destroy everything—and everyone—that Dom loves, forever.","28|80|53",7,6540,37.0134,"2026-10-06"
640146,"Ant-Man and the Wasp: Quantumania","2023-02-15","Super-Hero partners Scott Lang and Hope van Dyne, along with with Hope's parents Janet van Dyne and Hank Pym, and Scott's daughter Cassie Lang, find themselves exploring the Quantum Realm, interacting with strange new creatures and embarking on an adventure that will push them beyond the limits of what they thought possible.","28|12|878",6.208,6148,24.6813,"2026-10-06"
792307,"Poor Things","2023-12-07","Brought back to life by an unorthodox scientist, a young woman runs off with a lawyer on a whirlwind adventure across the continents. Free from the prejudices of her times, she grows steadfast in her purpose to stand for equality and liberation.","878|10749|35",7.629,5799,31.3676,"2026-10-06"
976573,"Elemental","2023-06-14","In a city where fire, water, land and air residents live together, a fiery young woman and a go-with-the-flow guy will discover something elemental: how much they have in common.","16|35|10751|10749",7.592,5568,18.7754,"2026-10-06"
667538,"Transformers: Rise of the Beasts","2023-06-06","When a new threat capable of destroying the entire planet emerges, Optimus Prime and the Autobots must team up with a powerful faction known as the Maximals. With the fate of humanity hanging in the balance, humans Noah and Elena will do whatever it takes to help the Transformers as they engage in the ultimate battle to save Earth.","878|12|28",7.2,5455,24.4223,"2026-10-06"
575264,"Mission: Impossible - Dead Reckoning Part One","2023-07-08","Ethan Hunt and his IMF team embark on their most dangerous mission yet: To track down a terrifying new weapon that threatens all of humanity before it falls into the wrong hands. With control of the future and the world's fate at stake and dark forces from Ethan's past closing in, a deadly race around the globe begins. Confronted by a mysterious, all-powerful enemy, Ethan must consider that nothing can matter more than his mission—not even the lives of those he cares about most.","28|12|53",7.502,5416,23.8588,"2026-10-06"
298618,"The Flash","2023-06-13","When his attempt to save his family inadvertently alters the future, Barry Allen becomes trapped in a reality in which General Zod has returned and there are no Super Heroes to turn to. In order to save the world that he is in and return to the future that he knows, Barry's only hope is to race for his life. But will making the ultimate sacrifice be enough to reset the universe?","28|878|12",6.6,5299,25.7421,"2026-10-06"
507089,"Five Nights at Freddy's","2023-10-25","Recently fired and desperate for work, a troubled young man named Mike agrees to take a position as a night security guard at an abandoned theme restaurant: Freddy Fazbear's Pizzeria. But he soon discovers that nothing at Freddy's is what it seems.","27|53",7.3,5212,23.348,"2026-10-06"
493529,"Dungeons & Dragons: Honor Among Thieves","2023-03-23","A charming thief and a band of unlikely adventurers undertake an epic heist to retrieve a lost relic, but things go dangerously awry when they run afoul of the wrong people.","12|14|35",7.4,4968,30.8677,"2026-10-06"
787699,"Wonka","2023-12-06","Willy Wonka – chock-full of ideas and determined to change the world one delectable bite at a time – is proof that the best things in life begin with a dream, and if you’re lucky enough to meet Willy Wonka, anything is possible.","35|10751|14",7.033,4584,16.4866,"2026-10-06"
335977,"Indiana Jones and the Dial of Destiny","2023-06-25","Finding himself in a new era, and approaching retirement, Indy wrestles with fitting into a world that seems to have outgrown him. But as the tentacles of an all-too-familiar evil return in the form of an old rival, Indy must don his hat and pick up his whip once more to make sure an ancient and powerful artifact doesn't fall into the wrong hands.","12|28",6.493,4396,19.1943,"2026-10-06"
466420,"Killers of the Flower Moon","2023-10-18","When oil is discovered in 1920s Oklahoma under Osage Nation land, the Osage people are murdered one by one—until the FBI steps in to unravel the mystery.","80|36|18",7.392,4382,27.6729,"2026-10-06"
670292,"The Creator","2023-09-27","Amid a future war between the human race and the forces of artificial intelligence, a hardened ex-special forces agent grieving the disappearance of his wife, is recruited to hunt down and kill the Creator, the elusive architect of advanced AI who has developed a mysterious weapon with the power to end the war—and mankind itself.","878|28|12",7,4215,19.7056,"2026-10-06"
615656,"Meg 2: The Trench","2023-08-02","An exploratory dive into the deepest depths of the ocean of a daring research team spirals into chaos when a malevolent mining operation threatens their mission and forces them into a high-stakes battle for survival.","28|878|27",6.3,4139,27.4809,"2026-10-06"
884605,"No Hard Feelings","2023-06-15","On the brink of losing her childhood home, Maddie discovers an intriguing job listing: wealthy helicopter parents looking for someone to “date” their introverted 19-year-old son, Percy, before he leaves for college. To her surprise, Maddie soon discovers the awkward Percy is no sure thing.","35|10749",6.668,4080,20.3617,"2026-10-06"
713704,"Evil Dead Rise","2023-04-12","A reunion between two estranged sisters gets cut short by the rise of flesh-possessing demons, thrusting them into a primal battle for survival as they face the most nightmarish version of family imaginable.","27|53",6.962,4037,27.6081,"2026-10-06"
1008042,"Talk to Me","2023-07-26","When a group of friends discover how to conjure spirits using an embalmed hand, they become hooked on the new thrill, until one of them goes too far and unleashes terrifying supernatural forces.","27",7.1,4016,26.5248,"2026-10-06"
926393,"The Equalizer 3","2023-08-30","Robert McCall finds himself at home in Southern Italy but he discovers his friends are under the control of local crime bosses. As events turn deadly, McCall knows what he has to do: become his friends' protector by taking on the mafia.","28|53|80",7.3,3949,28.6483,"2026-10-06"
594767,"Shazam! Fury of the Gods","2023-03-15","Billy Batson and his foster siblings, who transform into superheroes by saying ""Shazam!"", are forced to get back into action and fight the Daughters of Atlas, who they must stop from using a weapon that could destroy the world.","35|28|14",6.38,3813,17.8156,"2026-10-06"
695721,"The Hunger Games: The Ballad of Songbirds & Snakes","2023-11-15","64 years before he becomes the tyrannical president of Panem, Coriolanus Snow sees a chance for a change in fortunes when he mentors Lucy Gray Baird, the female tribute from District 12.","878|28",6.952,3711,24.3963,"2026-10-06"
572802,"Aquaman and the Lost Kingdom","2023-12-20","Black Manta seeks revenge on Aquaman for his father's death. Wielding the Black Trident's power, he becomes a formidable foe. To defend Atlantis, Arthur (Aquaman) forges an alliance with his imprisoned brother. They must protect the kingdom.","28|12|14",6.493,3692,24.0441,"2026-10-06"
609681,"The Marvels","2023-11-08","When her duties send her to an anomalous wormhole linked to a Kree revolutionary, Carol's powers become entangled with that of Jersey City super-fan Kamala Khan, aka Ms. Marvel, and Carol's estranged niece, now S.A.B.E.R. astronaut Captain Monica Rambeau. Together, this unlikely trio must team up and learn to work in concert to save the universe.","878|12|28",5.9,3676,27.4279,"2026-10-06"
980489,"Gran Turismo","2023-08-09","The ultimate wish-fulfillment tale of a teenage Gran Turismo player whose gaming skills won him a series of Nissan competitions to become an actual professional racecar driver.","12|18|28",7.7,3600,18.3794,"2026-10-06"
726209,"Leave the World Behind","2023-11-22","A family's getaway to a luxurious rental home takes an ominous turn when a cyberattack knocks out their devices—and two strangers appear at their door.","18|9648|53",6.4,3453,11.2243,"2026-10-06"
447277,"The Little Mermaid","2023-05-18","The youngest of King Triton’s daughters, and the most defiant, Ariel longs to find out more about the world beyond the sea, and while visiting the surface, falls for the dashing Prince Eric. With mermaids forbidden to interact with humans, Ariel makes a deal with the evil sea witch, Ursula, which gives her a chance to experience life on land, but ultimately places her life – and her father’s crown – in jeopardy.","12|10751|14|10749",6.2,3425,27.3281,"2026-10-06"
882569,"Guy Ritchie's The Covenant","2023-04-19","After an ambush, Afghan interpreter Ahmed goes to Herculean lengths to save US Army Sergeant John Kinley's life. When Kinley learns that Ahmed and his family were not given safe passage to America as promised, he must return to the war zone and repay his debt.","10752|28|53",7.718,3392,20.8775,"2026-10-06"
934433,"Scream VI","2023-03-08","Following the latest Ghostface killings, the four survivors leave Woodsboro behind and start a fresh chapter.","27|53|80",6.9,3353,25.6512,"2026-10-06"
758323,"The Pope's Exorcist","2023-04-05","Father Gabriele Amorth, Chief Exorcist of the Vatican, investigates a young boy's terrifying possession and ends up uncovering a centuries-old conspiracy the Vatican has desperately tried to keep hidden.","27|53",6.9,3301,14.3572,"2026-10-06"
565770,"Blue Beetle","2023-08-16","Recent college grad Jaime Reyes returns home full of aspirations for his future, only to find that home is not quite as he left it. As he searches to find his purpose in the world, fate intervenes when Jaime unexpectedly finds himself in possession of an ancient relic of alien biotechnology: the Scarab.","28|878|12",6.611,3293,16.295,"2026-10-06"
753342,"Napoleon","2023-11-22","An epic that details the checkered rise and fall of French Emperor Napoleon Bonaparte and his relentless journey to power through the prism of his addictive, volatile relationship with his wife, Josephine.","36|10752|18",6.299,3285,12.5682,"2026-10-06"
1072790,"Anyone but You","2023-12-21","After an amazing first date, Bea and Ben’s fiery attraction turns ice cold — until they find themselves unexpectedly reunited at a destination wedding in Australia. So they do what any two mature adults would do: pretend to be a couple.","10749|35",6.745,3239,33.552,"2026-10-06"
631842,"Knock at the Cabin","2023-02-01","While vacationing at a remote cabin, a young girl and her two fathers are taken hostage by four armed strangers who demand that the family make an unthinkable choice to avert the apocalypse. With limited access to the outside world, the family must decide what they believe before all is lost.","27|9648|53",6.239,3228,18.4467,"2026-10-06"
930564,"Saltburn","2023-11-16","Struggling to find his place at Oxford University, student Oliver Quick finds himself drawn into the world of the charming and aristocratic Felix Catton, who invites him to Saltburn, his eccentric family's sprawling estate, for a summer never to be forgotten.","18|35|53",6.931,3154,10.2896,"2026-10-06"
697843,"Extraction 2","2023-06-09","Back from the brink of death, highly skilled commando Tyler Rake takes on another dangerous mission: saving the imprisoned family of a ruthless gangster.","28|53|80",7.384,3080,19.0687,"2026-10-06"
800158,"The Killer","2023-10-25","After a fateful miss, an assassin battles his employers, and himself, on an international manhunt he insists isn't personal.","80|53",6.585,3034,12.099,"2026-10-06"
677179,"Creed III","2023-03-01","After dominating the boxing world, Adonis Creed has thrived in his career and family life. When a childhood friend and former boxing prodigy, Damian Anderson, resurfaces after serving a long sentence in prison, he is eager to prove that he deserves his shot in the ring. The face-off between former friends is more than just a fight. To settle the score, Adonis must put his future on the line to battle Damian — a fighter with nothing to lose.","18|28",7.1,2997,15.2185,"2026-10-06"
700391,"65","2023-03-02","65 million years ago, the only 2 survivors of a spaceship from Somaris that crash-landed on Earth, must fend off dinosaurs to reach the escape vessel in time before an imminent asteroid strike threatens to destroy the planet.","28|12|878",6,2990,11.5708,"2026-10-06"
945729,"A Haunting in Venice","2023-09-13","Celebrated sleuth Hercule Poirot, now retired and living in self-imposed exile in Venice, reluctantly attends a Halloween séance at a decaying, haunted palazzo. When one of the guests is murdered, the detective is thrust into a sinister world of shadows and secrets.","9648|53|80",6.562,2972,14.0467,"2026-10-06"
678512,"Sound of Freedom","2023-07-03","The story of Tim Ballard, a former US government agent, who quits his job in order to devote his life to rescuing children from global sex traffickers.","28|18",7.9,2861,10.1719,"2026-10-06"
467244,"The Zone of Interest","2023-12-15","The commandant of Auschwitz, Rudolf Höss, and his wife Hedwig, strive to build a dream life for their family in a house and garden next to the camp.","18|36|10752",7.006,2777,14.9323,"2026-10-06"
646389,"Plane","2023-01-11","After a heroic job of successfully landing his storm-damaged aircraft in a war zone, a fearless pilot finds himself between the agendas of multiple militias planning to take the plane and its passengers hostage.","28|12|53",6.892,2769,14.7765,"2026-10-06"
848326,"Rebel Moon - Part One: A Child of Fire","2023-12-15","When the ruthless forces of the Motherworld threaten a quiet farming village on a distant moon, a mysterious outsider becomes its best hope for survival.","878|28|12",6.2,2720,13.7479,"2026-10-06"
840430,"The Holdovers","2023-10-27","A curmudgeonly instructor at a New England prep school is forced to remain on campus during Christmas break to babysit the handful of students with nowhere to go. Eventually, he forms an unlikely bond with one of them — a damaged, brainy troublemaker — and with the school’s head cook, who has just lost a son in Vietnam.","18|35",7.6,2705,16.6003,"2026-10-06"
747188,"Asteroid City","2023-06-08","In an American desert town circa 1955, the itinerary of a Junior Stargazer/Space Cadet convention is spectacularly disrupted by world-changing events.","35|18",6.5,2650,12.0463,"2026-10-06"
968051,"The Nun II","2023-09-06","In 1956 France, a priest is violently murdered, and Sister Irene begins to investigate. She once again comes face-to-face with a powerful evil.","27",6.62,2599,25.4911,"2026-10-06"
804150,"Cocaine Bear","2023-02-22","Inspired by a true story, an oddball group of cops, criminals, tourists and teens converge in a Georgia forest where a 500-pound black bear goes on a murderous rampage after unintentionally ingesting cocaine.","53|35|80",6,2554,14.7059,"2026-10-06"
951491,"Saw X","2023-09-27","Between the events of 'Saw' and 'Saw II', a sick and desperate John Kramer travels to Mexico for a risky and experimental medical procedure in hopes of a miracle cure for his cancer, only to discover the entire operation is a scam to defraud the most vulnerable. Armed with a newfound purpose, the infamous serial killer returns to his work, turning the tables on the con artists in his signature visceral way through devious, deranged, and ingenious traps.","27|9648",7.145,2498,11.1736,"2026-10-06"
666277,"Past Lives","2023-06-02","After decades apart, childhood friends Nora and Hae Sung are reunited in New York for one fateful weekend as they confront notions of destiny, love, and the choices that make a life.","18|10749",7.7,2490,16.6358,"2026-10-06"
964980,"Air","2023-04-05","Discover the game-changing partnership between a then undiscovered Michael Jordan and Nike's fledgling basketball division which revolutionized the world of sports and culture with the Air Jordan brand.","18|36",7.278,2471,9.4456,"2026-10-06"
940551,"Migration","2023-12-06","After a migrating duck family alights on their pond with thrilling tales of far-flung places, the Mallard family embarks on a family road trip, from New England, to New York City, to tropical Jamaica.","10751|35|12|16",7.4,2331,26.2693,"2026-10-06"
868759,"Ghosted","2023-04-18","Salt-of-the-earth Cole falls head over heels for enigmatic Sadie—but then makes the shocking discovery that she's a secret agent. Before they can decide on a second date, Cole and Sadie are swept away on an international adventure to save the world.","28|35|10749",6.864,2291,11.1528,"2026-10-06"
649609,"Renfield","2023-04-07","Having grown sick and tired of his centuries as Dracula's lackey, Renfield finds a new lease on life — and maybe even redemption — when he falls for feisty, perennially angry traffic cop Rebecca Quincy.","35|14|27",6.434,2268,11.6592,"2026-10-06"
614479,"Insidious: The Red Door","2023-07-05","To put their demons to rest once and for all, Josh Lambert and a college-aged Dalton Lambert must go deeper into The Further than ever before, facing their family's dark past and a host of new and more horrifying terrors that lurk behind the red door.","27|53",6.528,2131,21.2109,"2026-10-06"
739405,"Operation Fortune: Ruse de Guerre","2023-01-04","Special agent Orson Fortune and his team of operatives recruit one of Hollywood's biggest movie stars to help them on an undercover mission when the sale of a deadly new weapons technology threatens to disrupt the world order.","28|35|53|12",6.463,2077,13.6185,"2026-10-06"
726759,"Tetris","2023-03-15","In 1988, American video game salesman Henk Rogers discovers the video game Tetris. When he sets out to bring the game to the world, he enters a dangerous web of lies and corruption behind the Iron Curtain.","53|36|18",7.761,2063,13.8241,"2026-10-06"
635910,"The Last Voyage of the Demeter","2023-08-09","The crew of the merchant ship Demeter attempts to survive the ocean voyage from Carpathia to London as they are stalked each night by a merciless presence onboard the ship.","27|14",6.7,2050,14.0356,"2026-10-06"
638974,"Murder Mystery 2","2023-03-28","After starting their own detective agency, Nick and Audrey Spitz land a career-making case when their billionaire pal is kidnapped from his wedding.","35|9648|80",6.354,2048,13.0621,"2026-10-06"
1029575,"The Family Plan","2023-12-14","Dan Morgan is many things: a devoted husband, a loving father, a celebrated car salesman. He's also a former assassin. And when his past catches up to his present, he's forced to take his unsuspecting family on a road trip unlike any other.","28|35|12",7.2,2010,21.1766,"2026-10-06"
299054,"Expend4bles","2023-09-15","Armed with every weapon they can get their hands on and the skills to use them, The Expendables are the world’s last line of defense and the team that gets called when all other options are off the table. But new team members with new styles and tactics are going to give “new blood” a whole new meaning.","28|12|53",6,1981,13.0675,"2026-10-06"
724209,"Heart of Stone","2023-08-09","An intelligence operative for a shadowy global peacekeeping agency races to stop a hacker from stealing its most valuable — and dangerous — weapon.","28|80|53",6.687,1979,12.0774,"2026-10-06"
1022796,"Wish","2023-11-13","Asha, a sharp-witted idealist, makes a wish so powerful that it is answered by a cosmic force – a little ball of boundless energy called Star. Together, Asha and Star confront a most formidable foe - the ruler of Rosas, King Magnifico - to save her community and prove that when the will of one courageous human connects with the magic of the stars, wondrous things can happen.","16|10751|14|12",6.217,1842,12.5897,"2026-10-06"
614930,"Teenage Mutant Ninja Turtles: Mutant Mayhem","2023-07-31","After years of being sheltered from the human world, the Turtle brothers set out to win the hearts of New Yorkers and be accepted as normal teenagers through heroic acts. Their new friend April O'Neil helps them take on a mysterious crime syndicate, but they soon get in over their heads when an army of mutants is unleashed upon them.","16|35|28|878",7.227,1682,16.4945,"2026-10-06"
1071215,"Thanksgiving","2023-11-16","After a Black Friday riot ends in tragedy, a mysterious Thanksgiving-inspired killer terrorizes Plymouth, Massachusetts - the birthplace of the holiday. Picking off residents one by one, what begins as random revenge killings are soon revealed to be part of a larger, sinister holiday plan.","27|9648",6.5,1667,11.8109,"2026-10-06"
930094,"Red, White & Royal Blue","2023-07-27","After an altercation between Alex, the president's son, and Britain's Prince Henry at a royal event becomes tabloid fodder, their long-running feud now threatens to drive a wedge in U.S./British relations. When the rivals are forced into a staged truce, their icy relationship begins to thaw and the friction between them sparks something deeper than they ever expected.","35|10749",7.9,1641,18.6119,"2026-10-06"
820609,"No One Will Save You","2023-09-21","A lonely woman battles extraterrestrials who threaten her future while forcing her to face her past.","27|878",6.7,1623,10.3615,"2026-10-06"
980078,"Winnie the Pooh: Blood and Honey","2023-01-26","After Christopher Robin abandons them for college, Pooh and Piglet embark on a bloody rampage as they search for a new source of food.","27",4.927,1617,4.3082,"2026-10-06"
536437,"Hypnotic","2023-05-11","A detective becomes entangled in a mystery involving his missing daughter and a secret government program while investigating a string of reality-bending crimes.","9648|878|53",6.183,1579,7.6696,"2026-10-06"
923939,"The Wonderful Story of Henry Sugar","2023-09-20","A rich man learns about a guru who can see without using his eyes. He sets out to master the skill in order to cheat at gambling.","14|12|18",7.257,1516,9.1771,"2026-10-06"
961323,"Nimona","2023-06-23","A knight framed for a tragic crime teams with a scrappy, shape-shifting teen to prove his innocence.","16|10751|14|12|878|28",7.85,1514,8.5686,"2026-10-06"
552688,"The Mother","2023-05-04","A deadly female assassin comes out of hiding to protect the daughter that she gave up years before, while on the run from dangerous men.","28|53",6.6,1479,7.5252,"2026-10-06"
823482,"Dream Scenario","2023-11-10","Hapless family man Paul Matthews finds his life turned upside down when millions of strangers suddenly start seeing him in their dreams. But when his nighttime appearances take a nightmarish turn, Paul is forced to navigate his newfound stardom.","35|14",6.7,1465,15.9659,"2026-10-06"
1056360,"American Fiction","2023-11-10","A novelist fed up with the establishment profiting from ""Black"" entertainment uses a pen name to write a book that propels him into the heart of hypocrisy and the madness he claims to disdain.","35|18",7.239,1455,8.3406,"2026-10-06"
762430,"Retribution","2023-08-23","When a mysterious caller plants a bomb under his car seat, a bank executive begins a high-speed chase across the city to complete a specific series of tasks — all with his kids trapped in the back seat.","53|28|12",6.5,1422,6.8632,"2026-10-06"
798286,"Beau Is Afraid","2023-04-14","Following the sudden death of his mother, a mild-mannered but anxiety-ridden man confronts his darkest fears as he embarks on an epic odyssey back home.","35|12|14",6.7,1421,14.9672,"2026-10-06"
1075794,"Leo","2023-11-17","Jaded 74-year-old reptile Leo has been stuck in the same Florida classroom for decades with his terrarium-mate turtle. When he learns he only has one year left to live, he plans to escape to experience life on the outside but instead gets caught up in the problems of his anxious students — including an impossibly mean substitute teacher.","16|35|10751",7.3,1413,8.2023,"2026-10-06"
605886,"To Catch a Killer","2023-04-06","Baltimore. New Year's Eve. A talented but troubled police officer is recruited by the FBI's chief investigator to help profile and track down a mass murderer.","53|80|18",6.837,1389,8.9603,"2026-10-06"
850165,"The Iron Claw","2023-12-21","The true story of the inseparable Von Erich brothers, who made history in the intensely competitive world of professional wrestling in the early 1980s. Through tragedy and triumph, under the shadow of their domineering father and coach, the brothers seek larger-than-life immortality on the biggest stage in sports.","18|36",7.516,1361,16.0425,"2026-10-06"
768362,"Missing","2023-01-19","When her mother disappears while on vacation in Colombia with her new boyfriend, June’s search for answers is hindered by international red tape. Stuck thousands of miles away in Los Angeles, June creatively uses all the latest technology at her fingertips to try and find her before it’s too late. But as she digs deeper, her digital sleuthing raises more questions than answers... and when June unravels secrets about her mom, she discovers that she never really knew her at all.","18|9648|53",7.372,1360,8.5266,"2026-10-06"
807172,"The Exorcist: Believer","2023-10-04","Since his wife's death, Victor has raised his daughter Angela alone. After she and her friend return from a three-day disappearance with missing memories, they begin displaying frightening behavior reminiscent of the MacNeil possession fifty years prior.","27",5.8,1339,11.509,"2026-10-06"
455476,"Knights of the Zodiac","2023-04-27","When a headstrong street orphan, Seiya, in search of his abducted sister unwittingly taps into hidden powers, he discovers he might be the only person alive who can protect a reincarnated goddess, sent to watch over humanity. Can he let his past go and embrace his destiny to become a Knight of the Zodiac?","14|28|878",6.274,1338,8.3705,"2026-10-06"
365620,"Ferrari","2023-12-14","Set during the summer of 1957. Ex-racecar driver, Enzo Ferrari, is in crisis. Bankruptcy stalks the company he and his wife, Laura, built from nothing ten years earlier. Their tempestuous marriage struggles with the mourning for one son and the acknowledgement of another.","36|18",6.364,1324,7.5966,"2026-10-06"
717930,"Kandahar","2023-05-25","After his mission is exposed, an undercover CIA operative stuck deep in hostile territory in Afghanistan must fight his way out, alongside his Afghan translator, to an extraction point in Kandahar, all whilst avoiding elite enemy forces and foreign spies tasked with hunting them down.","28|53|10752",6.775,1322,7.4489,"2026-10-06"
866463,"Reptile","2023-09-29","Following the brutal murder of a young real estate agent, a hardened detective attempts to uncover the truth in a case where nothing is as it seems, and by doing so dismantles the illusions in his own life.","80|9648|53|18",6.672,1300,8.461,"2026-10-06"
616747,"Haunted Mansion","2023-07-26","A woman and her son enlist a motley crew of so-called spiritual experts to help rid their home of supernatural squatters.","35|18|14",6.432,1281,16.7324,"2026-10-06"
897087,"Freelance","2023-10-05","An ex-special forces operative takes a job to provide security for a journalist as she interviews a dictator, but a military coup breaks out in the middle of the interview, they are forced to escape into the jungle where they must survive.","28|35",6.394,1209,10.1344,"2026-10-06"
974931,"Totally Killer","2023-09-28","When the infamous ""Sweet Sixteen Killer"" returns 35 years after his first murder spree to claim another victim, 17-year-old Jamie accidentally travels back in time to 1987, determined to stop the killer before he can start.","27|35|878",6.792,1191,10.259,"2026-10-06"
532408,"The Boogeyman","2023-05-31","Still reeling from the tragic death of their mother, a teenage girl and her younger sister find themselves plagued by a sadistic presence in their house and struggle to get their grieving father to pay attention before it’s too late.","27",6.372,1188,14.2744,"2026-10-06"
722149,"Luther: The Fallen Sun","2023-02-24","A gruesome serial killer is terrorizing London while brilliant but disgraced detective John Luther sits behind bars. Haunted by his failure to capture the cyber psychopath who now taunts him, Luther decides to break out of prison to finish the job by any means necessary.","80|9648|53",6.627,1171,9.9587,"2026-10-06"
709631,"Cobweb","2023-07-19","Eight year old Peter is plagued by a mysterious, constant tapping from inside his bedroom wall—one that his parents insist is all in his imagination. As Peter's fear intensifies, he believes that his parents could be hiding a terrible, dangerous secret and questions their trustworthiness.","27",6.429,1156,7.5529,"2026-10-06"
1020006,"Priscilla","2023-10-27","When teenage Priscilla Beaulieu meets Elvis Presley at a party, the man who is already a meteoric rock-and-roll superstar becomes someone entirely unexpected in private moments: a thrilling crush, an ally in loneliness, a vulnerable best friend.","18|10749",6.681,1151,9.9168,"2026-10-06"
1040148,"Ruby Gillman, Teenage Kraken","2023-06-28","Ruby Gillman, a sweet and awkward high school student, discovers she's a direct descendant of the warrior kraken queens. The kraken are sworn to protect the oceans of the world against the vain, power-hungry mermaids. Destined to inherit the throne from her commanding grandmother, Ruby must use her newfound powers to protect those she loves most.","16|10751|14|35",7.1,1143,15.4143,"2026-10-06"
667216,"Infinity Pool","2023-01-27","While staying at an isolated island resort, James and Em are enjoying a perfect vacation of pristine beaches, exceptional staff, and soaking up the sun. But guided by the seductive and mysterious Gabi, they venture outside the resort grounds and find themselves in a culture filled with violence, hedonism, and untold horror. A tragic accident leaves them facing a zero tolerance policy for crime: either you'll be executed, or, if you’re rich enough to afford it, you can watch yourself die instead.","27|878|53",6,1130,9.1918,"2026-10-06"
994108,"All of Us Strangers","2023-12-22","One night in his near-empty tower block in contemporary London, Adam has a chance encounter with a mysterious neighbor, which punctures the rhythm of his everyday life.","10749|18|14",7.392,1104,14.4912,"2026-10-06"
457332,"Hidden Strike","2023-07-06","Two elite soldiers must escort civilians through a gauntlet of gunfire and explosions.","28|35|53|12",6.874,1104,10.4764,"2026-10-06"
533535,"Deadpool & Wolverine","2024-07-24","A listless Wade Wilson toils away in civilian life with his days as the morally flexible mercenary, Deadpool, behind him. But when his homeworld faces an existential threat, Wade must reluctantly suit-up again with an even more reluctant Wolverine.","28|35|878",7.587,9566,67.715,"2026-10-06"
693134,"Dune: Part Two","2024-02-27","Follow the mythic journey of Paul Atreides as he unites with Chani and the Fremen while on a path of revenge against the conspirators who destroyed his family. Facing a choice between the love of his life and the fate of the known universe, Paul endeavors to prevent a terrible future only he can foresee.","878|12",8.1,8680,59.513,"2026-10-06"
1022789,"Inside Out 2","2024-06-11","Teenager Riley's mind headquarters is undergoing a sudden demolition to make room for something entirely unexpected: new Emotions! Joy, Sadness, Anger, Fear and Disgust, who’ve long been running a successful operation by all accounts, aren’t sure how to feel when Anxiety shows up. And it looks like she’s not alone.","16|12|35|10751",7.54,7030,43.9297,"2026-10-06"
1184918,"The Wild Robot","2024-09-12","After a shipwreck, an intelligent robot called Roz is stranded on an uninhabited island. To survive the harsh environment, Roz bonds with the island's animals and cares for an orphaned baby goose.","10751|16|878|12",8.3,6684,54.0863,"2026-10-06"
933260,"The Substance","2024-09-07","A fading celebrity decides to use a black market drug, a cell-replicating substance that temporarily creates a younger, better version of herself.","27|878",7.135,6552,47.9907,"2026-10-06"
786892,"Furiosa: A Mad Max Saga","2024-05-22","As the world falls, young Furiosa is snatched from the Green Place of Many Mothers into the hands of a great biker horde led by the warlord Dementus. Sweeping through the wasteland, they encounter the citadel presided over by Immortan Joe. The two tyrants wage war for dominance, and Furiosa must survive many trials as she puts together the means to find her way home.","28|878|12",7.441,5244,28.725,"2026-10-06"
945961,"Alien: Romulus","2024-08-13","While scavenging the deep ends of a derelict space station, a group of young space colonizers come face to face with the most terrifying life form in the universe.","27|878",7.16,4940,29.3232,"2026-10-06"
823464,"Godzilla x Kong: The New Empire","2024-03-27","Following their explosive showdown, Godzilla and Kong must reunite against a colossal undiscovered threat hidden within our world, challenging their very existence – and our own.","28|12|878",7.034,4890,21.6178,"2026-10-06"
558449,"Gladiator II","2024-11-13","Years after witnessing the death of the revered hero Maximus at the hands of his uncle, Lucius is forced to enter the Colosseum after his home is conquered by the tyrannical Emperors who now lead Rome with an iron fist. With rage in his heart and the future of the Empire at stake, Lucius must look to his past to find strength and honor to return the glory of Rome to its people.","28|12|18",6.6,4786,25.7601,"2026-10-06"
929590,"Civil War","2024-04-10","In the near future, a group of war journalists attempt to survive while reporting the truth as the United States stands on the brink of civil war.","10752|28|18",6.844,4620,24.1345,"2026-10-06"
866398,"The Beekeeper","2024-01-08","One man's campaign for vengeance takes on national stakes after he is revealed to be a former operative of a powerful and clandestine organization known as Beekeepers.","28|80|53",7.281,4586,32.5471,"2026-10-06"
912649,"Venom: The Last Dance","2024-10-22","Eddie and Venom are on the run. Hunted by both of their worlds and with the net closing in, the duo are forced into a devastating decision that will bring the curtains down on Venom and Eddie's last dance.","878|28|12",6.665,4580,41.0465,"2026-10-06"
653346,"Kingdom of the Planet of the Apes","2024-05-08","Several generations following Caesar's reign, apes – now the dominant species – live harmoniously while humans have been reduced to living in the shadows. As a new tyrannical ape leader builds his empire, one young ape undertakes a harrowing journey that will cause him to question all he's known about the past and to make choices that will define a future for apes and humans alike.","878|12|28",7,4490,29.3849,"2026-10-06"
746036,"The Fall Guy","2024-04-24","Fresh off an almost career-ending accident, stuntman Colt Seavers has to track down a missing movie star, solve a conspiracy and try to win back the love of his life while still doing his day job.","28|35|10749",6.949,4097,23.474,"2026-10-06"
426063,"Nosferatu","2024-12-25","A gothic tale of obsession between a haunted young woman and the terrifying vampire infatuated with her, causing untold horror in its wake.","27|14",6.7,4017,22.1931,"2026-10-06"
1011985,"Kung Fu Panda 4","2024-03-02","Po is gearing up to become the spiritual leader of his Valley of Peace, but also needs someone to take his place as Dragon Warrior. As such, he will train a new kung fu practitioner for the spot and will encounter a villain called the Chameleon who conjures villains from the past.","16|35|12|28|10751",6.993,3705,25.4387,"2026-10-06"
974576,"Conclave","2024-10-25","After the unexpected death of the Pope, Cardinal Lawrence is tasked with managing the covert and ancient ritual of electing a new one. Sequestered in the Vatican with the Catholic Church’s most powerful leaders until the process is complete, Lawrence finds himself at the center of a conspiracy that could lead to its downfall.","18|53",7.2,3668,15.013,"2026-10-06"
762441,"A Quiet Place: Day One","2024-06-26","As New York City is invaded by alien creatures who hunt by sound, a woman named Sam fights to survive with her cat.","27|878|53",6.626,3604,14.356,"2026-10-06"
1064213,"Anora","2024-10-14","A young sex worker from Brooklyn gets her chance at a Cinderella story when she meets and impulsively marries the son of an oligarch. Once the news reaches Russia, her fairytale is threatened as his parents set out to get the marriage annulled.","18|35|10749",7.072,3510,18.5924,"2026-10-06"
573435,"Bad Boys: Ride or Die","2024-06-05","After their late former Captain is framed, Lowrey and Burnett try to clear his name, only to end up on the run themselves.","28|35|80",7.31,3494,18.7352,"2026-10-06"
939243,"Sonic the Hedgehog 3","2024-12-19","Sonic, Knuckles, and Tails reunite against a powerful new adversary, Shadow, a mysterious villain with powers unlike anything they have faced before. With their abilities outmatched in every way, Team Sonic must seek out an unlikely alliance in hopes of stopping Shadow and protecting the planet.","28|878|35|10751",7.6,3488,37.1903,"2026-10-06"
519182,"Despicable Me 4","2024-06-20","Gru and Lucy and their girls—Margo, Edith and Agnes—welcome a new member to the Gru family, Gru Jr., who is intent on tormenting his dad. Gru also faces a new nemesis in Maxime Le Mal and his femme fatale girlfriend Valentina, forcing the family to go on the run.","16|35|28|878|10751",6.968,3391,27.6862,"2026-10-06"
917496,"Beetlejuice Beetlejuice","2024-09-04","After a family tragedy, three generations of the Deetz family return home to Winter River. Still haunted by Betelgeuse, Lydia's life is turned upside down when her teenage daughter, Astrid, accidentally opens the portal to the Afterlife.","35|14",6.9,3359,22.5198,"2026-10-06"
1241982,"Moana 2","2024-11-21","After receiving an unexpected call from her wayfinding ancestors, Moana journeys alongside Maui and a new crew to the far seas of Oceania and into dangerous, long-lost waters for an adventure unlike anything she's ever faced.","12|16|35|10751|14",6.992,3312,44.9391,"2026-10-06"
359410,"Road House","2024-03-08","Ex-UFC fighter Dalton takes a job as a bouncer at a Florida Keys roadhouse, only to discover that this paradise is not all it seems.","28|53|18",6.936,3270,27.7332,"2026-10-06"
402431,"Wicked","2024-10-16","In the land of Oz, ostracized and misunderstood green-skinned Elphaba is forced to share a room with the popular aristocrat Glinda at Shiz University, and the two's unlikely friendship is tested as they begin to fulfill their respective destinies as Glinda the Good and the Wicked Witch of the West.","18|10749|14",6.902,3262,21.5304,"2026-10-06"
718821,"Twisters","2024-07-10","As storm season intensifies, the paths of former storm chaser Kate Carter and reckless social-media superstar Tyler Owens collide when terrifying phenomena never seen before are unleashed. The pair and their competing teams find themselves squarely in the paths of multiple storm systems converging over central Oklahoma in the fight of their lives.","28|53",6.8,3191,11.9005,"2026-10-06"
845781,"Red One","2024-10-31","After Santa Claus (codename: Red One) is kidnapped, the North Pole's Head of Security must team up with the world's most infamous tracker in a globe-trotting, action-packed mission to save Christmas.","28|12|35|14",6.949,3187,27.9749,"2026-10-06"
889737,"Joker: Folie à Deux","2024-10-01","While struggling with his dual identity, Arthur Fleck not only stumbles upon true love, but also finds the music that's always been inside him.","18|80|53",5.404,3087,19.5223,"2026-10-06"
1032823,"Trap","2024-07-31","A father and teen daughter attend a pop concert, where they realize they're at the center of a dark and sinister event.","80|53|10402",6.2,3056,16.1856,"2026-10-06"
1005331,"Carry-On","2024-12-05","An airport security officer races to outsmart a mysterious traveler forcing him to let a dangerous item slip onto a Christmas Eve flight.","53|28",6.869,2948,13.3634,"2026-10-06"
763215,"Damsel","2024-03-07","A young woman's marriage to a charming prince turns into a fierce fight for survival when she's offered up as a sacrifice to a fire-breathing dragon.","14|28|12",7,2947,16.5581,"2026-10-06"
1138194,"Heretic","2024-10-31","Two young missionaries are forced to prove their faith when they knock on the wrong door and are greeted by a diabolical Mr. Reed, becoming ensnared in his deadly game of cat-and-mouse.","53|27",6.967,2933,17.2774,"2026-10-06"
1226578,"Longlegs","2024-07-10","FBI Agent Lee Harker is a gifted new recruit assigned to the unsolved case of an elusive serial killer. As the case takes complex turns, unearthing evidence of the occult, Harker discovers a personal connection to the merciless killer and must race against time to stop him before he claims the lives of another innocent family.","80|27|9648",6.522,2903,18.8703,"2026-10-06"
937287,"Challengers","2024-04-18","Tennis player turned coach Tashi has taken her husband, Art, and transformed him into a world-famous Major champion. To jolt him out of his recent losing streak, she signs him up for a ""Challenger"" event — close to the lowest level of pro tournament — where he finds himself standing across the net from his former best friend and Tashi's former boyfriend.","18|10749",6.9,2878,18.2454,"2026-10-06"
762509,"Mufasa: The Lion King","2024-12-18","Mufasa, a cub lost and alone, meets a sympathetic lion named Taka, the heir to a royal bloodline. The chance meeting sets in motion an expansive journey of a group of misfits searching for their destiny.","12|10751|16",7.282,2793,28.3386,"2026-10-06"
634492,"Madame Web","2024-02-14","Forced to confront revelations about her past, paramedic Cassandra Webb forges a relationship with three young women destined for powerful futures...if they can all survive a deadly present.","28|14",5.26,2727,14.7305,"2026-10-06"
1106739,"Juror #2","2024-10-30","While serving as a juror in a high profile murder trial, family man Justin Kemp finds himself struggling with a serious moral dilemma…one he could use to sway the jury verdict and potentially convict—or free—the accused killer.","18|53",6.898,2671,12.2697,"2026-10-06"
539972,"Kraven the Hunter","2024-12-11","Kraven Kravinoff's complex relationship with his ruthless gangster father, Nikolai, starts him down a path of vengeance with brutal consequences, motivating him to become not only the greatest hunter in the world, but also one of its most feared.","28|12|53",6.409,2533,30.1757,"2026-10-06"
1100782,"Smile 2","2024-10-16","About to embark on a new world tour, global pop sensation Skye Riley begins experiencing increasingly terrifying and inexplicable events. Overwhelmed by the escalating horrors and the pressures of fame, Skye is forced to face her dark past to regain control of her life before it spirals out of control.","27|9648",6.598,2377,22.4715,"2026-10-06"
1114513,"Speak No Evil","2024-09-11","When an American family is invited to spend the weekend at the idyllic country estate of a charming British family they befriended on vacation, what begins as a dream holiday soon warps into a snarled psychological nightmare.","27|53",7.087,2374,13.5611,"2026-10-06"
967847,"Ghostbusters: Frozen Empire","2024-03-20","The Spengler family returns to where it all started - the iconic New York City firehouse - to team up with the original Ghostbusters, who've developed a top-secret research lab to take busting ghosts to the next level. But when the discovery of an ancient artifact unleashes an evil force, Ghostbusters new and old must join forces to protect their home and save the world from a second Ice Age.","14|12|35",6.4,2316,18.4553,"2026-10-06"
938614,"Late Night with the Devil","2024-03-19","A live broadcast of a late-night talk show in 1977 goes horribly wrong, unleashing evil into the nation's living rooms.","27",7.091,2313,10.5918,"2026-10-06"
1111873,"Abigail","2024-04-16","A group of criminals kidnap a teenage ballet dancer, the daughter of a notorious gang leader, in order to obtain a ransom of $50 million, but they discover that she is not just an ordinary girl.","27|53|35",6.643,2254,15.9914,"2026-10-06"
799583,"The Ministry of Ungentlemanly Warfare","2024-04-18","During World War II, the British Army assigns a group of competent soldiers to carry out a mission against the Nazi forces behind enemy lines... A true story about a secret British WWII organization — the Special Operations Executive. Founded by Winston Churchill, their irregular warfare against the Germans helped to change the course of the war, and gave birth to modern black operations.","28|35|10752",6.996,2110,20.7113,"2026-10-06"
840705,"Blink Twice","2024-08-21","When tech billionaire Slater King meets cocktail waitress Frida at his fundraising gala, he invites her to join him and his friends on a dream vacation on his private island. But despite the epic setting, beautiful people, ever-flowing champagne, and late-night dance parties, Frida can sense that there’s something sinister hiding beneath the island’s lush façade.","9648|53|27",6.68,2073,18.3184,"2026-10-06"
1079091,"It Ends with Us","2024-08-07","When a woman's first love suddenly reenters her life, her relationship with a charming, but abusive neurosurgeon is upended, and she realizes she must learn to rely on her own strength to make an impossible choice for her future.","18|10749",6.948,2057,16.3704,"2026-10-06"
1034541,"Terrifier 3","2024-10-09","Five years after surviving Art the Clown's Halloween massacre, Sienna and Jonathan are still struggling to rebuild their shattered lives. As the holiday season approaches, they try to embrace the Christmas spirit and leave the horrors of the past behind. But just when they think they're safe, Art returns, determined to turn their holiday cheer into a new nightmare. The festive season quickly unravels as Art unleashes his twisted brand of terror, proving that no holiday is safe.","27",6.8,2052,21.5053,"2026-10-06"
843527,"The Idea of You","2024-05-02","40-year-old single mom Solène begins an unexpected romance with 24-year-old Hayes Campbell, the lead singer of August Moon, the hottest boy band on the planet. As they begin a whirlwind romance, it isn't long before Hayes' superstar status poses unavoidable challenges to their relationship, and Solène soon discovers that life in the glare of his spotlight might be more than she bargained for.","10402|35|10749|18",7.24,2040,23.3629,"2026-10-06"
848538,"Argylle","2024-01-31","When the plots of reclusive author Elly Conway's fictional espionage novels begin to mirror the covert actions of a real-life spy organization, quiet evenings at home become a thing of the past. Accompanied by her cat Alfie and Aidan, a cat-allergic spy, Elly races across the world to stay one step ahead of the killers as the line between Conway's fictional world and her real one begins to blur.","28|12|35",6,1852,13.3618,"2026-10-06"
549509,"The Brutalist","2024-12-20","When an innovative modern architect flees post-war Europe, he is given the opportunity to rebuild his legacy. Set during the dawn of the modern United States (in Pennsylvania), his wife joins him, and their lives are forever changed by a demanding, wealthy patron.","18",6.923,1847,41.5571,"2026-10-06"
698687,"Transformers One","2024-09-11","The untold origin story of Optimus Prime and Megatron, better known as sworn enemies, but once were friends bonded like brothers who changed the fate of Cybertron forever.","16|878|12|10751",7.976,1793,21.9596,"2026-10-06"
974635,"Hit Man","2024-05-16","A mild-mannered professor moonlighting as a fake hit man in police stings ignites a chain reaction of trouble when he falls for a potential client.","35|10749|80",6.8,1787,11.2957,"2026-10-06"
646097,"Rebel Ridge","2024-08-27","A former Marine confronts corruption in a small town when local law enforcement unjustly seizes the bag of cash he needs to post his cousin's bail.","80|28|53|18",6.966,1744,9.539,"2026-10-06"
1086747,"The Watchers","2024-06-06","A young artist gets stranded in an extensive, immaculate forest in western Ireland, where, after finding shelter, she becomes trapped alongside three strangers, stalked by mysterious creatures each night.","14|27|9648",6.3,1742,15.6175,"2026-10-06"
1041613,"Immaculate","2024-03-20","An American nun embarks on a new journey when she joins a remote convent in the Italian countryside. However, her warm welcome quickly turns into a living nightmare when she discovers her new home harbours a sinister secret and unspeakable horrors.","27|9648|53",6.204,1744,10.3404,"2026-10-06"
639720,"IF","2024-05-08","After discovering she can see everyone's imaginary friends, a girl embarks on a magical adventure to reconnect forgotten imaginary friends with their kids.","35|14|10751",6.937,1703,14.468,"2026-10-06"
614933,"Atlas","2024-05-23","A brilliant counterterrorism analyst with a deep distrust of AI discovers it might be her only hope when a mission to capture a renegade robot goes awry.","878|28",6.6,1661,10.0091,"2026-10-06"
1023922,"MaXXXine","2024-07-04","In 1980s Hollywood, adult film star and aspiring actress Maxine Minx finally gets her big break. But as a mysterious killer stalks the starlets of Hollywood, a trail of blood threatens to reveal her sinister past.","27",6.3,1642,16.455,"2026-10-06"
934632,"Rebel Moon - Part Two: The Scargiver","2024-04-19","The rebels gear up for battle against the ruthless forces of the Motherworld as unbreakable bonds are forged, heroes emerge — and legends are made.","878|28|12",6,1610,9.2101,"2026-10-06"
969492,"Land of Bad","2024-02-09","When a Delta Force special ops mission goes terribly wrong, Air Force drone pilot Reaper has 48 hours to remedy what has devolved into a wild rescue operation. With no weapons and no communication other than the drone above, the ground mission suddenly becomes a full-scale battle when the team is discovered by the enemy.","28|10752|53",7.283,1607,15.2857,"2026-10-06"
877817,"Wolfs","2024-09-20","Hired to cover up a high-profile crime, a fixer soon finds his night spiralling out of control when he's forced to work with an unexpected counterpart.","80|35",6.55,1594,11.3397,"2026-10-06"
365177,"Borderlands","2024-08-07","Returning to her home planet, an infamous bounty hunter forms an unexpected alliance with a team of unlikely heroes. Together, they battle monsters and dangerous bandits to protect a young girl who holds the key to unimaginable power.","28|878|35",5.5,1590,15.0237,"2026-10-06"
661539,"A Complete Unknown","2024-12-25","New York, early 1960s. Against the backdrop of a vibrant music scene and tumultuous cultural upheaval, an enigmatic 19-year-old from Minnesota arrives in the West Village with his guitar and revolutionary talent, destined to change the course of American music.","18|10402",7.061,1583,14.3513,"2026-10-06"
1013850,"A Real Pain","2024-11-01","Mismatched cousins David and Benji reunite for a tour through Poland to honor their beloved grandmother. The adventure takes a turn when the pair's old tensions resurface against the backdrop of their family history.","35|18",6.8,1543,16.7375,"2026-10-06"
560016,"Monkey Man","2024-04-03","Kid is an anonymous young man who ekes out a meager living in an underground fight club where, night after night, wearing a gorilla mask, he is beaten bloody by more popular fighters for cash. After years of suppressed rage, Kid discovers a way to infiltrate the enclave of the city’s sinister elite. As his childhood trauma boils over, his mysteriously scarred hands unleash an explosive campaign of retribution to settle the score with the men who took everything from him.","53|80|28",6.9,1541,13.3626,"2026-10-06"
280180,"Beverly Hills Cop: Axel F","2024-06-20","Forty years after his unforgettable first case in Beverly Hills, Detroit cop Axel Foley returns to do what he does best: solve crimes and cause chaos.","28|35|80",6.625,1534,9.683,"2026-10-06"
955916,"Lift","2024-01-10","An international heist crew, led by Cyrus Whitaker, race to lift $500 million in gold from a passenger plane at 40,000 feet.","28|35|80",6.434,1515,8.4781,"2026-10-06"
748783,"The Garfield Movie","2024-04-30","Garfield, the world-famous, Monday-hating, lasagna-loving indoor cat, is about to have a wild outdoor adventure! After an unexpected reunion with his long-lost father – scruffy street cat Vic – Garfield and his canine friend Odie are forced from their perfectly pampered life into joining Vic in a hilarious, high-stakes heist.","12|16|35|10751",6.941,1516,19.4959,"2026-10-06"
719221,"Tarot","2024-05-01","When a group of friends recklessly violate the sacred rule of Tarot readings, they unknowingly unleash an unspeakable evil trapped within the cursed cards. One by one, they come face to face with fate and end up in a race against death.","27",6.3,1471,8.8387,"2026-10-06"
437342,"The First Omen","2024-04-03","When a young American woman is sent to Rome to begin a life of service to the church, she encounters a darkness that causes her to question her own faith and uncovers a terrifying conspiracy that hopes to bring about the birth of evil incarnate.","27",6.79,1414,15.3792,"2026-10-06"
1100099,"We Live in Time","2024-10-10","An up-and-coming chef and a recent divorcée find their lives forever changed when a chance encounter brings them together, in a decade-spanning, deeply moving romance.","10749|18",7.2,1409,13.6407,"2026-10-06"
1029955,"Kinds of Kindness","2024-05-30","A triptych fable following a man without choice who tries to take control of his own life; a policeman who is alarmed that his wife who was missing-at-sea has returned and seems a different person; and a woman determined to find a specific someone with a special ability, who is destined to become a prodigious spiritual leader.","35|18",6.479,1372,12.648,"2026-10-06"
957452,"The Crow","2024-08-21","Soulmates Eric and Shelly are brutally murdered when the demons of her dark past catch up with them. Given the chance to save his true love by sacrificing himself, Eric sets out to seek merciless revenge on their killers, traversing the worlds of the living and the dead to put the wrong things right.","28|14|27",5.77,1352,12.5534,"2026-10-06"
1097549,"Babygirl","2024-12-25","A high-powered CEO puts her career and family on the line when she begins a torrid affair with her much younger intern.","10749|53",5.733,1304,16.0442,"2026-10-06"
956842,"Fly Me to the Moon","2024-07-10","Sparks fly in all directions as marketing maven Kelly Jones, brought in to fix NASA's public image, wreaks havoc on Apollo 11 launch director Cole Davis' already difficult task of putting a man on the moon. When the White House deems the mission too important to fail, Jones is directed to stage a fake moon landing as backup, and the countdown truly begins.","10749|35",6.794,1237,13.073,"2026-10-06"
704239,"The Union","2024-08-15","A New Jersey construction worker goes from regular guy to aspiring spy when his long-lost high school sweetheart recruits him for an espionage mission.","28|35",6.044,1235,9.3182,"2026-10-06"
1008409,"The Bikeriders","2024-06-19","After a chance encounter, headstrong Kathy is drawn to Benny, member of Midwestern motorcycle club the Vandals. As the club transforms into a dangerous underworld of violence, Benny must choose between Kathy and his loyalty to the club.","80|18",6.686,1234,11.9458,"2026-10-06"
1096197,"No Way Up","2024-01-18","Characters from different backgrounds are thrown together when the plane they're travelling on crashes into the Pacific Ocean. A nightmare fight for survival ensues with the air supply running out and dangers creeping in from all sides.","53|27|28",6.219,1149,7.3673,"2026-10-06"
1064028,"Subservience","2024-08-15","With his wife out sick, a struggling father brings home a lifelike AI, only to have his self-aware new help want everything her new family has to offer... Like the affection of her owner and she'll kill to get it.","27|878|53",6.644,1128,17.6023,"2026-10-06"
636706,"Spaceman","2024-02-23","Six months into a solo mission, a lonely astronaut confronts the cracks in his marriage with help from a mysterious creature he discovers on his ship.","878|12|18",6.691,1128,8.0237,"2026-10-06"
835113,"Woman of the Hour","2024-10-03","An aspiring actress crosses paths with a prolific serial killer in '70s LA when they're cast on an episode of ""The Dating Game.""","80|18|53",6.388,1115,8.3493,"2026-10-06"
1063877,"Don't Move","2024-10-24","A grieving woman in a secluded forest encounters a killer who injects her with a paralytic drug. As her body shuts down, her fight for survival begins.","27|53",6.318,1073,8.5843,"2026-10-06"
592831,"Megalopolis","2024-09-25","In a futuristic New York known as New Rome, visionary architect Cesar Catilina dreams of building ""Megalopolis,"" a utopian city that redefines society’s limits. Opposing him is the corrupt Mayor Franklyn Cicero, who clings to power and profit. Between them stands Julia, the mayor’s daughter, whose love for Cesar forces her to choose between loyalty, ambition, and the fate of humanity.","878|18|14",5.149,1066,9.6087,"2026-10-06"
1035048,"Elevation","2024-11-07","Post-apocalyptic survivors find refuge in the Rocky Mountains to hide from giant, insect-like creatures that can't live above 8,000 feet. However, when one of them needs life-saving supplies, they risk it all to venture into the danger zone.","28|878|53",6.4,1065,9.3308,"2026-10-06"
1029281,"Strange Darling","2024-08-22","Nothing is what it seems when a twisted one-night stand spirals into a serial killer’s vicious murder spree.","80|53|27",6.861,1061,10.9766,"2026-10-06"
1014590,"Upgraded","2024-02-07","Ana is an ambitious intern dreaming of a career in the art world while trying to impress her demanding boss Claire. When she's upgraded to first class on a work trip, she meets handsome Will, and Ana pretends to be her boss– a white lie that sets off a glamorous chain of events, romance and opportunity, until her fib threatens to surface.","10749|35",7.181,1058,7.6827,"2026-10-06"
1182047,"The Apprentice","2024-10-09","A young Donald Trump, eager to make his name as a hungry scion of a wealthy family in 1970s New York, comes under the spell of Roy Cohn, the cutthroat attorney who would help create the Donald Trump we know today. Cohn sees in Trump the perfect protégé—someone with raw ambition, a hunger for success, and a willingness to do whatever it takes to win.","36|18|35",6.837,1055,11.3734,"2026-10-06"
948549,"Love Lies Bleeding","2024-03-07","Reclusive gym manager Lou falls hard for Jackie, an ambitious bodybuilder headed through town to Las Vegas in pursuit of her dream. But their love ignites violence, pulling them deep into the web of Lou’s criminal family.","80|10749|53",6.571,1042,15.2602,"2026-10-06"
802219,"Bob Marley: One Love","2024-02-14","Jamaican singer-songwriter Bob Marley overcomes adversity to become the most famous reggae musician in the world.","10402|36|18",6.573,1022,8.2328,"2026-10-06"
618588,"Arthur the King","2024-02-22","Over the course of ten days and 435 miles, an unbreakable bond is forged between pro adventure racer Michael Light and a scrappy street dog companion dubbed Arthur. As the team is pushed to their outer limits of endurance in the race, Arthur redefines what victory, loyalty and friendship truly mean.","12|18",7.524,1001,11.7417,"2026-10-06"
1026436,"Miller's Girl","2024-01-18","A talented young writer embarks on a creative odyssey when her teacher assigns a project that entangles them both.","53|18|10749",6.294,983,7.9597,"2026-10-06"
748167,"Uglies","2024-09-12","In a futuristic dystopia with enforced beauty standards, a teen awaiting mandatory cosmetic surgery embarks on a journey to find her missing friend.","878|12|28",5.684,980,4.5772,"2026-10-06"
1051896,"Arcadian","2024-04-12","In the near future, on a decimated Earth, Paul and his twin sons face terror at night when ferocious creatures awaken. When Paul is nearly killed, the boys come up with a plan for survival, using everything their father taught them to keep him alive.","28|27|878",6.047,973,8.3055,"2026-10-06"
1082195,"The Order","2024-12-05","A string of violent robberies in the Pacific Northwest leads veteran FBI agent Terry Husk into a white supremacist plot to overthrow the federal government.","80|18|53",6.6,971,11.3066,"2026-10-06"
839033,"The Lord of the Rings: The War of the Rohirrim","2024-12-05","A sudden attack by Wulf, a clever and traitorous lord of Rohan seeking vengeance for the death of his father, forces Helm Hammerhand, the King of Rohan, and his people to make a daring last stand in the ancient stronghold of the Hornburg.","16|14|12|28",6.5,955,15.9754,"2026-10-06"
799766,"Better Man","2024-12-06","Follow Robbie Williams' journey from childhood, to being the youngest member of chart-topping boyband Take That, through to his unparalleled achievements as a record-breaking solo artist – all the while confronting the challenges that stratospheric fame and success can bring.","10402|18",7.624,941,10.1392,"2026-10-06"
1216191,"Oddity","2024-07-19","After the brutal murder of her twin sister, Darcy goes after those responsible by using haunted items as her tools for revenge.","27|9648",6.691,923,7.6424,"2026-10-06"
1072342,"Night Swim","2024-01-03","Forced into early retirement by a degenerative illness, former baseball player Ray Waller moves into a new house with his wife and two children. He hopes that the backyard swimming pool will be fun for the kids and provide physical therapy for himself. However, a dark secret from the home's past soon unleashes a malevolent force that drags the family into the depths of inescapable terror.","27",5.485,906,13.4937,"2026-10-06"
882059,"Boy Kills World","2024-04-24","When his family is murdered, a deaf-mute named Boy escapes to the jungle and is trained by a mysterious shaman to repress his childish imagination and become an instrument of death.","80|53|28",6.661,892,8.1491,"2026-10-06"
1061474,"Superman","2025-07-09","Superman, a journalist in Metropolis, embarks on a journey to reconcile his Kryptonian heritage with his human upbringing as Clark Kent.","878|12|28",7.322,5547,40.0243,"2026-10-06"
1233413,"Sinners","2025-04-16","Trying to leave their troubled lives behind, twin brothers return to their hometown to start again, only to discover that an even greater evil is waiting to welcome them back.","27|28|53",7.512,5271,48.1548,"2026-10-06"
911430,"F1","2025-06-25","Racing legend Sonny Hayes is coaxed out of retirement to lead a struggling Formula 1 team—and mentor a young hotshot driver—while chasing one more chance at glory.","28|18",7.826,4772,39.8227,"2026-10-06"
83533,"Avatar: Fire and Ash","2025-12-17","In the wake of the devastating war against the RDA and the loss of their eldest son, Jake Sully and Neytiri face a new threat on Pandora: the Ash People, a violent and power-hungry Na'vi tribe led by the ruthless Varang. Jake's family must fight for their survival and the future of Pandora in a conflict that pushes them to their emotional and physical limits.","878|12|14",7.648,4446,79.6223,"2026-10-06"
1054867,"One Battle After Another","2025-09-23","Washed-up revolutionary Bob exists in a state of stoned paranoia, surviving off-grid with his spirited, self-reliant daughter, Willa. When his evil nemesis resurfaces after 16 years and she goes missing, the former radical scrambles to find her, father and daughter both battling the consequences of his past.","53|80|35",7.336,4349,26.7854,"2026-10-06"
950396,"The Gorge","2025-02-13","Two highly trained operatives grow close from a distance after being sent to guard opposite sides of a mysterious gorge. When an evil below emerges, they must work together to survive what lies within.","10749|878|53",7.702,4263,30.1086,"2026-10-06"
986056,"Thunderbolts*","2025-04-30","After finding themselves ensnared in a death trap, seven disillusioned castoffs must embark on a dangerous mission that will force them to confront the darkest corners of their pasts.","28|878|12",7.3,4133,37.3015,"2026-10-06"
1078605,"Weapons","2025-08-04","When all but one child from the same class mysteriously vanish on the same night at exactly the same time, a community is left questioning who or what is behind their disappearance.","27|9648",7.265,4050,33.2594,"2026-10-06"
696506,"Mickey 17","2025-02-28","Unlikely hero Mickey Barnes finds himself in the extraordinary circumstance of working for an employer who demands the ultimate commitment to the job… to die, for a living.","878|35|12",6.82,4040,25.7721,"2026-10-06"
617126,"The Fantastic 4: First Steps","2025-07-23","Against the vibrant backdrop of a 1960s-inspired, retro-futuristic world, Marvel's First Family is forced to balance their roles as heroes with the strength of their family bond, while defending Earth from a ravenous space god called Galactus and his enigmatic Herald, Silver Surfer.","878|12|28",6.94,3958,40.7082,"2026-10-06"
1062722,"Frankenstein","2025-10-17","Dr. Victor Frankenstein, a brilliant but egotistical scientist, brings a creature to life in a monstrous experiment that ultimately leads to the undoing of both the creator and his tragic creation.","18|14|27",7.61,3911,23.6084,"2026-10-06"
1234821,"Jurassic World Rebirth","2025-06-23","Five years after the events of Jurassic World Dominion, covert operations expert Zora Bennett is contracted to lead a skilled team on a top-secret mission to secure genetic material from the world's three most massive dinosaurs. When Zora's operation intersects with a civilian family whose boating expedition was capsized, they all find themselves stranded on an island where they come face-to-face with a sinister, shocking discovery that's been hidden from the world for decades.","878|12|28",6.3,3817,40.2456,"2026-10-06"
1242898,"Predator: Badlands","2025-11-05","Cast out from his clan, a young Predator finds an unlikely ally in a damaged android and embarks on a treacherous journey in search of the ultimate adversary.","28|878|12",7.8,3747,44.9734,"2026-10-06"
1084242,"Zootopia 2","2025-11-26","After cracking the biggest case in Zootopia's history, rookie cops Judy Hopps and Nick Wilde find themselves on the twisting trail of a great mystery when Gary De'Snake arrives and turns the animal metropolis upside down. To crack the case, Judy and Nick must go undercover to unexpected new parts of town, where their growing partnership is tested like never before.","16|12|35|9648|10751",7.7,3515,90.9081,"2026-10-06"
822119,"Captain America: Brave New World","2025-02-12","After meeting with newly elected U.S. President Thaddeus Ross, Sam finds himself in the middle of an international incident. He must discover the reason behind a nefarious global plot before the true mastermind has the entire world seeing red.","28|53|878",5.959,3484,30.6871,"2026-10-06"
950387,"A Minecraft Movie","2025-03-31","Four misfits find themselves struggling with ordinary problems when they are suddenly pulled through a mysterious portal into the Overworld: a bizarre, cubic wonderland that thrives on imagination. To get back home, they'll have to master this world while embarking on a magical quest with an unexpected, expert crafter, Steve.","10751|14|35|12",6.2,3337,33.8154,"2026-10-06"
803796,"KPop Demon Hunters","2025-06-20","When K-pop superstars Rumi, Mira and Zoey aren't selling out stadiums, they're using their secret powers to protect their fans from supernatural threats.","14|10402|35|16",7.991,3257,39.4407,"2026-10-06"
575265,"Mission: Impossible - The Final Reckoning","2025-05-17","Ethan Hunt and team continue their search for the terrifying AI known as the Entity — which has infiltrated intelligence networks all over the globe — with the world's governments and a mysterious ghost from Hunt's past on their trail. Joined by new allies and armed with the means to shut the Entity down for good, Hunt is in a race against time to prevent the world as we know it from changing forever.","28|53|12",7.17,3211,39.3311,"2026-10-06"
1368166,"The Housemaid","2025-12-18","Trying to escape her past, Millie Calloway accepts a job as a live-in housemaid for the wealthy Nina and Andrew Winchester. But what begins as a dream job quickly unravels into something far more dangerous—a sexy, seductive game of secrets, scandal, and power.","9648|53",7.3,3166,47.8795,"2026-10-06"
1087192,"How to Train Your Dragon","2025-06-06","On the rugged isle of Berk, where Vikings and dragons have been bitter enemies for generations, Hiccup stands apart, defying centuries of tradition when he befriends Toothless, a feared Night Fury dragon. Their unlikely bond reveals the true nature of dragons, challenging the very foundations of Viking society.","14|10751|28|12",7.9,3162,33.3602,"2026-10-06"
574475,"Final Destination Bloodlines","2025-05-14","Plagued by a violent recurring nightmare, college student Stefanie heads home to track down the one person who might be able to break the cycle and save her family from the grisly demise that inevitably awaits them all.","27|9648",7,3157,27.0418,"2026-10-06"
1100988,"28 Years Later","2025-06-18","Twenty-eight years after the Rage virus outbreak, a heavily-defended island survives connected to the mainland by a single causeway. When one of the group leaves the island into the dark heart of the mainland, he discovers secrets, wonders, and horrors that have mutated not only the infected but other survivors as well.","27|53|878",6.6,3028,33.8349,"2026-10-06"
541671,"Ballerina","2025-06-04","Taking place during the events of John Wick: Chapter 3 – Parabellum, Eve Macarro begins her training in the assassin traditions of the Ruska Roma.","28|53|80",7.267,3018,21.9011,"2026-10-06"
812583,"Wake Up Dead Man: A Knives Out Mystery","2025-11-26","When young priest Jud Duplenticy is sent to assist charismatic firebrand Monsignor Jefferson Wicks, it’s clear that all is not well in the pews. After a sudden and seemingly impossible murder rocks the town, the lack of an obvious suspect prompts local police chief Geraldine Scott to join forces with renowned detective Benoit Blanc to unravel a mystery that defies all logic.","53|9648|35",7.2,2935,21.4275,"2026-10-06"
1084199,"Companion","2025-01-22","During a weekend getaway at a secluded lakeside estate, a group of friends finds themselves entangled in a web of secrets, deception, and advanced technology. As tensions rise and loyalties are tested, they uncover unsettling truths about themselves and the world around them.","27|878|53",7,2692,19.2217,"2026-10-06"
701387,"Bugonia","2025-10-23","Two conspiracy obsessed young men kidnap the high-powered CEO of a major company, convinced that she is an alien intent on destroying planet Earth.","878|53|35",7.291,2473,19.9496,"2026-10-06"
552524,"Lilo & Stitch","2025-05-17","The wildly funny and touching story of a lonely Hawaiian girl and the fugitive alien who helps to mend her broken family.","10751|878|35",7.181,2309,37.644,"2026-10-06"
1317288,"Marty Supreme","2025-12-19","Marty Mauser, a young man with a dream no one respects, goes to hell and back in pursuit of greatness.","18|53",7.4,2254,27.2262,"2026-10-06"
1038392,"The Conjuring: Last Rites","2025-09-03","Paranormal investigators Ed and Lorraine Warren take on one last terrifying case involving mysterious entities they must confront.","27",6.9,2165,24.1307,"2026-10-06"
1197306,"A Working Man","2025-03-26","Levon Cade left behind a decorated military career in the black ops to live a simple life working construction. But when his boss's daughter, who is like family to him, is taken by human traffickers, his search to bring her home uncovers a world of corruption far greater than he ever could have imagined.","28|80|53",6.677,2111,32.0946,"2026-10-06"
798645,"The Running Man","2025-11-11","Desperate to save his sick daughter, working-class Ben Richards is convinced by The Running Man's charming but ruthless producer to enter the deadly competition game as a last resort. But Ben's defiance, instincts, and grit turn him into an unexpected fan favorite — and a threat to the entire system. As ratings skyrocket, so does the danger, and Ben must outwit not just the Hunters, but a nation addicted to watching him fall.","28|53|878",6.718,2026,35.2663,"2026-10-06"
1035259,"The Naked Gun","2025-07-30","Only one man has the particular set of skills... to lead Police Squad and save the world: Lt. Frank Drebin Jr. Following in his father's footsteps, he must solve a murder case to prevent Police Squad from closure.","35|80|28",6.347,2014,26.8004,"2026-10-06"
604079,"The Long Walk","2025-09-10","In a dystopian 1970s America, fifty teenage boys take part in a deadly annual walking contest, forced to maintain a minimum pace or be executed, until only one survivor remains.","878|53|27",6.8,2002,21.8168,"2026-10-06"
1151031,"Bring Her Back","2025-05-19","Following the death of their father, a brother and sister are sent to live with a foster mother, only to learn that she is hiding a terrifying secret.","27",7.3,1989,23.2158,"2026-10-06"
870028,"The Accountant²","2025-04-23","When an old acquaintance is murdered, Wolff is compelled to solve the case. Realizing more extreme measures are necessary, Wolff recruits his estranged and highly lethal brother, Brax, to help. In partnership with Marybeth Medina, they uncover a deadly conspiracy, becoming targets of a ruthless network of killers who will stop at nothing to keep their secrets buried.","9648|80|53",7.077,1971,24.6352,"2026-10-06"
1007734,"Nobody 2","2025-08-13","Former assassin Hutch Mansell takes his family on a nostalgic vacation to a small-town theme park, only to be pulled back into violence when they clash with a corrupt operator, a crooked sheriff, and a ruthless crime boss.","28|53|80",6.911,1887,23.1078,"2026-10-06"
425274,"Now You See Me: Now You Don't","2025-11-12","The original Four Horsemen reunite with a new generation of illusionists to take on powerful diamond heiress Veronika Vanderberg, who leads a criminal empire built on money laundering and trafficking. The new and old magicians must overcome their differences to work together on their most ambitious heist yet.","80|53",6.438,1868,33.1282,"2026-10-06"
777443,"The Electric State","2025-02-24","An orphaned teen hits the road with a mysterious robot to find her long-lost brother, teaming up with a smuggler and his wisecracking sidekick.","28|12|878",6.5,1835,18.3232,"2026-10-06"
1087891,"The Amateur","2025-04-09","After his life is turned upside down when his wife is killed in a London terrorist attack, a brilliant but introverted CIA decoder takes matters into his own hands when his supervisors refuse to take action.","53|28",6.925,1816,23.334,"2026-10-06"
1195506,"Novocaine","2025-03-03","When the girl of his dreams is kidnapped, everyman Nate turns his inability to feel pain into an unexpected strength in his fight to get her back.","28|35|53",6.8,1810,10.3978,"2026-10-06"
447273,"Snow White","2025-03-19","Following the benevolent King's disappearance, the Evil Queen dominated the once fair land with a cruel streak. Princess Snow White flees the castle when the Queen, in her jealousy over Snow White's inner beauty, tries to kill her. Deep into the dark woods, she stumbles upon seven magical dwarves and a young bandit named Jonathan. Together, they strive to survive the Queen's relentless pursuit and aspire to take back the kingdom.","10751|14",4.2,1757,23.6851,"2026-10-06"
533533,"TRON: Ares","2025-10-08","A highly sophisticated Program called Ares is sent from the digital world into the real world on a dangerous mission, marking humankind's first encounter with A.I. beings.","878|12|28",6.453,1665,17.6977,"2026-10-06"
858024,"Hamnet","2025-11-26","The powerful story of love and loss that inspired the creation of Shakespeare's timeless masterpiece, Hamlet.","18|10749",7.718,1663,14.7672,"2026-10-06"
1241436,"Warfare","2025-04-09","A platoon of Navy SEALs embarks on a dangerous mission in Ramadi, Iraq, with the chaos and brotherhood of war retold through their memories of the event.","10752|28",7,1645,13.5194,"2026-10-06"
1232546,"Until Dawn","2025-04-23","One year after her sister Melanie mysteriously disappeared, Clover and her friends head into the remote valley where she vanished in search of answers. Exploring an abandoned visitor center, they find themselves stalked by a masked killer and horrifically murdered one by one...only to wake up and find themselves back at the beginning of the same evening.","27|9648",6.25,1615,17.6291,"2026-10-06"
993710,"Back in Action","2025-01-15","Fifteen years after vanishing from the CIA to start a family, elite spies Matt and Emily jump back into the world of espionage when their cover is blown.","28|35",6.423,1589,15.6635,"2026-10-06"
1071585,"M3GAN 2.0","2025-06-25","After the underlying tech for M3GAN is stolen and misused by a powerful defense contractor to create a military-grade weapon known as Amelia, M3GAN's creator Gemma realizes that the only option is to resurrect M3GAN and give her a few upgrades, making her faster, stronger, and more lethal.","28|878|53",7.137,1518,15.9021,"2026-10-06"
1234731,"Anaconda","2025-12-24","A group of friends facing mid-life crises head to the rainforest with the intention of remaking their favorite movie from their youth, only to find themselves in a fight for their lives against natural disasters, giant snakes and violent criminals.","12|35|27",5.797,1489,14.995,"2026-10-06"
1124620,"The Monkey","2025-02-10","When twin brothers find a mysterious wind-up monkey, a series of outrageous deaths tear their family apart. Twenty-five years later, the monkey begins a new killing spree forcing the estranged brothers to confront the cursed toy.","27|35",5.986,1481,29.0532,"2026-10-06"
1214931,"Nuremberg","2025-11-06","In postwar Germany, an American psychiatrist must determine whether Nazi prisoners are fit to go on trial for war crimes, and finds himself in a complex battle of intellect and ethics with Hermann Göring, Hitler's right-hand man.","36|18",7.6,1461,12.277,"2026-10-06"
1136867,"Materialists","2025-06-12","A young, ambitious New York City matchmaker finds herself torn between the perfect match and her imperfect ex.","10749|18",6.277,1455,20.8648,"2026-10-06"
1290159,"A House of Dynamite","2025-10-02","When a single, unattributed missile is launched at the United States, a race begins to determine who is responsible and how to respond.","53|18",6.399,1413,13.8988,"2026-10-06"
1233575,"Black Bag","2025-03-12","When intelligence agent Kathryn Woodhouse is suspected of betraying the nation, her husband – also a legendary agent – faces the ultimate test of whether to be loyal to his marriage, or his country.","18|9648|53",6.375,1400,20.6357,"2026-10-06"
1242011,"Together","2025-07-14","Years into their relationship, Tim and Millie find themselves at a crossroads as they move to the country, abandoning all that is familiar in their lives except each other. With tensions already flaring, a nightmarish encounter with a mysterious, unnatural force threatens to corrupt their lives, their love, and their flesh.","27|10749",6.906,1389,11.054,"2026-10-06"
1197137,"Black Phone 2","2025-10-15","Four years after defeating The Grabber, Finney Blake is struggling with life after captivity. When his younger sister Gwen begins receiving calls in her dreams from the Black Phone and seeing disturbing visions of three boys being stalked at a winter camp, the siblings become determined to solve the mystery and confront a killer who has grown more powerful in death and more significant to them than either could imagine.","27|53",6.6,1372,19.9094,"2026-10-06"
1376434,"Predator: Killer of Killers","2025-06-05","While three of the fiercest warriors in human history—a Viking raider, a ninja in feudal Japan, and a WWII pilot—are killers in their own right, they are merely prey for their new opponent: the ultimate killer of killers.","16|28|878|53",7.8,1351,12.0115,"2026-10-06"
668489,"Havoc","2025-04-25","When a drug heist swerves lethally out of control, a jaded cop fights his way through a corrupt city's criminal underworld to save a politician's son.","28|80|53|18",6.398,1351,9.1119,"2026-10-06"
1011477,"Karate Kid: Legends","2025-05-08","After a family tragedy, kung fu prodigy Li Fong is uprooted from his home in Beijing and forced to move to New York City with his mother. When a new friend needs his help, Li enters a karate competition – but his skills alone aren't enough. Li's kung fu teacher Mr. Han enlists original Karate Kid Daniel LaRusso for help, and Li learns a new way to fight, merging their two styles into one for the ultimate martial arts showdown.","28|12|18",6.97,1318,38.7017,"2026-10-06"
842924,"The Life of Chuck","2025-06-02","In this extraordinary story of an ordinary man, Charles 'Chuck' Krantz experiences the wonder of love, the heartbreak of loss, and the multitudes contained in all of us.","14|18",7.279,1317,10.7671,"2026-10-06"
1126166,"Flight Risk","2025-01-22","A pilot transports a U.S. Marshal accompanying a government witness to a trial in New York. As they cross the Alaskan wilderness, tensions soar and trust is tested, as not everyone on board is who they seem.","28|53",5.903,1243,13.6719,"2026-10-06"
1241983,"Train Dreams","2025-11-05","A logger leads a life of quiet grace as he experiences love and loss during an era of monumental change in early 20th-century America.","18",7.313,1208,12.1566,"2026-10-06"
1228246,"Five Nights at Freddy's 2","2025-12-03","One year since the supernatural nightmare at Freddy Fazbear's Pizza, the stories about what transpired there have been twisted into a campy local legend, inspiring the town's first ever Fazfest. With the truth kept from her, Abby sneaks out to reconnect with Freddy, Bonnie, Chica, and Foxy, setting into motion a terrifying series of events that will reveal dark secrets about the real origin of Freddy's, and unleash a decades-hidden horror.","27|53",6.6,1201,19.5385,"2026-10-06"
967941,"Wicked: For Good","2025-11-19","As an angry mob rises against the Wicked Witch, Glinda and Elphaba must unite one last time with honesty and empathy to fulfill their shared destiny and change the fate of Oz forever.","14|12|10749",6.6,1171,32.5695,"2026-10-06"
1245993,"Caught Stealing","2025-08-26","Burned-out ex-baseball player Hank Thompson unexpectedly finds himself embroiled in a dangerous struggle for survival amidst the criminal underbelly of late 1990s New York City, forced to navigate a treacherous underworld he never imagined.","80|53|35",6.831,1163,18.3727,"2026-10-06"
749170,"Heads of State","2025-06-24","The UK Prime Minister and US President have a public rivalry that risks their countries' alliance. But when they become targets of a powerful enemy, they're forced to rely on each other as they go on a wild, multinational run. Allied with Noel, a brilliant MI6 agent, they must find a way to thwart a conspiracy that threatens the free world.","28|53|35",6.819,1161,24.0333,"2026-10-06"
755898,"War of the Worlds","2025-07-29","Will Radford is a top analyst for Homeland Security who tracks potential threats through a mass surveillance program, until one day an attack by an unknown entity leads him to question whether the government is hiding something from him... and from the rest of the world.","878|53",4.039,1161,93.6788,"2026-10-06"
744653,"The Thursday Murder Club","2025-08-22","A group of senior sleuths passionate about solving cold cases get plunged into a real-life murder mystery in this comic crime caper.","35|9648|80",6.579,1159,11.0623,"2026-10-06"
1290879,"The Woman in Cabin 10","2025-10-09","On a lavish yacht for an assignment, a journalist sees a passenger go overboard. But when no one believes her, she risks her life to uncover the truth.","9648|53|80",6.161,1152,7.4746,"2026-10-06"
1022787,"Elio","2025-06-18","Elio, a space fanatic with an active imagination, finds himself on a cosmic misadventure where he must form new bonds with eccentric alien lifeforms, navigate a crisis of intergalactic proportions and somehow discover who he is truly meant to be.","16|12|878|10751|35",6.9,1149,19.9109,"2026-10-06"
710295,"Wolf Man","2025-01-15","With his marriage fraying, Blake persuades his wife Charlotte to take a break from the city and visit his remote childhood home in rural Oregon. As they arrive at the farmhouse in the dead of night, they're attacked by an unseen animal and barricade themselves inside the home as the creature prowls the perimeter. But as the night stretches on, Blake begins to behave strangely, transforming into something unrecognizable.","27|53",6.1,1074,10.6208,"2026-10-06"
1263256,"Happy Gilmore 2","2025-07-25","Happy Gilmore isn't done with golf — not by a long shot. Since his retirement after his first Tour Championship win, Gilmore returns to finance his daughter's ballet classes.","35",6.481,1073,11.3053,"2026-10-06"
1242419,"Roofman","2025-10-06","A former Army Ranger and struggling father turns to robbing McDonald’s restaurants by cutting holes in their roofs, earning him the nickname ""Roofman."" After escaping prison, he secretly lives inside a Toys “R” Us for six months, surviving undetected while planning his next move. But when he falls for a divorced mom drawn to his undeniable charm, his double life begins to unravel, setting off a compelling and suspenseful game of cat and mouse as his past closes in.","80|35|18",7.1,1068,16.7067,"2026-10-06"
1137350,"The Phoenician Scheme","2025-05-23","Wealthy businessman Zsa-zsa Korda appoints his only daughter, a nun, as sole heir to his estate. As Korda embarks on a new enterprise, they soon become the target of scheming tycoons, foreign terrorists, and determined assassins.","35|12|80",6.518,1064,10.9583,"2026-10-06"
846422,"The Old Guard 2","2025-07-01","Andy and her team of immortal warriors fight with renewed purpose as they face a powerful new foe threatening their mission to protect humanity.","28|14",5.9,1061,15.489,"2026-10-06"
1208348,"Rental Family","2025-11-20","An American actor in Tokyo struggles to find purpose until he lands an unusual gig: working for a Japanese 'rental family' agency, playing stand-in roles for strangers. As he immerses himself in his clients' worlds, he begins to form genuine bonds that blur the lines between performance and reality.","35|18",7.684,1049,11.9856,"2026-10-06"
1098006,"Fountain of Youth","2025-05-19","A treasure-hunting mastermind assembles a team for a life-changing adventure. But to outwit and outrun threats at every turn, he'll need someone even smarter than he is: his estranged sister.","12|14|9648",6.236,1047,13.2349,"2026-10-06"
1426776,"STRAW","2025-06-05","What will be her last straw? A devastatingly bad day pushes a hardworking single mother to the breaking point — and into a shocking act of desperation.","53|18|80",7.684,1011,10.1124,"2026-10-06"
1249213,"Drop","2025-04-07","Violet, a widowed mother on her first date in years, arrives at an upscale restaurant where she is relieved that her date, Henry, is more charming and handsome than she expected. But their chemistry begins to curdle as Violet begins being irritated and then terrorized by a series of anonymous drops to her phone.","9648|53",6.3,980,12.5505,"2026-10-06"
648878,"Eddington","2025-07-16","In May of 2020, a standoff between a small-town sheriff and mayor sparks a powder keg as neighbor is pitted against neighbor in Eddington, New Mexico.","37|35|80",6.465,969,12.153,"2026-10-06"
1153714,"Death of a Unicorn","2025-03-17","A father and daughter accidentally hit and kill a unicorn while en route to a weekend retreat, where his billionaire boss seeks to exploit the creature’s miraculous curative properties.","27|14|35",6.389,940,31.1619,"2026-10-06"
1175942,"The Bad Guys 2","2025-07-24","The now-reformed Bad Guys are trying (very, very hard) to be good, but instead find themselves hijacked into a high-stakes, globe-trotting heist, masterminded by a new team of criminals they never saw coming: The Bad Girls.","10751|35|80|12|16|28",7.6,915,33.7194,"2026-10-06"
324544,"In the Lost Lands","2025-02-27","A queen sends the powerful and feared sorceress Gray Alys to the ghostly wilderness of the Lost Lands in search of a magical power, where she and her guide, the drifter Boyce, must outwit and outfight both man and demon.","28|14|37|12|27",6.34,895,13.7599,"2026-10-06"
1083433,"I Know What You Did Last Summer","2025-07-16","When five friends inadvertently cause a deadly car accident, they cover up their involvement and make a pact to keep it a secret rather than face the consequences. A year later, their past comes back to haunt them and they're forced to confront a horrifying truth: someone knows what they did last summer…and is hell-bent on revenge.","27|53|9648",5.595,893,14.3486,"2026-10-06"
1259102,"Eternity","2025-11-10","In an afterlife where souls have one week to decide where to spend eternity, Joan is faced with the impossible choice between the man she spent her life with and her first love, who died young and has waited decades for her to arrive.","10749|35|18",7.115,874,14.669,"2026-10-06"
604685,"Den of Thieves 2: Pantera","2025-01-08","Big Nick is back on the hunt in Europe and closing in on Donnie, who is embroiled in the treacherous and unpredictable world of diamond thieves and the infamous Panther mafia, as they plot a massive heist of the world's largest diamond exchange.","28|80|53",6.59,873,10.1341,"2026-10-06"
1114967,"Good Fortune","2025-10-14","A well-meaning but rather inept angel named Gabriel meddles in the lives of a struggling gig worker and a wealthy capitalist.","35|14",6.859,853,11.4684,"2026-10-06"
1236470,"The Lost Bus","2025-09-19","A determined father risks everything to rescue a dedicated teacher and her students from a raging wildfire.","18|53",7,846,15.3953,"2026-10-06"
1140535,"Presence","2025-01-17","A couple and their children move into a seemingly normal suburban home. When strange events occur, they begin to believe there is something else in the house with them. The presence is about to disrupt their lives in unimaginable ways.","27|53|18",6.1,825,7.4211,"2026-10-06"
1125257,"Freakier Friday","2025-08-06","Years after Tess and Anna endured an identity crisis, Anna now has a daughter of her own and a soon-to-be stepdaughter. As they navigate the myriad challenges that come when two families merge, Tess and Anna discover lightning might indeed strike twice.","35|14|10751",6.753,808,15.7109,"2026-10-06"
1267905,"The Roses","2025-08-27","Life seems easy for picture-perfect couple Ivy and Theo: successful careers, a loving marriage, great kids. But beneath the façade of their supposed ideal life, a storm is brewing – as Theo's career nosedives while Ivy's own ambitions take off, a tinderbox of fierce competition and hidden resentment ignites.","35|18|10749",6.64,792,15.2744,"2026-10-06"
1042834,"Eden","2025-04-03","A group of disillusioned outsiders abandon modern society in search of a new beginning. Settling on a remote, uninhabited island, their utopian dream quickly unravels as they discover that the greatest threat isn’t the brutal climate or deadly wildlife, but each other.","53|18",6.683,760,9.7081,"2026-10-06"
1422096,"Good Boy","2025-10-01","A loyal dog moves to a rural family home with his owner Todd, only to discover supernatural forces lurking in the shadows. As dark entities threaten his human companion, the brave pup must fight to protect the one he loves most.","27",6.6,754,12.0357,"2026-10-06"
1285965,"Dangerous Animals","2025-06-05","A savvy and free-spirited surfer is abducted by a shark-obsessed serial killer. Held captive on his boat, she must figure out how to escape before he carries out a ritualistic feeding to the sharks below.","27|53",6.5,740,11.0442,"2026-10-06"
941109,"Play Dirty","2025-09-30","Expert thief Parker gets a shot at a major heist, but to pull it off he and his team must outsmart a South American dictator, the New York mob, and the world's richest man.","80|28|53",6.571,724,19.7019,"2026-10-06"
1045938,"G20","2025-04-10","After the G20 Summit is overtaken by terrorists, President Danielle Sutton must bring all her statecraft and military experience to defend her family and her fellow leaders.","28|9648|18",6.3,720,4.9216,"2026-10-06"
760329,"The Smashing Machine","2025-10-01","In the late 1990s, up-and-coming mixed martial artist Mark Kerr aspires to become the greatest fighter in the world. However, he must also battle his opioid dependence and a volatile relationship with his girlfriend Dawn.","18|36|28",6.353,720,13.7449,"2026-10-06"
972533,"Last Breath","2025-02-24","Seasoned deep-sea divers battle the raging elements to rescue their crewmate trapped hundreds of feet below the ocean's surface.","53|18",6.855,707,12.4592,"2026-10-06"
1248226,"Playdate","2025-11-04","When out-of-work accountant Brian joins stay-at-home dad Jeff for a playdate with their sons, he expects a laid-back afternoon. Instead, they're chased by mercenaries, and Brian—totally unprepared—must survive one absurd obstacle after another.","28|35",6.2,699,17.6038,"2026-10-06"
1125899,"Cleaner","2025-02-19","When a group of radical activists take over an energy company's annual gala, seizing 300 hostages, an ex-soldier turned window cleaner suspended 50 storeys up on the outside of the building must save those trapped inside, including her older brother.","28|53",6.6,680,7.3177,"2026-10-06"
1119878,"Ice Road: Vengeance","2025-06-27","Big rig ice road driver Mike McCann travels to Nepal to scatter his late brother’s ashes on Mt. Everest. While on a packed tour bus traversing the deadly 12,000 ft. terrain of the infamous Road to the Sky, McCann and his mountain guide encounter a group of mercenaries and must fight to save themselves, the busload of innocent travelers, and the local villagers’ homeland.","28|53|18",6.223,678,19.8838,"2026-10-06"
