"movie_id","actor_id","actor_name","billing"
272,3894,"Christian Bale",0
272,3895,"Michael Caine",1
272,3896,"Liam Neeson",2
272,3897,"Katie Holmes",3
272,64,"Gary Oldman",4
674,10980,"Daniel Radcliffe",0
674,10989,"Rupert Grint",1
674,10990,"Emma Watson",2
674,2039,"Brendan Gleeson",3
674,5658,"Michael Gambon",4
118,85,"Johnny Depp",0
118,1281,"Freddie Highmore",1
118,1282,"David Kelly",2
118,1283,"Helena Bonham Carter",3
118,1284,"Noah Taylor",4
1895,17244,"Hayden Christensen",0
1895,3061,"Ewan McGregor",1
1895,524,"Natalie Portman",2
1895,27762,"Ian McDiarmid",3
1895,2231,"Samuel L. Jackson",4
953,7399,"Ben Stiller",0
953,2632,"Chris Rock",1
953,14409,"David Schwimmer",2
953,9575,"Jada Pinkett Smith",3
953,6730,"Sacha Baron Cohen",4
411,5526,"Georgie Henley",0
411,5527,"Skandar Keynes",1
411,5528,"William Moseley",2
411,5529,"Anna Popplewell",3
411,3063,"Tilda Swinton",4
787,11701,"Angelina Jolie",0
787,287,"Brad Pitt",1
787,4937,"Vince Vaughn",2
787,11702,"Adam Brody",3
787,11703,"Kerry Washington",4
3933,85,"Johnny Depp",0
3933,1283,"Helena Bonham Carter",1
3933,1639,"Emily Watson",2
3933,30364,"Tracey Ullman",3
3933,34900,"Paul Whitehouse",4
9738,65524,"Ioan Gruffudd",0
9738,56731,"Jessica Alba",1
9738,16828,"Chris Evans",2
9738,19654,"Michael Chiklis",3
9738,20402,"Julian McMahon",4
74,500,"Tom Cruise",0
74,501,"Dakota Fanning",1
74,502,"Miranda Otto",2
74,503,"Justin Chatwin",3
74,504,"Tim Robbins",4
187,62,"Bruce Willis",0
187,56731,"Jessica Alba",1
187,2296,"Clive Owen",2
187,2295,"Mickey Rourke",3
187,585,"Rutger Hauer",4
4348,116,"Keira Knightley",0
4348,15576,"Matthew Macfadyen",1
4348,4154,"Brenda Blethyn",2
4348,10882,"Rosamund Pike",3
4348,36662,"Carey Mulligan",4
254,3489,"Naomi Watts",0
254,3490,"Adrien Brody",1
254,70851,"Jack Black",2
254,1333,"Andy Serkis",3
254,3492,"Colin Hanks",4
561,6384,"Keanu Reeves",0
561,3293,"Rachel Weisz",1
561,10959,"Shia LaBeouf",2
561,938,"Djimon Hounsou",3
561,10960,"Max Baker",4
142,1810,"Heath Ledger",0
142,131,"Jake Gyllenhaal",1
142,1812,"Michelle Williams",2
142,1813,"Anne Hathaway",3
142,1811,"Randy Quaid",4
6957,4495,"Steve Carell",0
6957,2229,"Catherine Keener",1
6957,22226,"Paul Rudd",2
6957,71530,"Romany Malco",3
6957,19274,"Seth Rogen",4
8488,2888,"Will Smith",0
8488,8170,"Eva Mendes",1
8488,32895,"Kevin James",2
8488,38425,"Amber Valletta",3
8488,55256,"Julie Ann Emery",4
1635,3061,"Ewan McGregor",0
1635,1245,"Scarlett Johansson",1
1635,938,"Djimon Hounsou",2
1635,48,"Sean Bean",3
1635,884,"Steve Buscemi",4
215,2144,"Tobin Bell",0
215,2680,"Donnie Wahlberg",1
215,2138,"Shawnee Smith",2
215,2681,"Erik Knudsen",3
215,2682,"Franky G",4
1830,2963,"Nicolas Cage",0
1830,18354,"Bridget Moynahan",1
1830,7499,"Jared Leto",2
1830,569,"Ethan Hawke",3
1830,19299,"Eamonn Walker",4
1495,114,"Orlando Bloom",0
1495,10912,"Eva Green",1
1495,16940,"Jeremy Irons",2
1495,11207,"David Thewlis",3
1495,70577,"Ghassan Massoud",4
9928,3061,"Ewan McGregor",0
9928,4587,"Halle Berry",1
9928,17141,"Greg Kinnear",2
9928,14639,"Mel Brooks",3
9928,83349,"Drew Carey",4
9522,887,"Owen Wilson",0
9522,4937,"Vince Vaughn",1
9522,4690,"Christopher Walken",2
9522,53714,"Rachel McAdams",3
9522,52848,"Isla Fisher",4
9392,57574,"Shauna Macdonald",0
9392,57575,"Natalie Mendoza",1
9392,57576,"Alex Reid",2
9392,57577,"Saskia Mulder",3
9392,57578,"MyAnna Buring",4
116,1244,"Jonathan Rhys Meyers",0
116,1245,"Scarlett Johansson",1
116,1246,"Emily Mortimer",2
116,1247,"Matthew Goode",3
116,1248,"Brian Cox",4
7453,7060,"Martin Freeman",0
7453,4239,"Yasiin Bey",1
7453,11664,"Zooey Deschanel",2
7453,6807,"Sam Rockwell",3
7453,4566,"Alan Rickman",4
9982,5367,"Zach Braff",0
9982,1201,"Garry Marshall",1
9982,27726,"Don Knotts",2
9982,12110,"Amy Sedaris",3
9982,18324,"Steve Zahn",4
9335,976,"Jason Statham",0
9335,38425,"Amber Valletta",1
9335,57345,"Alessandro Gassmann",2
9335,57346,"Kate Nauta",3
9335,8654,"Matthew Modine",4
1640,1896,"Don Cheadle",0
1640,18277,"Sandra Bullock",1
1640,18269,"Brendan Fraser",2
1640,2876,"Matt Dillon",3
1640,18285,"Jennifer Esposito",4
16320,51797,"Nathan Fillion",0
16320,54881,"Summer Glau",1
16320,9576,"Gina Torres",2
16320,21088,"Alan Tudyk",3
16320,54882,"Morena Baccarin",4
59,110,"Viggo Mortensen",0
59,49,"Maria Bello",1
59,228,"Ed Harris",2
59,227,"William Hurt",3
59,225,"Ashton Holmes",4
9291,19292,"Adam Sandler",0
9291,2632,"Chris Rock",1
9291,16475,"Burt Reynolds",2
9291,69128,"Nelly",3
9291,69127,"Michael Irvin",4
6795,27972,"Josh Hutcherson",0
6795,51297,"Jonah Bobo",1
6795,51298,"Dax Shepard",2
6795,37917,"Kristen Stewart",3
6795,504,"Tim Robbins",4
1904,1339,"Zhang Ziyi",0
1904,643,"Gong Li",1
1904,1620,"Michelle Yeoh",2
1904,3899,"Ken Watanabe",3
1904,19855,"Suzuka Ohgo",4
10066,25837,"Elisha Cuthbert",0
10066,62747,"Chad Michael Murray",1
10066,12792,"Brian Van Holt",2
10066,38406,"Paris Hilton",3
10066,17866,"Jon Abrahams",4
7214,2231,"Samuel L. Jackson",0
7214,10689,"Rob Brown",1
7214,52037,"Robert Ri'chard",2
7214,53184,"Rick Gonzalez",3
7214,74307,"Nana Gbewonyo",4
10022,12835,"Vin Diesel",0
10022,16858,"Lauren Graham",1
10022,62054,"Faith Ford",2
10022,29221,"Brittany Snow",3
10022,41883,"Max Thieriot",4
11283,7056,"Emma Thompson",0
11283,5472,"Colin Firth",1
11283,9015,"Kelly Macdonald",2
11283,25663,"Thomas Brodie-Sangster",3
11283,23775,"Eliza Bennett",4
25,131,"Jake Gyllenhaal",0
25,134,"Jamie Foxx",1
25,133,"Peter Sarsgaard",2
25,132,"Scott MacDonald",3
25,2955,"Chris Cooper",4
69,73421,"Joaquin Phoenix",0
69,368,"Reese Witherspoon",1
69,417,"Ginnifer Goodwin",2
69,418,"Robert Patrick",3
69,424,"Dallas Roberts",4
533,7317,"Peter Sallis",0
533,5469,"Ralph Fiennes",1
533,1283,"Helena Bonham Carter",2
533,7318,"Peter Kay",3
533,7319,"Nicholas Smith",4
1656,3131,"Antonio Banderas",0
1656,1922,"Catherine Zeta-Jones",1
1656,18460,"Adrian Alonso",2
1656,17413,"Julio Oscar Mechoso",3
1656,18461,"Nick Chinlund",4
8643,350,"Laura Linney",0
8643,207,"Tom Wilkinson",1
8643,55152,"Campbell Scott",2
8643,53828,"Jennifer Carpenter",3
8643,6074,"Kenneth Welsh",4
5236,3223,"Robert Downey Jr.",0
5236,5576,"Val Kilmer",1
5236,11705,"Michelle Monaghan",2
5236,21246,"Corbin Bernsen",3
5236,6066,"Dash Mihok",4
612,8783,"Eric Bana",0
612,8784,"Daniel Craig",1
612,8785,"Ciarán Hinds",2
612,2406,"Mathieu Kassovitz",3
612,169,"Hanns Zischler",4
9315,1038,"Jodie Foster",0
9315,133,"Peter Sarsgaard",1
9315,21711,"Erika Christensen",2
9315,57278,"Kate Beahan",3
9315,21245,"Greta Scacchi",4
4442,1892,"Matt Damon",0
4442,1810,"Heath Ledger",1
4442,17286,"Lena Headey",2
4442,53,"Peter Stormare",3
4442,28782,"Monica Bellucci",4
7552,206,"Jim Carrey",0
7552,4939,"Téa Leoni",1
7552,7447,"Alec Baldwin",2
7552,28633,"Richard Jenkins",3
7552,8265,"John Michael Higgins",4
9947,9278,"Jennifer Garner",0
9947,60715,"Kirsten Zien",1
9947,5725,"Goran Višnjić",2
9947,10884,"Will Yun Lee",3
9947,28641,"Terence Stamp",4
9007,368,"Reese Witherspoon",0
9007,103,"Mark Ruffalo",1
9007,10825,"Donal Logue",2
9007,56567,"Dina Spybey-Waters",3
9007,6437,"Ben Shenkman",4
8923,109,"Elijah Wood",0
8923,56365,"Charlie Hunnam",1
8923,4174,"Claire Forlani",2
8923,70903,"Marc Warren",3
8923,76968,"Leo Gregory",4
11460,53714,"Rachel McAdams",0
11460,2037,"Cillian Murphy",1
11460,1248,"Brian Cox",2
11460,34195,"Jayma Mays",3
11460,58792,"Jack Scalia",4
8202,6885,"Charlize Theron",0
8202,20982,"Marton Csokas",1
8202,9012,"Jonny Lee Miller",2
8202,2598,"Sophie Okonedo",3
8202,3910,"Frances McDormand",4
8814,18918,"Dwayne Johnson",0
8814,1372,"Karl Urban",1
8814,10882,"Rosamund Pike",2
8814,58758,"Deobia Oparei",3
8814,12801,"Razaaq Adoti",4
11459,11665,"Michael Angarano",0
11459,6856,"Kurt Russell",1
11459,11164,"Kelly Preston",2
11459,31838,"Danielle Panabaker",3
11459,17628,"Mary Elizabeth Winstead",4
10320,3489,"Naomi Watts",0
10320,1284159,"Simon Baker",1
10320,26292,"David Dorfman",2
10320,20,"Elizabeth Perkins",3
10320,21163,"Gary Cole",4
921,934,"Russell Crowe",0
921,9137,"Renée Zellweger",1
921,13242,"Paul Giamatti",2
921,14886,"Craig Bierko",3
921,14887,"Paddy Considine",4
8292,13240,"Mark Wahlberg",0
8292,8169,"Tyrese Gibson",1
8292,37934,"André 3000",2
8292,9828,"Garrett Hedlund",3
8292,18288,"Terrence Howard",4
9388,6383,"Aaron Eckhart",0
9388,49,"Maria Bello",1
9388,52414,"Cameron Bright",2
9388,11702,"Adam Brody",3
9388,16431,"Sam Elliott",4
11451,49265,"Lindsay Lohan",0
11451,2232,"Michael Keaton",1
11451,2876,"Matt Dillon",2
11451,33654,"Breckin Meyer",3
11451,15033,"Justin Long",4
10065,10859,"Ryan Reynolds",0
10065,27755,"Melissa George",1
10065,10135,"Jesse James",2
10065,6860,"Jimmy Bennett",3
10065,56734,"Chloë Grace Moretz",4
9913,11661,"Kate Hudson",0
9913,4800,"Gena Rowlands",1
9913,133,"Peter Sarsgaard",2
9913,5049,"John Hurt",3
9913,52847,"Joy Bryant",4
8274,54593,"Tad Hilgenbrink",0
8274,20373,"Arielle Kebbel",1
8274,54594,"Jason Earles",2
8274,26929,"Crystle Lightning",3
8274,26997,"Jun Hee Lee",4
10027,1336,"Jet Li",0
10027,192,"Morgan Freeman",1
10027,382,"Bob Hoskins",2
10027,62105,"Kerry Condon",3
10027,9831,"Vincent Regan",4
9641,67773,"Steve Martin",0
9641,26510,"Eugene Levy",1
9641,5149,"Bonnie Hunt",2
9641,11824,"Tom Welling",3
9641,15555,"Piper Perabo",4
11679,9778,"Ice Cube",0
11679,2231,"Samuel L. Jackson",1
11679,5293,"Willem Dafoe",2
11679,100,"Scott Speedman",3
11679,21368,"Peter Strauss",4
10040,18277,"Sandra Bullock",0
10040,9788,"Regina King",1
10040,12798,"Enrique Murciano",2
10040,8874,"Ernie Hudson",3
10040,1748,"William Shatner",4
10214,6213,"Jamie Kennedy",0
10214,10697,"Alan Cumming",1
10214,54826,"Traylor Howard",2
10214,53493,"Kal Penn",3
10214,3214,"Steven Wright",4
10982,1813,"Anne Hathaway",0
10982,515,"Glenn Close",1
10982,9657,"Patrick Warburton",2
10982,26485,"Jim Belushi",3
10982,28010,"David Ogden Stiers",4
11683,1284159,"Simon Baker",0
11683,5723,"John Leguizamo",1
11683,2778,"Dennis Hopper",2
11683,18514,"Asia Argento",3
11683,19976,"Robert Joy",4
10033,10859,"Ryan Reynolds",0
10033,20189,"Amy Smart",1
10033,1772,"Anna Faris",2
10033,21594,"Chris Klein",3
10033,59238,"Christopher Rodriguez Marquette",4
2026,62,"Bruce Willis",0
2026,11107,"Ben Foster",1
2026,17243,"Jonathan Tucker",2
2026,6860,"Jimmy Bennett",3
2026,20847,"Michelle Horn",4
4379,16866,"Jennifer Lopez",0
4379,6352,"Jane Fonda",1
4379,15424,"Michael Vartan",2
4379,27102,"Wanda Sykes",3
4379,36801,"Adam Scott",4
11096,380,"Robert De Niro",0
11096,501,"Dakota Fanning",1
11096,10696,"Famke Janssen",2
11096,1951,"Elisabeth Shue",3
11096,27563,"Amy Irving",4
9667,3490,"Adrien Brody",0
9667,116,"Keira Knightley",1
9667,10823,"Kris Kristofferson",2
9667,10431,"Jennifer Jason Leigh",3
9667,6473,"Kelly Lynch",4
1985,5469,"Ralph Fiennes",0
1985,3293,"Rachel Weisz",1
1985,6413,"Danny Huston",2
1985,2440,"Bill Nighy",3
1985,4935,"Pete Postlethwaite",4
11968,8167,"Paul Walker",0
11968,56731,"Jessica Alba",1
11968,1894,"Scott Caan",2
11968,71128,"Ashley Scott",3
11968,16851,"Josh Brolin",4
7364,10297,"Matthew McConaughey",0
7364,955,"Penélope Cruz",1
7364,18324,"Steve Zahn",2
7364,1120,"Lennie James",3
7364,2192,"Lambert Wilson",4
398,1233,"Philip Seymour Hoffman",0
398,2229,"Catherine Keener",1
398,5365,"Clifton Collins Jr.",2
398,21089,"Bruce Greenwood",3
398,12438,"Bob Balaban",4
9722,2227,"Nicole Kidman",0
9722,23659,"Will Ferrell",1
9722,4090,"Shirley MacLaine",2
9722,3895,"Michael Caine",3
9722,17881,"Jason Schwartzman",4
20760,66193,"Chris Sanders",0
20760,501,"Dakota Fanning",1
20760,13445,"Tia Carrere",2
20760,28010,"David Ogden Stiers",3
20760,58955,"Kevin McDonald",4
14199,84214,"Taylor Lautner",0
14199,84517,"Taylor Dooley",1
14199,4741,"Cayden Boyd",2
14199,15234,"David Arquette",3
14199,38025,"Kristin Davis",4
179,2227,"Nicole Kidman",0
179,2228,"Sean Penn",1
179,2229,"Catherine Keener",2
179,2244,"Jesper Christensen",3
179,2245,"Yvan Attal",4
10851,976,"Jason Statham",0
10851,11477,"Ray Liotta",1
10851,47774,"Vincent Pastore",2
10851,37934,"André 3000",3
10851,67205,"Terence Maynard",4
1696,5695,"Sid Haig",0
1696,27737,"Bill Moseley",1
1696,21319,"Sheri Moon Zombie",2
1696,4520,"William Forsythe",3
1696,15070,"Ken Foree",4
8066,3061,"Ewan McGregor",0
8066,3489,"Naomi Watts",1
8066,30614,"Ryan Gosling",2
8066,20879,"Kate Burton",3
8066,53755,"Elizabeth Reaser",4
231,1461,"George Clooney",0
231,1892,"Matt Damon",1
231,2954,"Jeffrey Wright",2
231,2955,"Chris Cooper",3
231,2956,"Amanda Peet",4
308,1532,"Bill Murray",0
308,4430,"Sharon Stone",1
308,4431,"Jessica Lange",2
308,3063,"Tilda Swinton",3
308,4432,"Frances Conroy",4
8976,18976,"Ashton Kutcher",0
8976,2956,"Amanda Peet",1
8976,17696,"Kathryn Hahn",2
8976,53493,"Kal Penn",3
8976,17303,"Ali Larter",4
13417,9657,"Patrick Warburton",0
13417,30364,"Tracey Ullman",1
13417,70243,"Eartha Kitt",2
13417,60950,"David Spade",3
13417,1230,"John Goodman",4
11171,24045,"Joseph Gordon-Levitt",0
11171,55493,"Brady Corbet",1
11171,49961,"Michelle Trachtenberg",2
11171,169000,"Jeffrey Licon",3
11171,25884,"Mary Lynn Rajskub",4
9779,20354,"Amber Tamblyn",0
9779,6279,"Alexis Bledel",1
9779,59174,"America Ferrera",2
9779,59175,"Blake Lively",3
9779,59176,"Jenna Boyd",4
6519,9656,"Johnny Knoxville",0
6519,57599,"Seann William Scott",1
6519,52052,"Jessica Simpson",2
6519,8261,"Willie Nelson",3
6519,16475,"Burt Reynolds",4
11931,6941,"Cameron Diaz",0
11931,3051,"Toni Collette",1
11931,4090,"Shirley MacLaine",2
11931,11365,"Mark Feuerstein",3
11931,18328,"Ken Howard",4
9885,45210,"John Jarratt",0
9885,60003,"Cassandra Magrath",1
9885,60004,"Kestie Morassi",2
9885,60005,"Nathan Phillips",3
9885,1382388,"Gordon Poole",4
11400,72466,"Colin Farrell",0
11400,69225,"Q'orianka Kilcher",1
11400,290,"Christopher Plummer",2
11400,3894,"Christian Bale",3
11400,18260,"August Schellenberg",4
9923,116,"Keira Knightley",0
9923,2295,"Mickey Rourke",1
9923,25616,"Edgar Ramírez",2
9923,18792,"Delroy Lindo",3
9923,60561,"Mo'Nique",4
6961,23959,"Debra Messing",0
6961,20212,"Dermot Mulroney",1
6961,9273,"Amy Adams",2
6961,1709,"Jack Davenport",3
6961,17693,"Sarah Parish",4
2800,4491,"Jennifer Aniston",0
2800,1269,"Kevin Costner",1
2800,4090,"Shirley MacLaine",2
2800,103,"Mark Ruffalo",3
2800,28633,"Richard Jenkins",4
15657,131157,"Harrison Chad",0
15657,15903,"George Carlin",1
15657,18,"Brad Garrett",2
15657,2372,"Ron Perlman",3
15657,61964,"Estelle Harris",4
1124,6968,"Hugh Jackman",0
1124,3894,"Christian Bale",1
1124,3895,"Michael Caine",2
1124,15555,"Piper Perabo",3
1124,15556,"Rebecca Hall",4
58,85,"Johnny Depp",0
58,114,"Orlando Bloom",1
58,116,"Keira Knightley",2
58,1709,"Jack Davenport",3
58,2440,"Bill Nighy",4
1422,6193,"Leonardo DiCaprio",0
1422,1892,"Matt Damon",1
1422,514,"Jack Nicholson",2
1422,13240,"Mark Wahlberg",3
1422,8349,"Martin Sheen",4
752,524,"Natalie Portman",0
752,1331,"Hugo Weaving",1
752,9029,"Stephen Rea",2
752,11275,"Stephen Fry",3
752,5049,"John Hurt",4
920,887,"Owen Wilson",0
920,3636,"Paul Newman",1
920,5149,"Bonnie Hunt",2
920,15897,"Larry the Cable Guy",3
920,11159,"Cheech Marin",4
350,5064,"Meryl Streep",0
350,1813,"Anne Hathaway",1
350,5081,"Emily Blunt",2
350,2283,"Stanley Tucci",3
350,1284159,"Simon Baker",4
36557,8784,"Daniel Craig",0
36557,10912,"Eva Green",1
36557,1019,"Mads Mikkelsen",2
36557,5309,"Judi Dench",3
36557,2954,"Jeffrey Wright",4
1593,7399,"Ben Stiller",0
1593,17832,"Carla Gugino",1
1593,61303,"Dick Van Dyke",2
1593,1937,"Mickey Rooney",3
1593,8854,"Bill Cobbs",4
1402,2888,"Will Smith",0
1402,120724,"Jaden Smith",1
1402,9030,"Thandiwe Newton",2
1402,1990,"Brian Howe",3
1402,14852,"James Karen",4
36668,6968,"Hugh Jackman",0
36668,4587,"Halle Berry",1
36668,1327,"Ian McKellen",2
36668,2387,"Patrick Stewart",3
36668,10696,"Famke Janssen",4
950,15757,"Ray Romano",0
950,5723,"John Leguizamo",1
950,5724,"Denis Leary",2
950,15758,"Queen Latifah",3
950,57599,"Seann William Scott",4
591,31,"Tom Hanks",0
591,2405,"Audrey Tautou",1
591,1327,"Ian McKellen",2
591,1003,"Jean Reno",3
591,6162,"Paul Bettany",4
1372,6193,"Leonardo DiCaprio",0
1372,938,"Djimon Hounsou",1
1372,6161,"Jennifer Connelly",2
1372,16742,"Kagiso Kuypers",3
1372,16743,"Arnold Vosloo",4
9693,2296,"Clive Owen",0
9693,64986,"Clare-Hope Ashitey",1
9693,5294,"Chiwetel Ejiofor",2
9693,1231,"Julianne Moore",3
9693,3895,"Michael Caine",4
773,17141,"Greg Kinnear",0
773,3051,"Toni Collette",1
773,4495,"Steve Carell",2
773,17142,"Paul Dano",3
773,17140,"Abigail Breslin",4
9615,155,"Lucas Black",0
9615,116277,"Nathalie Kelley",1
9615,61697,"Sung Kang",2
9615,58197,"Shad Moss",3
9615,116278,"Brian Tee",4
956,500,"Tom Cruise",0
956,1233,"Philip Seymour Hoffman",1
956,10182,"Ving Rhames",2
956,8289,"Billy Crudup",3
956,11705,"Michelle Monaghan",4
9339,19292,"Adam Sandler",0
9339,3967,"Kate Beckinsale",1
9339,4690,"Christopher Walken",2
9339,28238,"David Hasselhoff",3
9339,31903,"Henry Winkler",4
1579,17678,"Rudy Youngblood",0
1579,17688,"Raoul Max Trujillo",1
1579,17689,"Gerardo Taracena",2
1579,42009,"Iazua Larios",3
1579,62477,"Antonio Monroy",4
388,5292,"Denzel Washington",0
388,2296,"Clive Owen",1
388,1038,"Jodie Foster",2
388,290,"Christopher Plummer",3
388,5293,"Willem Dafoe",4
496,6730,"Sacha Baron Cohen",0
496,6734,"Ken Davitian",1
496,6735,"Luenell",2
496,63935,"Alex Daniels",3
496,1433735,"Jim Vickers",4
1581,6941,"Cameron Diaz",0
1581,204,"Kate Winslet",1
1581,9642,"Jude Law",2
1581,70851,"Jack Black",3
1581,3265,"Eli Wallach",4
9836,109,"Elijah Wood",0
9836,2157,"Robin Williams",1
9836,328,"Brittany Murphy",2
9836,6968,"Hugh Jackman",3
9836,2227,"Nicole Kidman",4
1491,819,"Edward Norton",0
1491,13242,"Paul Giamatti",1
1491,10860,"Jessica Biel",2
1491,17328,"Rufus Sewell",3
1491,1665,"Eddie Marsan",4
7551,5292,"Denzel Washington",0
7551,52851,"Paula Patton",1
7551,5576,"Val Kilmer",2
7551,8767,"Jim Caviezel",3
7551,6163,"Adam Goldberg",4
1427,17064,"Ben Whishaw",0
1427,4566,"Alan Rickman",1
1427,129050,"Rachel Hurd-Wood",2
1427,4483,"Dustin Hoffman",3
1427,5049,"John Hurt",4
588,8329,"Radha Mitchell",0
588,48,"Sean Bean",1
588,8338,"Jodelle Ferland",2
588,8332,"Laurie Holden",3
588,13549,"Deborah Kara Unger",4
214,2144,"Tobin Bell",0
214,2138,"Shawnee Smith",1
214,2464,"Angus Macfadyen",2
214,2677,"Bahar Soomekh",3
214,2680,"Donnie Wahlberg",4
7518,62,"Bruce Willis",0
7518,52865,"Garry Shandling",1
7518,4495,"Steve Carell",2
7518,27102,"Wanda Sykes",3
7518,1748,"William Shatner",4
10947,29222,"Zac Efron",0
10947,67599,"Vanessa Hudgens",1
10947,67600,"Ashley French",2
10947,67601,"Lucas Grabeel",3
10947,67602,"Corbin Bleu",4
9286,17628,"Mary Elizabeth Winstead",0
9286,57136,"Ryan Merriman",1
9286,20176,"Kris Lemche",2
9286,57137,"Alexz Johnson",3
9286,37700,"Sam Easton",4
1452,17271,"Brandon Routh",0
1452,7517,"Kate Bosworth",1
1452,1979,"Kevin Spacey",2
1452,11006,"James Marsden",3
1452,7489,"Parker Posey",4
186,2299,"Josh Hartnett",0
186,192,"Morgan Freeman",1
186,2282,"Ben Kingsley",2
186,140,"Lucy Liu",3
186,62,"Bruce Willis",4
834,3967,"Kate Beckinsale",0
834,100,"Scott Speedman",1
834,2220,"Tony Curran",2
834,3969,"Shane Brolly",3
834,937,"Derek Jacobi",4
9297,51583,"Mitchel Musso",0
9297,57191,"Sam Lerner",1
9297,57192,"Spencer Locke",2
9297,884,"Steve Buscemi",3
9297,1579,"Maggie Gyllenhaal",4
1948,976,"Jason Statham",0
1948,20189,"Amy Smart",1
1948,20191,"Jose Pablo Cantillo",2
1948,20190,"Efren Ramirez",3
1948,20309,"Dwight Yoakam",4
11619,6968,"Hugh Jackman",0
11619,204,"Kate Winslet",1
11619,1327,"Ian McKellen",2
11619,1003,"Jean Reno",3
11619,2440,"Bill Nighy",4
1164,287,"Brad Pitt",0
1164,18054,"Rinko Kikuchi",1
1164,270,"Adriana Barraza",2
1164,112,"Cate Blanchett",3
1164,18061,"Satoshi Nikaido",4
1690,19487,"Jay Hernandez",0
1690,33934,"Derek Richardson",1
1690,33935,"Eythor Gudjonsson",2
1690,33936,"Barbara Nedeljakova",3
1690,33937,"Jana Kaderabkova",4
9762,38673,"Channing Tatum",0
9762,20381,"Jenna Dewan",1
9762,58959,"Damaine Radcliff",2
9762,3052,"Rachel Griffiths",3
9762,58966,"Deirdre Lovejoy",4
1246,16483,"Sylvester Stallone",0
1246,4521,"Burt Young",1
1246,16507,"Antonio Tarver",2
1246,16502,"Geraldine Hughes",3
1246,16501,"Milo Ventimiglia",4
7512,36422,"Luke Wilson",0
7512,52792,"Maya Rudolph",1
7512,51298,"Dax Shepard",2
7512,53256,"Terry Crews",3
7512,52793,"Anthony 'Citric' Campos",4
4257,1772,"Anna Faris",0
4257,35705,"Regina Hall",1
4257,14886,"Craig Bierko",2
4257,8984,"Bill Pullman",3
4257,18471,"Anthony Anderson",4
2486,25438,"Ed Speleers",0
2486,16940,"Jeremy Irons",1
2486,7055,"Sienna Guillory",2
2486,18023,"Robert Carlyle",3
2486,6949,"John Malkovich",4
9792,11022,"Aaron Stanford",0
9792,59283,"Dan Byrd",1
9792,28660,"Emilie de Ravin",2
9792,5025,"Vinessa Shaw",3
9792,15854,"Ted Levine",4
9655,29220,"Amanda Bynes",0
9655,38673,"Channing Tatum",1
9655,51975,"Laura Ramsey",2
9655,980,"Vinnie Jones",3
9655,212,"David Cross",4
1381,6968,"Hugh Jackman",0
1381,3293,"Rachel Weisz",1
1381,9560,"Ellen Burstyn",2
1381,1173,"Mark Margolis",3
1381,230,"Stephen McHattie",4
2044,6384,"Keanu Reeves",0
2044,18277,"Sandra Bullock",1
2044,290,"Christopher Plummer",2
2044,21042,"Ebon Moss-Bachrach",3
2044,13506,"Willeke van Ammelrooy",4
7484,78029,"Martin Lawrence",0
7484,18976,"Ashton Kutcher",1
7484,33,"Gary Sinise",2
7484,23959,"Debra Messing",3
7484,9188,"Billy Connolly",4
1887,205,"Kirsten Dunst",0
1887,17881,"Jason Schwartzman",1
1887,4581,"Steve Coogan",2
1887,351,"Judy Davis",3
1887,9626,"Rip Torn",4
9767,4937,"Vince Vaughn",0
9767,4491,"Jennifer Aniston",1
9767,16484,"Joey Lauren Adams",2
9767,6614,"Cole Hauser",3
9767,15277,"Jon Favreau",4
2652,27578,"Elliot Page",0
2652,17178,"Patrick Wilson",1
2652,25540,"Sandra Oh",2
2652,27579,"Odessa Rae",3
2652,27580,"G.J. Echternkamp",4
1262,23659,"Will Ferrell",0
1262,1579,"Maggie Gyllenhaal",1
1262,4483,"Dustin Hoffman",2
1262,7056,"Emma Thompson",3
1262,15758,"Queen Latifah",4
1523,2178,"Forest Whitaker",0
1523,5530,"James McAvoy",1
1523,16358,"Simon McBurney",2
1523,12214,"Gillian Anderson",3
1523,11703,"Kerry Washington",4
503,6164,"Josh Lucas",0
503,6856,"Kurt Russell",1
503,6857,"Jacinda Barrett",2
503,3037,"Richard Dreyfuss",3
503,4730,"Emmy Rossum",4
1251,3899,"Ken Watanabe",0
1251,33515,"Kazunari Ninomiya",1
1251,33516,"Tsuyoshi Ihara",2
1251,33517,"Ryo Kase",3
1251,72202,"Shido Nakamura",4
9513,1532,"Bill Murray",0
9513,33654,"Breckin Meyer",1
9513,33259,"Jennifer Love Hewitt",2
9513,9188,"Billy Connolly",3
9513,13472,"Tim Curry",4
8275,26973,"John White",0
8275,26974,"Jessy Schram",1
8275,26975,"Steve Talley",2
8275,4443,"Christopher McDonald",3
8275,26510,"Eugene Levy",4
12096,67773,"Steve Martin",0
12096,1003,"Jean Reno",1
12096,8945,"Kevin Kline",2
12096,14386,"Beyoncé",3
12096,1246,"Emily Mortimer",4
2207,62,"Bruce Willis",0
2207,4239,"Yasiin Bey",1
2207,52,"David Morse",2
2207,22820,"Jenna Stern",3
2207,42141,"Casey Sander",4
3683,11864,"Ryan Phillippe",0
3683,17772,"Jesse Bradford",1
3683,33527,"Adam Beach",2
3683,21179,"John Benjamin Hickey",3
3683,21134,"John Slattery",4
82,72466,"Colin Farrell",0
82,134,"Jamie Foxx",1
82,2038,"Naomie Harris",2
82,643,"Gong Li",3
82,40543,"John Ortiz",4
326,2231,"Samuel L. Jackson",0
326,25654,"Julianna Margulies",1
326,60005,"Nathan Phillips",2
326,77330,"Kenan Thompson",3
326,52478,"Rachel Blanchard",4
10025,49265,"Lindsay Lohan",0
10025,62064,"Chris Pine",1
10025,19664,"Samaire Armstrong",2
10025,62065,"Bree Turner",3
10025,62066,"Faizon Love",4
3509,6384,"Keanu Reeves",0
3509,3223,"Robert Downey Jr.",1
3509,57755,"Woody Harrelson",2
3509,1920,"Winona Ryder",3
3509,51792,"Rory Cochrane",4
10781,22123,"Jordana Brewster",0
10781,66741,"Taylor Handley",1
10781,59263,"Diora Baird",2
10781,66743,"Matt Bomer",3
10781,8655,"R. Lee Ermey",4
9718,23659,"Will Ferrell",0
9718,4764,"John C. Reilly",1
9718,6730,"Sacha Baron Cohen",2
9718,21163,"Gary Cole",3
9718,57451,"Leslie Bibb",4
9072,9562,"Marlon Wayans",0
9072,35690,"Shawn Wayans",1
9072,11703,"Kerry Washington",2
9072,56902,"John Witherspoon",3
9072,56903,"Tracy Morgan",4
9353,70851,"Jack Black",0
9353,57409,"Ana de la Reguera",1
9353,57410,"Héctor Jiménez",2
9353,57411,"Darius Rose",3
9353,57412,"Moisés Arias",4
7516,10859,"Ryan Reynolds",0
7516,1271,"Andy Garcia",1
7516,26291,"Martin Henderson",2
7516,62064,"Chris Pine",3
7516,11477,"Ray Liotta",4
1852,2963,"Nicolas Cage",0
1852,49,"Maria Bello",1
1852,4738,"Connor Paolo",2
1852,19494,"Anthony Piccininni",3
1852,19495,"Alexa Gerasimovich",4
9036,8167,"Paul Walker",0
9036,56455,"Moon Bloodgood",1
9036,21593,"Jason Biggs",2
9036,21089,"Bruce Greenwood",3
9036,19957,"Wendy Crewson",4
6877,10297,"Matthew McConaughey",0
6877,520,"Sarah Jessica Parker",1
6877,11664,"Zooey Deschanel",2
6877,21180,"Justin Bartha",3
6877,51329,"Bradley Cooper",4
2179,70851,"Jack Black",0
2179,22297,"Kyle Gass",1
2179,938432,"JR Reed",2
2179,22304,"Ronnie James Dio",3
2179,1219029,"Paul F. Tompkins",4
9788,15033,"Justin Long",0
9788,21007,"Jonah Hill",1
9788,59175,"Blake Lively",2
9788,59256,"Adam Herschman",3
9788,31132,"Columbus Short",4
9530,2157,"Robin Williams",0
9530,57854,"Cheryl Hines",1
9530,57855,"JoJo",2
9530,27972,"Josh Hutcherson",3
9530,8447,"Jeff Daniels",4
9035,51797,"Nathan Fillion",0
9035,12132,"Michael Rooker",1
9035,9281,"Elizabeth Banks",2
9035,2518,"Gregg Henry",3
9035,59244,"Tania Saulnier",4
512,1245,"Scarlett Johansson",0
512,1243,"Woody Allen",1
512,6968,"Hugh Jackman",2
512,6972,"Ian McShane",3
512,4391,"Charles Dance",4
9920,63,"Milla Jovovich",0
9920,52414,"Cameron Bright",1
9920,18461,"Nick Chinlund",2
9920,60526,"Sebastien Andrieu",3
9920,60527,"Ida Martin",4
4643,1269,"Kevin Costner",0
4643,18976,"Ashton Kutcher",1
4643,6068,"Sela Ward",2
4643,41555,"Melissa Sagemiller",3
4643,122756,"Dulé Hill",4
11565,78029,"Martin Lawrence",0
11565,84457,"Marisol Nichols",1
11565,79072,"Kevin Durand",2
11565,29774,"Dan Lauria",3
11565,52852,"Kat Dennings",4
9829,2307357,"J.J. Johnson",0
9829,59685,"Gary Commock",1
9829,47538,"Polly Adams",2
9829,59686,"Opal Alladin",3
9829,59687,"Starla Benford",4
9726,934,"Russell Crowe",0
9726,3926,"Albert Finney",1
9726,8293,"Marion Cotillard",2
9726,37260,"Abbie Cornish",3
9726,59031,"Didier Bourdon",4
14191,34847,"Emma Roberts",0
14191,57855,"JoJo",1
14191,60072,"Sara Paxton",2
14191,94791,"Jake McDorman",3
14191,20373,"Arielle Kebbel",4
10010,18352,"Patrick Dempsey",0
10010,16855,"Mandy Moore",1
10010,61959,"Jeremy Suarez",2
10010,8872,"Rick Moranis",3
10010,61961,"Dave Thomas",4
4474,139,"Uma Thurman",0
4474,36422,"Luke Wilson",1
4474,1772,"Anna Faris",2
4474,1926,"Suzy Eddie Izzard",3
4474,11678,"Rainn Wilson",4
7457,46593,"Emile Hirsch",0
7457,62,"Bruce Willis",1
7457,71070,"Amanda Seyfried",2
7457,12111,"Justin Timberlake",3
7457,52647,"Shawn Hatosy",4
2295,23629,"Brian O'Halloran",0
2295,23630,"Jeff Anderson",1
2295,5916,"Rosario Dawson",2
2295,19302,"Jason Mewes",3
2295,19303,"Kevin Smith",4
9697,13242,"Paul Giamatti",0
9697,18997,"Bryce Dallas Howard",1
9697,2954,"Jeffrey Wright",2
9697,12438,"Bob Balaban",3
9697,20275,"Sarita Choudhury",4
9293,57171,"Jesse Metcalfe",0
9293,29221,"Brittany Snow",1
9293,57172,"Ashanti",2
9293,54830,"Sophia Bush",3
9293,20373,"Arielle Kebbel",4
7985,6886,"Christina Ricci",0
7985,5530,"James McAvoy",1
7985,11514,"Catherine O'Hara",2
7985,22970,"Peter Dinklage",3
7985,20766,"Richard E. Grant",4
9906,60251,"Zach Tyler Eisen",0
9906,1204,"Julia Roberts",1
9906,5064,"Meryl Streep",2
9906,2963,"Nicolas Cage",3
9906,13242,"Paul Giamatti",4
9986,501,"Dakota Fanning",0
9986,1204,"Julia Roberts",1
9986,884,"Steve Buscemi",2
9986,8930,"John Cleese",3
9986,13309,"Oprah Winfrey",4
1819,887,"Owen Wilson",0
1819,11661,"Kate Hudson",1
1819,2876,"Matt Dillon",2
1819,3392,"Michael Douglas",3
1819,19274,"Seth Rogen",4
1165,15735,"Helen Mirren",0
1165,3968,"Michael Sheen",1
1165,2505,"James Cromwell",2
1165,15737,"Helen McCrory",3
1165,15739,"Alex Jennings",4
9708,2963,"Nicolas Cage",0
9708,9560,"Ellen Burstyn",1
9708,57278,"Kate Beahan",2
9708,4432,"Frances Conroy",3
9708,27125,"Molly Parker",4
9270,24045,"Joseph Gordon-Levitt",0
9270,34070,"Nora Zehetner",1
9270,71467,"Matt O'Leary",2
9270,57286,"Noah Fleiss",3
9270,526,"Lukas Haas",4
1247,1892,"Matt Damon",0
1247,11701,"Angelina Jolie",1
1247,380,"Robert De Niro",2
1247,7447,"Alec Baldwin",3
1247,227,"William Hurt",4
12094,9656,"Johnny Knoxville",0
12094,56584,"Bam Margera",1
12094,56585,"Steve-O",2
12094,56586,"Chris Pontius",3
12094,110068,"Ryan Dunn",4
1730,4784,"Laura Dern",0
1730,16940,"Jeremy Irons",1
1730,15009,"Justin Theroux",2
1730,5048,"Harry Dean Stanton",3
1730,90760,"Karolina Gruszka",4
675,10980,"Daniel Radcliffe",0
675,10989,"Rupert Grint",1
675,10990,"Emma Watson",2
675,11356,"Imelda Staunton",3
675,1283,"Helena Bonham Carter",4
2062,10872,"Patton Oswalt",0
2062,7962,"Lou Romano",1
2062,65,"Ian Holm",2
2062,6197,"Brian Dennehy",3
2062,21198,"Peter Sohn",4
6479,2888,"Will Smith",0
6479,8602,"Alice Braga",1
6479,49918,"Charlie Tahan",2
6479,6066,"Dash Mihok",3
6479,53918,"Salli Richardson-Whitfield",4
285,85,"Johnny Depp",0
285,118,"Geoffrey Rush",1
285,114,"Orlando Bloom",2
285,116,"Keira Knightley",3
285,1709,"Jack Davenport",4
559,2219,"Tobey Maguire",0
559,205,"Kirsten Dunst",1
559,17051,"James Franco",2
559,19159,"Thomas Haden Church",3
559,17052,"Topher Grace",4
1271,17276,"Gerard Butler",0
1271,17286,"Lena Headey",1
1271,17287,"Dominic West",2
1271,1371,"David Wenham",3
1271,9831,"Vincent Regan",4
6977,3810,"Javier Bardem",0
6977,2176,"Tommy Lee Jones",1
6977,16851,"Josh Brolin",2
6977,57755,"Woody Harrelson",3
6977,9015,"Kelly Macdonald",4
1858,10959,"Shia LaBeouf",0
1858,19537,"Megan Fox",1
1858,19541,"Mark Ryan",2
1858,19540,"Peter Cullen",3
1858,1331,"Hugo Weaving",4
1949,131,"Jake Gyllenhaal",0
1949,103,"Mark Ruffalo",1
1949,11085,"Anthony Edwards",2
1949,3223,"Robert Downey Jr.",3
1949,2838,"Chloë Sevigny",4
5915,46593,"Emile Hirsch",0
5915,4726,"Marcia Gay Harden",1
5915,227,"William Hurt",2
5915,20089,"Jena Malone",3
5915,46594,"Brian H. Dierker",4
810,12073,"Mike Myers",0
810,776,"Eddie Murphy",1
810,6941,"Cameron Diaz",2
810,3131,"Antonio Banderas",3
810,5823,"Julie Andrews",4
35,198,"Dan Castellaneta",0
35,199,"Julie Kavner",1
35,200,"Nancy Cartwright",2
35,5586,"Yeardley Smith",3
35,5587,"Hank Azaria",4
4638,11108,"Simon Pegg",0
4638,11109,"Nick Frost",1
4638,388,"Jim Broadbent",2
4638,14887,"Paddy Considine",3
4638,28847,"Rafe Spall",4
2503,1892,"Matt Damon",0
2503,12041,"Julia Stiles",1
2503,11064,"David Strathairn",2
2503,349,"Scott Glenn",3
2503,14887,"Paddy Considine",4
1979,65524,"Ioan Gruffudd",0
1979,56731,"Jessica Alba",1
1979,16828,"Chris Evans",2
1979,19654,"Michael Chiklis",3
1979,20402,"Julian McMahon",4
8363,21007,"Jonah Hill",0
8363,39995,"Michael Cera",1
8363,54691,"Christopher Mintz-Plasse",2
8363,19278,"Bill Hader",3
8363,19274,"Seth Rogen",4
7326,27578,"Elliot Page",0
7326,39995,"Michael Cera",1
7326,9278,"Jennifer Garner",2
7326,23532,"Jason Bateman",3
7326,18999,"J.K. Simmons",4
7345,11856,"Daniel Day-Lewis",0
7345,17142,"Paul Dano",1
7345,18916,"Kevin J. O'Connor",2
7345,8785,"Ciarán Hinds",3
7345,52564,"Dillon Freasier",4
298,1461,"George Clooney",0
298,287,"Brad Pitt",1
298,1158,"Al Pacino",2
298,1892,"Matt Damon",3
298,1896,"Don Cheadle",4
1250,2963,"Nicolas Cage",0
1250,8170,"Eva Mendes",1
1250,16431,"Sam Elliott",2
1250,8210,"Wes Bentley",3
1250,8949,"Peter Fonda",4
1571,62,"Bruce Willis",0
1571,18082,"Timothy Olyphant",1
1571,15033,"Justin Long",2
1571,7248,"Cliff Curtis",3
1571,17628,"Mary Elizabeth Winstead",4
13885,85,"Johnny Depp",0
13885,1283,"Helena Bonham Carter",1
13885,4566,"Alan Rickman",2
13885,9191,"Timothy Spall",3
13885,6730,"Sacha Baron Cohen",4
4982,5292,"Denzel Washington",0
4982,934,"Russell Crowe",1
4982,16851,"Josh Brolin",2
4982,5294,"Chiwetel Ejiofor",3
4982,9777,"Cuba Gooding Jr.",4
5876,11155,"Thomas Jane",0
5876,8332,"Laurie Holden",1
5876,13014,"Toby Jones",2
5876,4726,"Marcia Gay Harden",3
5876,6861,"Andre Braugher",4
1562,18023,"Robert Carlyle",0
1562,9827,"Rose Byrne",1
1562,17604,"Jeremy Renner",2
1562,6195,"Harold Perrineau",3
1562,2462,"Catherine McCormack",4
4523,9273,"Amy Adams",0
4523,18352,"Patrick Dempsey",1
4523,11006,"James Marsden",2
4523,9191,"Timothy Spall",3
4523,19394,"Idina Menzel",4
1991,6856,"Kurt Russell",0
1991,20494,"Zoë Bell",1
1991,5916,"Rosario Dawson",2
1991,20491,"Vanessa Ferlito",3
1991,20493,"Sydney Tamiia Poitier",4
6637,2963,"Nicolas Cage",0
6637,9824,"Diane Kruger",1
6637,21180,"Justin Bartha",2
6637,228,"Ed Harris",3
6637,10127,"Jon Voight",4
7485,13240,"Mark Wahlberg",0
7485,454,"Michael Peña",1
7485,2047,"Danny Glover",2
7485,51072,"Kate Mara",3
7485,13550,"Elias Koteas",4
1265,27972,"Josh Hutcherson",0
1265,1285,"AnnaSophia Robb",1
1265,11664,"Zooey Deschanel",2
1265,418,"Robert Patrick",3
1265,54479,"Bailee Madison",4
5559,16377,"Jerry Seinfeld",0
5559,9137,"Renée Zellweger",1
5559,4756,"Matthew Broderick",2
5559,9657,"Patrick Warburton",3
5559,1230,"John Goodman",4
3021,3036,"John Cusack",0
3021,2231,"Samuel L. Jackson",1
3021,1980,"Mary McCormack",2
3021,29612,"Jasmine Jessica Anthony",3
3021,4252,"Tony Shalhoub",4
2268,45589,"Dakota Blue Richards",0
2268,2227,"Nicole Kidman",1
2268,8784,"Daniel Craig",2
2268,45585,"Ben Walker",3
2268,1281,"Freddie Highmore",4
4347,5530,"James McAvoy",0
4347,116,"Keira Knightley",1
4347,36592,"Saoirse Ronan",2
4347,6979,"Romola Garai",3
4347,13333,"Vanessa Redgrave",4
6477,11662,"Jason Lee",0
6477,212,"David Cross",1
6477,49914,"Cameron Richardson",2
6477,43775,"Jane Lynch",3
6477,15033,"Justin Long",4
7737,63,"Milla Jovovich",0
7737,18041,"Oded Fehr",1
7737,17303,"Ali Larter",2
7737,20508,"Iain Glen",3
7737,57172,"Ashanti",4
2698,4495,"Steve Carell",0
2698,192,"Morgan Freeman",1
2698,16858,"Lauren Graham",2
2698,27104,"Johnny Simmons",3
2698,27103,"Graham Phillips",4
2270,23458,"Charlie Cox",0
2270,6194,"Claire Danes",1
2270,1160,"Michelle Pfeiffer",2
2270,2983,"Mark Strong",3
2270,973,"Jason Flemyng",4
6145,4173,"Anthony Hopkins",0
6145,30614,"Ryan Gosling",1
6145,11064,"David Strathairn",2
6145,10882,"Rosamund Pike",3
6145,6368,"Embeth Davidtz",4
1272,2037,"Cillian Murphy",0
1272,9827,"Rose Byrne",1
1272,16828,"Chris Evans",2
1272,1620,"Michelle Yeoh",3
1272,7248,"Cliff Curtis",4
4964,19274,"Seth Rogen",0
4964,25541,"Katherine Heigl",1
4964,22226,"Paul Rudd",2
4964,41087,"Leslie Mann",3
4964,41088,"Jason Segel",4
4771,1893,"Casey Affleck",0
4771,11705,"Michelle Monaghan",1
4771,192,"Morgan Freeman",2
4771,228,"Ed Harris",3
4771,778,"John Ashton",4
663,2144,"Tobin Bell",0
663,36055,"Costas Mandylor",1
663,50020,"Scott Patterson",2
663,22434,"Betsy Russell",3
663,2687,"Lyriq Bent",4
7350,514,"Jack Nicholson",0
7350,192,"Morgan Freeman",1
7350,52601,"Sean Hayes",2
7350,18292,"Beverly Todd",3
7350,52603,"Alfonso Freeman",4
8271,10959,"Shia LaBeouf",0
8271,20376,"Sarah Roemer",1
8271,530,"Carrie-Anne Moss",2
8271,52,"David Morse",3
8271,54247,"Aaron Yoo",4
5176,934,"Russell Crowe",0
5176,3894,"Christian Bale",1
5176,8949,"Peter Fonda",2
5176,15370,"Gretchen Mol",3
5176,11107,"Ben Foster",4
4538,887,"Owen Wilson",0
4538,3490,"Adrien Brody",1
4538,17881,"Jason Schwartzman",2
4538,66443,"Amara Karan",3
4538,486,"Wallace Wolodarsky",4
1992,16850,"Rose McGowan",0
1992,6862,"Freddy Rodríguez",1
1992,6407,"Marley Shelton",2
1992,16851,"Josh Brolin",3
1992,20495,"Jeff Fahey",4
13649,29222,"Zac Efron",0
13649,67599,"Vanessa Hudgens",1
13649,67600,"Ashley French",2
13649,67601,"Lucas Grabeel",3
13649,67602,"Corbin Bleu",4
5174,18897,"Jackie Chan",0
5174,66,"Chris Tucker",1
5174,9195,"Hiroyuki Sanada",2
5174,2201,"Max von Sydow",3
5174,2245,"Yvan Attal",4
2252,110,"Viggo Mortensen",0
2252,3489,"Naomi Watts",1
2252,1925,"Vincent Cassel",2
2252,12647,"Armin Mueller-Stahl",3
2252,11281,"Sinéad Cusack",4
1620,18082,"Timothy Olyphant",0
1620,15336,"Dougray Scott",1
1620,18182,"Olga Kurylenko",2
1620,17343,"Robert Knepper",3
1620,4455,"Ulrich Thomsen",4
3594,206,"Jim Carrey",0
3594,12519,"Virginia Madsen",1
3594,33235,"Logan Lerman",2
3594,6413,"Danny Huston",3
3594,21044,"Lynn Collins",4
6023,448,"Hilary Swank",0
6023,17276,"Gerard Butler",1
6023,14406,"Lisa Kudrow",2
6023,18688,"Harry Connick Jr.",3
6023,11150,"Gina Gershon",4
440,33293,"David Paetkau",0
440,131006,"Sam Trammell",1
440,56389,"Steven Pasquale",2
440,25869,"Reiko Aylesworth",3
440,40543,"John Ortiz",4
1738,2963,"Nicolas Cage",0
1738,1231,"Julianne Moore",1
1738,10860,"Jessica Biel",2
1738,3491,"Thomas Kretschmann",3
1738,29862,"Jim Beaver",4
1267,155988,"Daniel Hansen",0
1267,1290,"Jordan Fry",1
1267,124665,"Wesley Singerman",2
1267,61428,"Matthew Josten",3
1267,16842,"Stephen J. Anderson",4
1268,10730,"Rowan Atkinson",0
1268,5293,"Willem Dafoe",1
1268,16373,"Maxim Baldry",2
1268,10841,"Karel Roden",3
1268,4286,"Emma de Caunes",4
4513,2299,"Josh Hartnett",0
4513,27755,"Melissa George",1
4513,6413,"Danny Huston",2
4513,11107,"Ben Foster",3
4513,534,"Mark Boone Junior",4
2310,5538,"Ray Winstone",0
2310,11701,"Angelina Jolie",1
2310,4173,"Anthony Hopkins",2
2310,6949,"John Malkovich",3
2310,32,"Robin Wright",4
13363,56112,"David Lee Smith",0
13363,19384,"Tony Todd",1
13363,21722,"John Billingsley",2
13363,76463,"Ellen Crawford",3
13363,76464,"Annika Peterson",4
5123,1281,"Freddie Highmore",0
5123,41292,"Keri Russell",1
5123,1244,"Jonathan Rhys Meyers",2
5123,18288,"Terrence Howard",3
5123,2157,"Robin Williams",4
4512,287,"Brad Pitt",0
4512,1893,"Casey Affleck",1
4512,6807,"Sam Rockwell",2
4512,15684,"Paul Schneider",3
4512,17604,"Jeremy Renner",4
9408,10959,"Shia LaBeouf",0
9408,1229,"Jeff Bridges",1
9408,11664,"Zooey Deschanel",2
9408,53926,"Jon Heder",3
9408,4512,"James Woods",4
9757,776,"Eddie Murphy",0
9757,9030,"Thandiwe Newton",1
9757,53256,"Terry Crews",2
9757,58924,"Clifton Powell",3
9757,58925,"Lester Speight",4
2976,29224,"Nikki Blonsky",0
2976,8891,"John Travolta",1
2976,1160,"Michelle Pfeiffer",2
2976,4690,"Christopher Walken",3
2976,29220,"Amanda Bynes",4
2082,21318,"Scout Taylor-Compton",0
2082,56890,"Malcolm McDowell",1
2082,9832,"Tyler Mane",2
2082,21319,"Sheri Moon Zombie",3
2082,1370,"Brad Dourif",4
3563,19292,"Adam Sandler",0
3563,32895,"Kevin James",1
3563,10860,"Jessica Biel",2
3563,707,"Dan Aykroyd",3
3563,10182,"Ving Rhames",4
14001,133212,"Ryan Kwanten",0
14001,38425,"Amber Valletta",1
14001,2680,"Donnie Wahlberg",2
14001,4029,"Bob Gunton",3
14001,73836,"Laura Regan",4
11199,12898,"Tim Allen",0
11199,8891,"John Travolta",1
11199,78029,"Martin Lawrence",2
11199,3905,"William H. Macy",3
11199,11477,"Ray Liotta",4
1646,448,"Hilary Swank",0
1646,18352,"Patrick Dempsey",1
1646,349,"Scott Glenn",2
1646,11356,"Imelda Staunton",3
1646,18353,"April Hernandez Castillo",4
1248,16790,"Gaspard Ulliel",0
1248,16789,"Aaran Thomas",1
1248,643,"Gong Li",2
1248,17287,"Dominic West",3
1248,7026,"Rhys Ifans",4
1691,37014,"Lauren German",0
1691,33656,"Heather Matarazzo",1
1691,11671,"Bijou Phillips",2
1691,37015,"Vera Jordanova",3
1691,19487,"Jay Hernandez",4
13680,18918,"Dwayne Johnson",0
13680,74929,"Madison Pettis",1
13680,26467,"Kyra Sedgwick",2
13680,41901,"Roselyn Sánchez",3
13680,9779,"Morris Chestnut",4
4141,2296,"Clive Owen",0
4141,13242,"Paul Giamatti",1
4141,28782,"Monica Bellucci",2
4141,230,"Stephen McHattie",3
4141,231,"Greg Bryk",4
6615,30614,"Ryan Gosling",0
6615,1246,"Emily Mortimer",1
6615,15684,"Paul Schneider",2
6615,44183,"R.D. Reid",3
6615,17442,"Kelli Garner",4
10431,1336,"Jet Li",0
10431,976,"Jason Statham",1
10431,11389,"John Lone",2
10431,6278,"Devon Aoki",3
10431,40481,"Luis Guzmán",4
8277,26973,"John White",0
8277,54598,"Jake Siegel",1
8277,26975,"Steve Talley",2
8277,4443,"Christopher McDonald",3
8277,26510,"Eugene Levy",4
4566,1461,"George Clooney",0
4566,207,"Tom Wilkinson",1
4566,3063,"Tilda Swinton",2
4566,2226,"Sydney Pollack",3
4566,38085,"Michael O'Keefe",4
9955,23659,"Will Ferrell",0
9955,53926,"Jon Heder",1
9955,21200,"Will Arnett",2
9955,56322,"Amy Poehler",3
9955,51856,"Jenna Fischer",4
2196,15576,"Matthew Macfadyen",0
2196,22970,"Peter Dinklage",1
2196,1125,"Ewen Bremner",2
2196,22809,"Keeley Hawes",3
2196,22810,"Andy Nyman",4
3432,1269,"Kevin Costner",0
3432,3416,"Demi Moore",1
3432,31837,"Dane Cook",2
3432,227,"William Hurt",3
3432,19838,"Marg Helgenberger",4
4349,134,"Jamie Foxx",0
4349,9278,"Jennifer Garner",1
4349,2955,"Chris Cooper",2
4349,23532,"Jason Bateman",3
4349,762,"Ali Suliman",4
11172,69597,"Drew Barrymore",0
11172,3291,"Hugh Grant",1
11172,18,"Brad Garrett",2
11172,58754,"Haley Bennett",3
11172,207915,"Brooke Tansley",4
4858,2227,"Nicole Kidman",0
4858,8784,"Daniel Craig",1
4858,39728,"Jackson Bond",2
4858,18325,"Jeremy Northam",3
4858,2954,"Jeffrey Wright",4
9038,7399,"Ben Stiller",0
9038,50463,"Malin Akerman",1
9038,11705,"Michelle Monaghan",2
9038,26042,"Jerry Stiller",3
9038,52997,"Rob Corddry",4
7972,1233,"Philip Seymour Hoffman",0
7972,569,"Ethan Hawke",1
7972,3926,"Albert Finney",2
7972,3141,"Marisa Tomei",3
7972,53441,"Aleksa Palladino",4
9760,53493,"Kal Penn",0
9760,58952,"Adam Campbell",1
9760,38334,"Jennifer Coolidge",2
9760,34195,"Jayma Mays",3
9760,58953,"Faune Chambers Watkins",4
9963,18277,"Sandra Bullock",0
9963,20402,"Julian McMahon",1
9963,58412,"Courtney Taylor Burness",2
9963,61098,"Shyann McClure",3
9963,9781,"Nia Long",4
10030,31837,"Dane Cook",0
10030,56731,"Jessica Alba",1
10030,58873,"Dan Fogler",2
10030,62171,"Ellia English",3
10030,205300,"Lonny Ross",4
6538,31,"Tom Hanks",0
6538,1204,"Julia Roberts",1
6538,1233,"Philip Seymour Hoffman",2
6538,9273,"Amy Adams",3
6538,5081,"Emily Blunt",4
10294,3967,"Kate Beckinsale",0
10294,36422,"Luke Wilson",1
10294,11805,"Frank Whaley",2
10294,58019,"Ethan Embry",3
10294,8549,"Scott G. Anderson",4
9793,101416,"Michael McMillian",0
9793,55463,"Jessica Stroup",1
9793,16429,"Jacob Vargas",2
9793,109686,"Flex Alexander",3
9793,37008,"Michael Bailey Smith",4
13483,17244,"Hayden Christensen",0
13483,56731,"Jessica Alba",1
13483,18288,"Terrence Howard",2
13483,5313,"Lena Olin",3
13483,4443,"Christopher McDonald",4
13186,57514,"Erica Leerhsen",0
13186,9290,"Henry Rollins",1
13186,53185,"Texas Battle",2
13186,53441,"Aleksa Palladino",3
13186,59296,"Daniella Alonso",4
2001,73421,"Joaquin Phoenix",0
2001,13240,"Mark Wahlberg",1
2001,8170,"Eva Mendes",2
2001,3087,"Robert Duvall",3
2001,20563,"Alex Veadov",4
3638,1922,"Catherine Zeta-Jones",0
3638,6383,"Aaron Eckhart",1
3638,17140,"Abigail Breslin",2
3638,1276,"Patricia Clarkson",3
3638,33430,"Jenny Wade",4
5723,45124,"Glen Hansard",0
5723,45127,"Markéta Irglová",1
5723,231753,"Hugh Walsh",2
5723,231754,"Gerard Hendrick",3
5723,45129,"Alaistair Foley",4
9952,3894,"Christian Bale",0
9952,18324,"Steve Zahn",1
9952,18271,"Toby Huss",2
9952,60851,"François Chau",3
9952,3041,"Marshall Bell",4
4688,38940,"Evan Rachel Wood",0
4688,38941,"Jim Sturgess",1
4688,29234,"Joe Anderson",2
4688,38942,"Dana Fuchs",3
4688,38943,"Martin Luther",4
155,3894,"Christian Bale",0
155,1810,"Heath Ledger",1
155,6383,"Aaron Eckhart",2
155,3895,"Michael Caine",3
155,1579,"Maggie Gyllenhaal",4
1726,3223,"Robert Downey Jr.",0
1726,18288,"Terrence Howard",1
1726,1229,"Jeff Bridges",2
1726,12052,"Gwyneth Paltrow",3
1726,57451,"Leslie Bibb",4
10681,670,"Ben Burtt",0
10681,72754,"Elissa Knight",1
10681,60074,"Jeff Garlin",2
10681,20753,"Fred Willard",3
10681,7907,"John Ratzenberger",4
8966,37917,"Kristen Stewart",0
8966,11288,"Robert Pattinson",1
8966,21029,"Billy Burke",2
8966,56857,"Peter Facinelli",3
8966,45827,"Ashley Greene",4
4922,287,"Brad Pitt",0
4922,112,"Cate Blanchett",1
4922,40036,"Taraji P. Henson",2
4922,15887,"Julia Ormond",3
4922,973,"Jason Flemyng",4
1724,819,"Edward Norton",0
1724,882,"Liv Tyler",1
1724,3129,"Tim Roth",2
1724,227,"William Hurt",3
1724,1462,"Tim Blake Nelson",4
9502,70851,"Jack Black",0
9502,4483,"Dustin Hoffman",1
9502,11701,"Angelina Jolie",2
9502,6972,"Ian McShane",3
9502,19274,"Seth Rogen",4
8681,3896,"Liam Neeson",0
8681,11825,"Maggie Grace",1
8681,10696,"Famke Janssen",2
8681,49278,"Olivier Rabourdin",3
8681,55775,"Katie Cassidy",4
13223,190,"Clint Eastwood",0
13223,74308,"Christopher Carley",1
13223,74309,"Bee Vang",2
13223,74312,"Ahney Her",3
13223,10138,"Brian Haley",4
12405,76788,"Dev Patel",0
12405,76792,"Freida Pinto",1
12405,964549,"Madhur Mittal",2
12405,72118,"Anil Kapoor",3
12405,85456,"Mahesh Manjrekar",4
8960,2888,"Will Smith",0
8960,6885,"Charlize Theron",1
8960,23532,"Jason Bateman",2
8960,66658,"Jae Head",3
8960,1665,"Eddie Marsan",4
217,3,"Harrison Ford",0
217,112,"Cate Blanchett",1
217,650,"Karen Allen",2
217,10959,"Shia LaBeouf",3
217,5538,"Ray Winstone",4
10764,8784,"Daniel Craig",0
10764,18182,"Olga Kurylenko",1
10764,8789,"Mathieu Amalric",2
10764,5309,"Judi Dench",3
10764,3753,"Giancarlo Giannini",4
7191,51988,"Lizzy Caplan",0
7191,51989,"Jessica Lucas",1
7191,51990,"T.J. Miller",2
7191,51991,"Michael Stahl-David",3
7191,6858,"Mike Vogel",4
14574,77996,"Asa Butterfield",0
14574,21657,"Vera Farmiga",1
14574,11207,"David Thewlis",2
14574,36669,"Rupert Friend",3
14574,54014,"David Hayman",4
8909,5530,"James McAvoy",0
8909,11701,"Angelina Jolie",1
8909,192,"Morgan Freeman",2
8909,28641,"Terence Stamp",3
8909,3491,"Thomas Kretschmann",4
10527,7399,"Ben Stiller",0
10527,2632,"Chris Rock",1
10527,14409,"David Schwimmer",2
10527,9575,"Jada Pinkett Smith",3
10527,6730,"Sacha Baron Cohen",4
10201,206,"Jim Carrey",0
10201,11664,"Zooey Deschanel",1
10201,51329,"Bradley Cooper",2
10201,8265,"John Michael Higgins",3
10201,82666,"Rhys Darby",4
11321,2888,"Will Smith",0
11321,5916,"Rosario Dawson",1
11321,57755,"Woody Harrelson",2
11321,8177,"Michael Ealy",3
11321,12834,"Barry Pepper",4
7446,7399,"Ben Stiller",0
7446,3223,"Robert Downey Jr.",1
7446,70851,"Jack Black",2
7446,449,"Jay Baruchel",3
7446,53336,"Brandon T. Jackson",4
11631,71070,"Amanda Seyfried",0
11631,5064,"Meryl Streep",1
11631,517,"Pierce Brosnan",2
11631,5472,"Colin Firth",3
11631,1640,"Stellan Skarsgård",4
2454,5526,"Georgie Henley",0
2454,5527,"Skandar Keynes",1
2454,5528,"William Moseley",2
2454,5529,"Anna Popplewell",3
2454,25130,"Ben Barnes",4
13053,8891,"John Travolta",0
13053,76594,"Miley Cyrus",1
13053,56910,"Susie Essman",2
13053,61423,"Mark Walton",3
13053,56890,"Malcolm McDowell",4
8247,17244,"Hayden Christensen",0
8247,478,"Jamie Bell",1
8247,2231,"Samuel L. Jackson",2
8247,52783,"Rachel Bilson",3
8247,12132,"Michael Rooker",4
12162,17604,"Jeremy Renner",0
12162,53650,"Anthony Mackie",1
12162,49271,"Brian Geraghty",2
12162,52,"David Morse",3
12162,529,"Guy Pearce",4
8321,72466,"Colin Farrell",0
8321,2039,"Brendan Gleeson",1
8321,5469,"Ralph Fiennes",2
8321,11291,"Clémence Poésy",3
8321,45749,"Thekla Reuten",4
11253,2372,"Ron Perlman",0
11253,11826,"Selma Blair",1
11253,17005,"Doug Jones",2
11253,443770,"John Alexander",3
11253,52139,"Seth MacFarlane",4
4944,1461,"George Clooney",0
4944,3910,"Frances McDormand",1
4944,287,"Brad Pitt",2
4944,6949,"John Malkovich",3
4944,3063,"Tilda Swinton",4
88751,18269,"Brendan Fraser",0
88751,27972,"Josh Hutcherson",1
88751,70785,"Anita Briem",2
88751,62856,"Seth Meyers",3
88751,70786,"Jean Michel Paré",4
8065,38941,"Jim Sturgess",0
8065,1979,"Kevin Spacey",1
8065,7517,"Kate Bosworth",2
8065,54247,"Aaron Yoo",3
8065,51998,"Liza Lapira",4
1735,18269,"Brendan Fraser",0
1735,49,"Maria Bello",1
1735,10727,"John Hannah",2
1735,55900,"Luke Ford",3
1735,72040,"Isabella Leong Lok-Sze",4
14306,887,"Owen Wilson",0
14306,4491,"Jennifer Aniston",1
14306,58115,"Eric Dane",2
14306,3391,"Kathleen Turner",3
14306,1903,"Alan Arkin",4
3580,11701,"Angelina Jolie",0
3580,6949,"John Malkovich",1
3580,52886,"Jeffrey Donovan",2
3580,50217,"Michael Kelly",3
3580,10132,"Colm Feore",4
7555,16483,"Sylvester Stallone",0
7555,35551,"Julie Benz",1
7555,12793,"Matthew Marsden",2
7555,95047,"Graham McTavish",3
7555,52946,"Reynaldo Gallegos",4
10189,19274,"Seth Rogen",0
10189,17051,"James Franco",1
10189,21163,"Gary Cole",2
10189,62862,"Danny McBride",3
10189,4810,"Rosie Perez",4
10483,976,"Jason Statham",0
10483,11148,"Joan Allen",1
10483,6972,"Ian McShane",2
10483,8169,"Tyrese Gibson",3
10483,76511,"Natalie Martinez",4
2253,500,"Tom Cruise",0
2253,11181,"Kenneth Branagh",1
2253,2440,"Bill Nighy",2
2253,28641,"Terence Stamp",3
2253,207,"Tom Wilkinson",4
4148,6193,"Leonardo DiCaprio",0
4148,204,"Kate Winslet",1
4148,8534,"Kathy Bates",2
4148,335,"Michael Shannon",3
4148,17696,"Kathryn Hahn",4
10661,19292,"Adam Sandler",0
10661,59192,"Emmanuelle Chriqui",1
10661,1241,"John Turturro",2
10661,32907,"Nick Swardson",3
10661,53647,"Lainie Kazan",4
12163,2295,"Mickey Rourke",0
12163,3141,"Marisa Tomei",1
12163,38940,"Evan Rachel Wood",2
12163,1173,"Mark Margolis",3
12163,176031,"Todd Barry",4
5038,1245,"Scarlett Johansson",0
5038,15556,"Rebecca Hall",1
5038,3810,"Javier Bardem",2
5038,955,"Penélope Cruz",3
5038,60021,"Christopher Evan Welch",4
8645,13240,"Mark Wahlberg",0
8645,11664,"Zooey Deschanel",1
8645,5723,"John Leguizamo",2
8645,18290,"Ashlyn Sanchez",3
8645,52462,"Betty Buckley",4
11665,4495,"Steve Carell",0
11665,1813,"Anne Hathaway",1
11665,18918,"Dwayne Johnson",2
11665,1903,"Alan Arkin",3
11665,28641,"Terence Stamp",4
11917,2144,"Tobin Bell",0
11917,36055,"Costas Mandylor",1
11917,50020,"Scott Patterson",2
11917,22434,"Betsy Russell",3
11917,35551,"Julie Benz",4
10200,6384,"Keanu Reeves",0
10200,6161,"Jennifer Connelly",1
10200,120724,"Jaden Smith",2
10200,65717,"Jon Hamm",3
10200,8534,"Kathy Bates",4
9870,41088,"Jason Segel",0
9870,40462,"Kristen Bell",1
9870,18973,"Mila Kunis",2
9870,59919,"Russell Brand",3
9870,19278,"Bill Hader",4
13387,976,"Jason Statham",0
13387,75036,"Natalya Rudakova",1
13387,7693,"François Berléand",2
13387,17343,"Robert Knepper",3
13387,1924,"Jeroen Krabbé",4
11887,29222,"Zac Efron",0
11887,67599,"Vanessa Hudgens",1
11887,67600,"Ashley French",2
11887,67601,"Lucas Grabeel",3
11887,67602,"Corbin Bleu",4
12222,206,"Jim Carrey",0
12222,4495,"Steve Carell",1
12222,14837,"Carol Burnett",2
12222,21200,"Will Arnett",3
12222,19274,"Seth Rogen",4
12133,23659,"Will Ferrell",0
12133,4764,"John C. Reilly",1
12133,28633,"Richard Jenkins",2
12133,2453,"Mary Steenburgen",3
12133,36801,"Adam Scott",4
6557,25541,"Katherine Heigl",0
6557,11006,"James Marsden",1
6557,50463,"Malin Akerman",2
6557,20750,"Judy Greer",3
6557,12833,"Edward Burns",4
8055,5469,"Ralph Fiennes",0
8055,204,"Kate Winslet",1
8055,5847,"David Kross",2
8055,5313,"Lena Olin",3
8055,2310,"Bruno Ganz",4
12113,6193,"Leonardo DiCaprio",0
12113,934,"Russell Crowe",1
12113,229932,"Golshifteh Farahani",2
12113,2983,"Mark Strong",3
12113,762,"Ali Suliman",4
13809,17276,"Gerard Butler",0
13809,207,"Tom Wilkinson",1
13809,9030,"Thandiwe Newton",2
13809,2983,"Mark Strong",3
13809,17605,"Idris Elba",4
9029,6941,"Cameron Diaz",0
9029,18976,"Ashton Kutcher",1
9029,52997,"Rob Corddry",2
9029,25703,"Lake Bell",3
9029,58224,"Jason Sudeikis",4
7840,54815,"Steven Strait",0
7840,38670,"Camilla Belle",1
7840,7248,"Cliff Curtis",2
7840,54805,"Nathanael Baring",3
7840,54806,"Mo Zinal",4
13027,10959,"Shia LaBeouf",0
13027,11705,"Michelle Monaghan",1
13027,5916,"Rosario Dawson",2
13027,19654,"Michael Chiklis",3
13027,53650,"Anthony Mackie",4
10202,19292,"Adam Sandler",0
10202,41292,"Keri Russell",1
10202,529,"Guy Pearce",2
10202,14405,"Courteney Cox",3
10202,20584,"Lucy Lawless",4
8204,1281,"Freddie Highmore",0
8204,33397,"Sarah Bolger",1
8204,11064,"David Strathairn",2
8204,18248,"Mary-Louise Parker",3
8204,1733,"Nick Nolte",4
10358,19274,"Seth Rogen",0
10358,9281,"Elizabeth Banks",1
10358,64342,"Craig Robinson",2
10358,76525,"Gerry Bednob",3
10358,4183748,"Edward Janda",4
10665,882,"Liv Tyler",0
10665,100,"Scott Speedman",1
10665,55901,"Gemma Ward",2
10665,60509,"Kip Weeks",3
10665,162813,"Laura Margolis",4
8848,976,"Jason Statham",0
8848,9825,"Saffron Burrows",1
8848,55467,"Stephen Campbell Moore",2
8848,1670,"Daniel Mays",3
8848,9140,"James Faulkner",4
8390,10859,"Ryan Reynolds",0
8390,17140,"Abigail Breslin",1
8390,9281,"Elizabeth Banks",2
8390,52848,"Isla Fisher",3
8390,3293,"Rachel Weisz",4
8456,55084,"Sean Faris",0
8456,55085,"Amber Heard",1
8456,55086,"Cam Gigandet",2
8456,938,"Djimon Hounsou",3
8456,55089,"Evan Peters",4
6972,2227,"Nicole Kidman",0
6972,6968,"Hugh Jackman",1
6972,33449,"Essie Davis",2
6972,1371,"David Wenham",3
6972,29092,"Bryan Brown",4
10139,2228,"Sean Penn",0
10139,46593,"Emile Hirsch",1
10139,16851,"Josh Brolin",2
10139,8688,"Diego Luna",3
10139,17051,"James Franco",4
8328,54499,"Briana Evigan",0
8328,58368,"Robert Hoffman",1
8328,54500,"Will Kemp",2
8328,54502,"Cassie Ventura",3
8328,54503,"Adam Sevani",4
8461,3489,"Naomi Watts",0
8461,3129,"Tim Roth",1
8461,10692,"Michael Pitt",2
8461,55493,"Brady Corbet",3
8461,55494,"Devon Gearhart",4
13051,13240,"Mark Wahlberg",0
13051,18973,"Mila Kunis",1
13051,2222,"Beau Bridges",2
13051,8171,"Ludacris",3
13051,5577,"Chris O'Donnell",4
2309,18269,"Brendan Fraser",0
2309,6162,"Paul Bettany",1
2309,15735,"Helen Mirren",2
2309,388,"Jim Broadbent",3
2309,1333,"Andy Serkis",4
9381,12835,"Vin Diesel",0
9381,59373,"Mélanie Thierry",1
9381,2192,"Lambert Wilson",2
9381,44079,"Charlotte Rampling",3
9381,1620,"Michelle Yeoh",4
4564,520,"Sarah Jessica Parker",0
4564,2109,"Kim Cattrall",1
4564,38025,"Kristin Davis",2
4564,38024,"Cynthia Nixon",3
4564,38026,"Chris Noth",4
12184,524,"Natalie Portman",0
12184,1245,"Scarlett Johansson",1
12184,8783,"Eric Bana",2
12184,38941,"Jim Sturgess",3
12184,40900,"Mark Rylance",4
12180,34202,"Matt Lanter",0
12180,41345,"Ashley Eckstein",1
12180,19506,"James Arnold Taylor",2
12180,1235786,"David Acord",3
12180,23680,"Dee Bradley Baker",4
7461,6065,"Dennis Quaid",0
7461,28657,"Matthew Fox",1
7461,2178,"Forest Whitaker",2
7461,10205,"Sigourney Weaver",3
7461,227,"William Hurt",4
15373,57599,"Seann William Scott",0
15373,22226,"Paul Rudd",1
15373,54691,"Christopher Mintz-Plasse",2
15373,75633,"Bobb'e J. Thompson",3
15373,9281,"Elizabeth Banks",4
13655,85138,"Demi Lovato",0
13655,85757,"Joe Jonas",1
13655,130567,"Meaghan Jette Martin",2
13655,85759,"Maria Canals-Barrera",3
13655,58965,"Alyson Stoner",4
13510,17521,"Kelly Reilly",0
13510,17288,"Michael Fassbender",1
13510,85065,"Jack O'Connell",2
13510,85066,"Finn Atkins",3
13510,70517,"Thomas Turgoose",4
15157,77948,"Selena Gomez",0
15157,92619,"Drew Seeley",1
15157,43775,"Jane Lynch",2
15157,27136,"Katharine Isabelle",3
15157,64914,"Emily Perkins",4
13515,2628,"Kiefer Sutherland",0
13515,52851,"Paula Patton",1
13515,20189,"Amy Smart",2
13515,973,"Jason Flemyng",3
13515,75041,"Cameron Boyce",4
11918,3272,"Drake Bell",0
11918,60072,"Sara Paxton",1
11918,4443,"Christopher McDonald",2
11918,7633,"Leslie Nielsen",3
11918,55638,"Kevin Hart",4
12620,1772,"Anna Faris",0
12620,3492,"Colin Hanks",1
12620,54693,"Emma Stone",2
12620,52852,"Kat Dennings",3
12620,31309,"Hugh Hefner",4
1729,18897,"Jackie Chan",0
1729,1336,"Jet Li",1
1729,11665,"Michael Angarano",2
1729,122503,"Liu Yifei",3
1729,109432,"Li Bingbing",4
14359,5064,"Meryl Streep",0
14359,1233,"Philip Seymour Hoffman",1
14359,9273,"Amy Adams",2
14359,19492,"Viola Davis",3
14359,17488,"Alice Drummond",4
13813,8784,"Daniel Craig",0
13813,23626,"Liev Schreiber",1
13813,478,"Jamie Bell",2
13813,28109,"Alexa Davalos",3
13813,78018,"Allan Corduner",4
13600,36592,"Saoirse Ronan",0
13600,45051,"Harry Treadaway",1
13600,1532,"Bill Murray",2
13600,27822,"David Ryall",3
13600,504,"Tim Robbins",4
13971,34847,"Emma Roberts",0
13971,61363,"Alex Pettyfer",1
13971,20162,"Natasha Richardson",2
13971,124828,"Kimberley Nixon",3
13971,36594,"Juno Temple",4
7278,74290,"Travis Van Winkle",0
7278,52262,"Sean Maguire",1
7278,28639,"Carmen Electra",2
7278,6734,"Ken Davitian",3
7278,51965,"Kevin Sorbo",4
7459,46593,"Emile Hirsch",0
7459,6886,"Christina Ricci",1
7459,1230,"John Goodman",2
7459,4038,"Susan Sarandon",3
7459,28657,"Matthew Fox",4
10761,18352,"Patrick Dempsey",0
10761,11705,"Michelle Monaghan",1
10761,9013,"Kevin McKidd",2
10761,66554,"Kadeem Hardison",3
10761,61659,"Chris Messina",4
12783,116,"Keira Knightley",0
12783,5469,"Ralph Fiennes",1
12783,44079,"Charlotte Rampling",2
12783,55470,"Dominic Cooper",3
12783,39459,"Hayley Atwell",4
1266,6384,"Keanu Reeves",0
1266,2178,"Forest Whitaker",1
1266,16828,"Chris Evans",2
1266,41419,"Hugh Laurie",3
1266,2038,"Naomie Harris",4
8836,12640,"David Duchovny",0
8836,12214,"Gillian Anderson",1
8836,2956,"Amanda Peet",2
8836,9188,"Billy Connolly",3
8836,336,"Xzibit",4
13335,68842,"John Cho",0
13335,53493,"Kal Penn",1
13335,41686,"Neil Patrick Harris",2
13335,52997,"Rob Corddry",3
13335,45566,"Roger Bart",4
4960,1233,"Philip Seymour Hoffman",0
4960,2206,"Samantha Morton",1
4960,1812,"Michelle Williams",2
4960,2229,"Catherine Keener",3
4960,1639,"Emily Watson",4
8676,10297,"Matthew McConaughey",0
8676,11661,"Kate Hudson",1
8676,55636,"Donald Sutherland",2
8676,4433,"Alexis Dziena",3
8676,1125,"Ewen Bremner",4
13179,52404,"Mae Whitman",0
13179,52775,"Kristin Chenoweth",1
13179,66896,"Raven-Symoné",2
13179,140,"Lucy Liu",3
13179,59174,"America Ferrera",4
14784,72095,"Lee Pace",0
14784,42705,"Justine Waddell",1
14784,19875,"Daniel Caltagirone",2
14784,29237,"Leo Bill",3
14784,77292,"Sean Gilder",4
11260,776,"Eddie Murphy",0
11260,9281,"Elizabeth Banks",1
11260,17773,"Gabrielle Union",2
11260,1894,"Scott Caan",3
11260,27105,"Ed Helms",4
4953,70851,"Jack Black",0
4953,4239,"Yasiin Bey",1
4953,2047,"Danny Glover",2
4953,12021,"Mia Farrow",3
4953,53936,"Melonie Díaz",4
19995,65731,"Sam Worthington",0
19995,8691,"Zoe Saldaña",1
19995,10205,"Sigourney Weaver",2
19995,32747,"Stephen Lang",3
19995,17647,"Michelle Rodriguez",4
16869,287,"Brad Pitt",0
16869,19119,"Mélanie Laurent",1
16869,27319,"Christoph Waltz",2
16869,16847,"Eli Roth",3
16869,17288,"Michael Fassbender",4
14160,68812,"Ed Asner",0
14160,290,"Christopher Plummer",1
14160,80676,"Jordan Nagai",2
14160,10,"Bob Peterson",3
14160,18792,"Delroy Lindo",4
767,10980,"Daniel Radcliffe",0
767,10989,"Rupert Grint",1
767,10990,"Emma Watson",2
767,388,"Jim Broadbent",3
767,5658,"Michael Gambon",4
18785,51329,"Bradley Cooper",0
18785,27105,"Ed Helms",1
18785,58225,"Zach Galifianakis",2
18785,21180,"Justin Bartha",3
18785,69122,"Heather Graham",4
10528,3223,"Robert Downey Jr.",0
10528,9642,"Jude Law",1
10528,53714,"Rachel McAdams",2
10528,2983,"Mark Strong",3
10528,1665,"Eddie Marsan",4
19908,44735,"Jesse Eisenberg",0
19908,57755,"Woody Harrelson",1
19908,54693,"Emma Stone",2
19908,17140,"Abigail Breslin",3
19908,55085,"Amber Heard",4
14161,3036,"John Cusack",0
14161,2956,"Amanda Peet",1
14161,5294,"Chiwetel Ejiofor",2
14161,9030,"Thandiwe Newton",3
14161,17485,"Oliver Platt",4
2080,6968,"Hugh Jackman",0
2080,23626,"Liev Schreiber",1
2080,6413,"Danny Huston",2
2080,21044,"Lynn Collins",3
2080,79072,"Kevin Durand",4
19913,24045,"Joseph Gordon-Levitt",0
19913,11664,"Zooey Deschanel",1
19913,5375,"Geoffrey Arend",2
19913,56734,"Chloë Grace Moretz",3
19913,5661,"Matthew Gray Gubler",4
13475,62064,"Chris Pine",0
13475,17306,"Zachary Quinto",1
13475,1749,"Leonard Nimoy",2
13475,8783,"Eric Bana",3
13475,21089,"Bruce Greenwood",4
17654,82191,"Sharlto Copley",0
17654,82193,"Jason Cope",1
17654,97599,"Nathalie Boltt",2
17654,230818,"Sylvaine Strike",3
17654,1086505,"Elizabeth Mkandawie",4
13183,50463,"Malin Akerman",0
13183,17178,"Patrick Wilson",1
13183,8289,"Billy Crudup",2
13183,1247,"Matthew Goode",3
13183,17183,"Jackie Earle Haley",4
18239,37917,"Kristen Stewart",0
18239,11288,"Robert Pattinson",1
18239,84214,"Taylor Lautner",2
18239,501,"Dakota Fanning",3
18239,3968,"Michael Sheen",4
14836,501,"Dakota Fanning",0
14836,10742,"Teri Hatcher",1
14836,12094,"Jennifer Saunders",2
14836,5539,"Dawn French",3
14836,65827,"Keith David",4
8373,10959,"Shia LaBeouf",0
8373,19537,"Megan Fox",1
8373,19540,"Peter Cullen",2
8373,1331,"Hugo Weaving",3
8373,19384,"Tony Todd",4
8355,15757,"Ray Romano",0
8355,5723,"John Leguizamo",1
8355,5724,"Denis Leary",2
8355,11108,"Simon Pegg",3
8355,57599,"Seann William Scott",4
13804,12835,"Vin Diesel",0
13804,8167,"Paul Walker",1
13804,17647,"Michelle Rodriguez",2
13804,22123,"Jordana Brewster",3
13804,40543,"John Ortiz",4
18240,18277,"Sandra Bullock",0
18240,10859,"Ryan Reynolds",1
18240,50463,"Malin Akerman",2
18240,8977,"Craig T. Nelson",3
18240,2453,"Mary Steenburgen",4
13448,31,"Tom Hanks",0
13448,3061,"Ewan McGregor",1
13448,8786,"Ayelet Zurer",2
13448,1640,"Stellan Skarsgård",3
13448,17839,"Pierfrancesco Favino",4
18360,7399,"Ben Stiller",0
18360,9273,"Amy Adams",1
18360,887,"Owen Wilson",2
18360,5587,"Hank Azaria",3
18360,2157,"Robin Williams",4
28178,1205,"Richard Gere",0
28178,11148,"Joan Allen",1
28178,20376,"Sarah Roemer",2
28178,11398,"Cary-Hiroyuki Tagawa",3
28178,18917,"Erick Avari",4
534,3894,"Christian Bale",0
534,65731,"Sam Worthington",1
534,56455,"Moon Bloodgood",2
534,1283,"Helena Bonham Carter",3
534,21028,"Anton Yelchin",4
22881,18277,"Sandra Bullock",0
22881,74428,"Tim McGraw",1
22881,112560,"Quinton Aaron",2
22881,66658,"Jae Head",3
22881,112561,"Lily Collins",4
22794,19278,"Bill Hader",0
22794,1772,"Anna Faris",1
22794,3085,"James Caan",2
22794,62861,"Andy Samberg",3
22794,11357,"Bruce Campbell",4
17431,6807,"Sam Rockwell",0
17431,1979,"Kevin Spacey",1
17431,115146,"Dominique McElligott",2
17431,115147,"Rosie Shaw",3
17431,115149,"Adrienne Shaw",4
31011,7499,"Jared Leto",0
31011,98,"Sarah Polley",1
31011,9824,"Diane Kruger",2
31011,19115,"Linh-Dan Pham",3
31011,7026,"Rhys Ifans",4
10315,1461,"George Clooney",0
10315,5064,"Meryl Streep",1
10315,17881,"Jason Schwartzman",2
10315,1332415,"Eric Chase Anderson",3
10315,486,"Wallace Wolodarsky",4
10198,15563,"Anika Noni Rose",0
10198,66252,"Bruno Campos",1
10198,12077,"Jim Cummings",2
10198,110884,"Michael-Leon Wooley",3
10198,65827,"Keith David",4
13811,2963,"Nicolas Cage",0
13811,9827,"Rose Byrne",1
13811,77334,"Chandler Canterbury",2
13811,77335,"Ben Mendelsohn",3
13811,77336,"Nadia Townsend",4
22803,134,"Jamie Foxx",0
22803,17276,"Gerard Butler",1
22803,17782,"Colm Meaney",2
22803,14888,"Bruce McGill",3
22803,57451,"Leslie Bibb",4
21208,21657,"Vera Farmiga",0
21208,133,"Peter Sarsgaard",1
21208,77517,"Isabelle Fuhrman",2
21208,30485,"CCH Pounder",3
21208,6860,"Jimmy Bennett",4
23827,90596,"Katie Featherston",0
23827,90597,"Micah Sloat",1
23827,90598,"Mark Fredrichs",2
23827,967678,"Amber Armstrong",3
23827,967721,"Ashley Palmer",4
16996,29222,"Zac Efron",0
16996,41087,"Leslie Mann",1
16996,539,"Thomas Lennon",2
16996,49961,"Michelle Trachtenberg",3
16996,87741,"Sterling Knight",4
15512,368,"Reese Witherspoon",0
15512,19274,"Seth Rogen",1
15512,41419,"Hugh Laurie",2
15512,11678,"Rainn Wilson",3
15512,21200,"Will Arnett",4
7980,36592,"Saoirse Ronan",0
7980,13240,"Mark Wahlberg",1
7980,3293,"Rachel Weisz",2
7980,4038,"Susan Sarandon",3
7980,2283,"Stanley Tucci",4
14869,31164,"Adewale Akinnuoye-Agbaje",0
14869,2040,"Christopher Eccleston",1
14869,25002,"Lee Byung-hun",2
14869,24045,"Joseph Gordon-Levitt",3
14869,23459,"Sienna Miller",4
17979,206,"Jim Carrey",0
17979,64,"Gary Oldman",1
17979,5472,"Colin Firth",2
17979,32,"Robin Wright",3
17979,2130,"Cary Elwes",4
11322,85,"Johnny Depp",0
11322,3894,"Christian Bale",1
11322,8293,"Marion Cotillard",2
11322,76512,"Jason Clarke",3
11322,51792,"Rory Cochrane",4
20766,110,"Viggo Mortensen",0
20766,113505,"Kodi Smit-McPhee",1
20766,6885,"Charlize Theron",2
20766,3087,"Robert Duvall",3
20766,529,"Guy Pearce",4
22954,192,"Morgan Freeman",0
22954,1892,"Matt Damon",1
22954,2606,"Tony Kgoroge",2
22954,63136,"Patrick Mofokeng",3
22954,109649,"Matt Stern",4
19994,19537,"Megan Fox",0
19994,71070,"Amanda Seyfried",1
19994,27104,"Johnny Simmons",2
19994,11702,"Adam Brody",3
19994,1908774,"Sal Cortez",4
16871,8291,"Alison Lohman",0
16871,15033,"Justin Long",1
16871,95696,"Lorna Raver",2
16871,95697,"Dileep Rao",3
16871,19839,"David Paymer",4
22947,1461,"George Clooney",0
22947,21657,"Vera Farmiga",1
22947,84223,"Anna Kendrick",2
22947,16431,"Sam Elliott",3
22947,26930,"Amy Morton",4
10184,880,"Ben Affleck",0
10184,4491,"Jennifer Aniston",1
10184,69597,"Drew Barrymore",2
10184,6161,"Jennifer Connelly",3
10184,16666,"Kevin Connolly",4
12437,25702,"Rhona Mitra",0
12437,2440,"Bill Nighy",1
12437,3968,"Michael Sheen",2
12437,3969,"Shane Brolly",3
12437,978,"Steven Mackintosh",4
19912,94421,"Bobby Campo",0
19912,94423,"Shantel VanSanten",1
19912,84076,"Nick Zano",2
19912,94424,"Haley Webb",3
19912,34,"Mykelti Williamson",4
7445,2219,"Tobey Maguire",0
7445,131,"Jake Gyllenhaal",1
7445,524,"Natalie Portman",2
7445,9880,"Sam Shepard",3
7445,51544,"Mare Winningham",4
12244,109,"Elijah Wood",0
12244,290,"Christopher Plummer",1
12244,2641,"Martin Landau",2
12244,4764,"John C. Reilly",3
12244,1064,"Crispin Glover",4
20943,25541,"Katherine Heigl",0
20943,17276,"Gerard Butler",1
20943,74409,"Eric Winter",2
20943,12538,"Nick Searcy",3
20943,62065,"Bree Turner",4
22804,2144,"Tobin Bell",0
22804,36055,"Costas Mandylor",1
22804,6576,"Mark Rolston",2
22804,22434,"Betsy Russell",3
22804,2138,"Shawnee Smith",4
19959,62,"Bruce Willis",0
19959,8329,"Radha Mitchell",1
19959,10882,"Rosamund Pike",2
19959,2505,"James Cromwell",3
19959,10182,"Ving Rhames",4
18487,5292,"Denzel Washington",0
18487,8891,"John Travolta",1
18487,1241,"John Turturro",2
18487,40481,"Luis Guzmán",3
18487,4691,"James Gandolfini",4
15092,976,"Jason Statham",0
15092,20189,"Amy Smart",1
15092,20309,"Dwight Yoakam",2
15092,20190,"Efren Ramirez",3
15092,168974,"Julanne Chidi Hill",4
10521,11661,"Kate Hudson",0
10521,1813,"Anne Hathaway",1
10521,23821,"Bryan Greenberg",2
10521,73457,"Chris Pratt",3
10521,81388,"Steve Howey",4
23398,69899,"Zachary Levi",0
23398,212,"David Cross",1
23398,11662,"Jason Lee",2
23398,15033,"Justin Long",3
23398,5661,"Matthew Gray Gubler",4
26466,27755,"Melissa George",0
26466,96066,"Liam Hemsworth",1
26466,62754,"Emma Lung",2
26466,77767,"Rachael Carpani",3
26466,76068,"Michael Dorman",4
8054,290,"Christopher Plummer",0
8054,53688,"Lily Cole",1
8054,1810,"Heath Ledger",2
8054,37625,"Andrew Garfield",3
8054,10987,"Verne Troyer",4
13207,49623,"Jared Padalecki",0
13207,74290,"Travis Van Winkle",1
13207,31838,"Danielle Panabaker",2
13207,74289,"Amanda Righetti",3
13207,54247,"Aaron Yoo",4
17609,5293,"Willem Dafoe",0
17609,4273,"Charlotte Gainsbourg",1
17609,570509,"Storm Acheche Sahlstrøm",2
20048,52848,"Isla Fisher",0
20048,12791,"Hugh Dancy",1
20048,78080,"Krysten Ritter",2
20048,3234,"Joan Cusack",3
20048,1230,"John Goodman",4
24420,8783,"Eric Bana",0
24420,53714,"Rachel McAdams",1
24420,3229,"Arliss Howard",2
24420,17402,"Ron Livingston",3
24420,537,"Stephen Tobolowsky",4
14560,32895,"Kevin James",0
14560,39213,"Keir O'Donnell",1
14560,34195,"Jayma Mays",2
14560,78436,"Raini Rodriguez",3
14560,28778,"Shirley Knight",4
18533,2524,"Tom Hardy",0
18533,23776,"Matt King",1
18533,19775,"James Lance",2
18533,125718,"Kelly Adams",3
18533,1117431,"Katy Barker",4
19898,11107,"Ben Foster",0
19898,6065,"Dennis Quaid",1
19898,55086,"Cam Gigandet",2
19898,43202,"Antje Traue",3
19898,116637,"Cung Le",4
18501,17276,"Gerard Butler",0
18501,38425,"Amber Valletta",1
18501,53820,"Michael C. Hall",2
18501,26467,"Kyra Sedgwick",3
18501,33235,"Logan Lerman",4
13455,16828,"Chris Evans",0
13455,501,"Dakota Fanning",1
13455,38670,"Camilla Belle",2
13455,938,"Djimon Hounsou",3
13455,7248,"Cliff Curtis",4
12556,10297,"Matthew McConaughey",0
12556,9278,"Jennifer Garner",1
12556,3392,"Michael Douglas",2
12556,33654,"Breckin Meyer",3
12556,22082,"Lacey Chabert",4
10313,1461,"George Clooney",0
10313,3061,"Ewan McGregor",1
10313,1229,"Jeff Bridges",2
10313,1979,"Kevin Spacey",3
10313,418,"Robert Patrick",4
37169,121575,"Ashlynn Yennie",0
37169,121576,"Akihiro Kitamura",1
37169,121577,"Andreas Leupold",2
37169,23721,"Dieter Laser",3
37169,121578,"Peter Blankenstein",4
12573,72873,"Michael Stuhlbarg",0
12573,21125,"Richard Kind",1
12573,105303,"Fred Melamed",2
12573,105304,"Sari Lennick",3
12573,105305,"Aaron Wolff",4
28355,9137,"Renée Zellweger",0
28355,8338,"Jodelle Ferland",1
28355,6972,"Ian McShane",2
28355,51329,"Bradley Cooper",3
28355,76215,"Adrian Lester",4
16614,44735,"Jesse Eisenberg",0
16614,37917,"Kristen Stewart",1
16614,41089,"Martin Starr",2
16614,41091,"Kristen Wiig",3
16614,19278,"Bill Hader",4
23082,17835,"Ricky Gervais",0
23082,9278,"Jennifer Garner",1
23082,52849,"Louis C.K.",2
23082,2879,"Rob Lowe",3
23082,21007,"Jonah Hill",4
29917,68307,"Luke Mably",0
29917,105238,"Chukwudi Iwuji",1
29917,105235,"Adar Beck",2
29917,16756,"Jimi Mistry",3
29917,17337,"Nathalie Cox",4
18947,90451,"Tom Sturridge",0
18947,1233,"Philip Seymour Hoffman",1
18947,7026,"Rhys Ifans",2
18947,2440,"Bill Nighy",3
18947,7056,"Emma Thompson",4
24238,3051,"Toni Collette",0
24238,1233,"Philip Seymour Hoffman",1
24238,22,"Barry Humphries",2
24238,8783,"Eric Bana",3
24238,92731,"Bethany Whitmore",4
10024,6941,"Cameron Diaz",0
10024,17140,"Abigail Breslin",1
10024,95039,"Sofia Vassilieva",2
10024,7447,"Alec Baldwin",3
10024,12261,"Jason Patric",4
14164,503,"Justin Chatwin",0
14164,1619,"Chow Yun-Fat",1
14164,4730,"Emmy Rossum",2
14164,78324,"Jamie Chung",3
14164,47297,"James Marsters",4
23488,25130,"Ben Barnes",0
23488,5472,"Colin Firth",1
23488,15556,"Rebecca Hall",2
23488,6639,"Emilia Fox",3
23488,21343,"Ben Chaplin",4
24803,5064,"Meryl Streep",0
24803,9273,"Amy Adams",1
24803,2283,"Stanley Tucci",2
24803,61659,"Chris Messina",3
24803,58643,"Linda Emond",4
16866,15033,"Justin Long",0
16866,18918,"Dwayne Johnson",1
16866,10860,"Jessica Biel",2
16866,57599,"Seann William Scott",3
16866,64,"Gary Oldman",4
16995,934,"Russell Crowe",0
16995,880,"Ben Affleck",1
16995,53714,"Rachel McAdams",2
16995,15735,"Helen Mirren",3
16995,32,"Robin Wright",4
19899,4937,"Vince Vaughn",0
19899,23532,"Jason Bateman",1
19899,15277,"Jon Favreau",2
19899,62066,"Faizon Love",3
19899,38025,"Kristin Davis",4
18126,76594,"Miley Cyrus",0
18126,78887,"Billy Ray Cyrus",1
18126,82785,"Emily Osment",2
18126,452,"Margo Martindale",3
18126,54594,"Jason Earles",4
17610,70851,"Jack Black",0
17610,39995,"Michael Cera",1
17610,17485,"Oliver Platt",2
17610,212,"David Cross",3
17610,54691,"Christopher Mintz-Plasse",4
16523,80576,"Max Records",0
16523,2229,"Catherine Keener",1
16523,4691,"James Gandolfini",2
16523,54470,"Lauren Ambrose",3
16523,11514,"Catherine O'Hara",4
19585,6807,"Sam Rockwell",0
19585,15277,"Jon Favreau",1
19585,56903,"Tracy Morgan",2
19585,955,"Penélope Cruz",3
19585,2963,"Nicolas Cage",4
18405,3417,"Tony Goldwyn",0
18405,2140,"Monica Potter",1
18405,60072,"Sara Paxton",2
18405,39520,"Garret Dillahunt",3
18405,84497,"Aaron Paul",4
16538,22226,"Paul Rudd",0
16538,41088,"Jason Segel",1
16538,80591,"Rashida Jones",2
16538,62861,"Andy Samberg",3
16538,18999,"J.K. Simmons",4
18480,6730,"Sacha Baron Cohen",0
18480,11040,"Gustaf Hammarsten",1
18480,232055,"Clifford Bañagale",2
18480,124471,"Josh Meyers",3
18480,179882,"Toby Holguin",4
22824,63,"Milla Jovovich",0
22824,13550,"Elias Koteas",1
22824,883,"Will Patton",2
22824,2603,"Hakeem Kae-Kazim",3
22824,17199,"Corey Johnson",4
22825,6941,"Cameron Diaz",0
22825,11006,"James Marsden",1
22825,8924,"Frank Langella",2
22825,8986,"James Rebhorn",3
22825,1578,"Holmes Osborne",4
22832,112013,"Rain",0
22832,2038,"Naomie Harris",1
22832,11280,"Ben Miles",2
22832,10883,"Rick Yune",3
22832,99846,"Sho Kosugi",4
19265,16376,"Larry David",0
19265,38940,"Evan Rachel Wood",1
19265,21731,"Michael McKean",2
19265,84423,"Conleth Hill",3
19265,1276,"Patricia Clarkson",4
13836,18918,"Dwayne Johnson",0
13836,1285,"AnnaSophia Robb",1
13836,23498,"Alexander Ludwig",2
13836,17832,"Carla Gugino",3
13836,8785,"Ciarán Hinds",4
26123,69395,"Bug Hall",0
26123,94906,"Brandon Hardesty",1
26123,94769,"Kevin M. Horton",2
26123,482044,"Beth Behrs",3
26123,453588,"Melanie Papalia",4
25793,109560,"Gabourey Sidibe",0
25793,60561,"Mo'Nique",1
25793,52851,"Paula Patton",2
25793,66586,"Mariah Carey",3
25793,109561,"Sherri Shepherd",4
26736,77948,"Selena Gomez",0
26736,95136,"David Henrie",1
26736,60255,"Jake T. Austin",2
26736,85759,"Maria Canals-Barrera",3
26736,97600,"David DeLuise",4
19458,85138,"Demi Lovato",0
19458,77948,"Selena Gomez",1
19458,85139,"Nicholas Braun",2
19458,155423,"Tom Verica",3
19458,58045,"Molly Hagan",4
27205,6193,"Leonardo DiCaprio",0
27205,24045,"Joseph Gordon-Levitt",1
27205,3899,"Ken Watanabe",2
27205,2524,"Tom Hardy",3
27205,27578,"Elliot Page",4
11324,6193,"Leonardo DiCaprio",0
11324,103,"Mark Ruffalo",1
11324,2282,"Ben Kingsley",2
11324,2201,"Max von Sydow",3
11324,1812,"Michelle Williams",4
10138,3223,"Robert Downey Jr.",0
10138,12052,"Gwyneth Paltrow",1
10138,1896,"Don Cheadle",2
10138,1245,"Scarlett Johansson",3
10138,6807,"Sam Rockwell",4
12444,10980,"Daniel Radcliffe",0
12444,10990,"Emma Watson",1
12444,10989,"Rupert Grint",2
12444,13014,"Toby Jones",3
12444,1283,"Helena Bonham Carter",4
20352,4495,"Steve Carell",0
20352,41088,"Jason Segel",1
20352,59919,"Russell Brand",2
20352,5823,"Julie Andrews",3
20352,21200,"Will Arnett",4
10193,31,"Tom Hanks",0
10193,12898,"Tim Allen",1
10193,3234,"Joan Cusack",2
10193,7167,"Don Rickles",3
10193,12900,"Wallace Shawn",4
44214,524,"Natalie Portman",0
44214,18973,"Mila Kunis",1
44214,1925,"Vincent Cassel",2
44214,10767,"Barbara Hershey",3
44214,1920,"Winona Ryder",4
12155,76070,"Mia Wasikowska",0
12155,85,"Johnny Depp",1
12155,1813,"Anne Hathaway",2
12155,1283,"Helena Bonham Carter",3
12155,1064,"Crispin Glover",4
10191,449,"Jay Baruchel",0
10191,17276,"Gerard Butler",1
10191,24264,"Craig Ferguson",2
10191,59174,"America Ferrera",3
10191,21007,"Jonah Hill",4
37799,44735,"Jesse Eisenberg",0
37799,37625,"Andrew Garfield",1
37799,53807,"Armie Hammer",2
37799,12111,"Justin Timberlake",3
37799,108916,"Rooney Mara",4
38757,16855,"Mandy Moore",0
38757,69899,"Zachary Levi",1
38757,2517,"Donna Murphy",2
38757,2372,"Ron Perlman",3
38757,22132,"M.C. Gainey",4
23483,27428,"Aaron Taylor-Johnson",0
23483,56734,"Chloë Grace Moretz",1
23483,2963,"Nicolas Cage",2
23483,116882,"Lyndsy Fonseca",3
23483,2983,"Mark Strong",4
45269,5472,"Colin Firth",0
45269,118,"Geoffrey Rush",1
45269,1283,"Helena Bonham Carter",2
45269,529,"Guy Pearce",3
45269,9191,"Timothy Spall",4
24021,37917,"Kristen Stewart",0
24021,11288,"Robert Pattinson",1
24021,84214,"Taylor Lautner",2
24021,18997,"Bryce Dallas Howard",3
24021,501,"Dakota Fanning",4
22538,39995,"Michael Cera",0
22538,17628,"Mary Elizabeth Winstead",1
22538,88902,"Ellen Wong",2
22538,18793,"Kieran Culkin",3
22538,17486,"Alison Pill",4
27578,16483,"Sylvester Stallone",0
27578,976,"Jason Statham",1
27578,1336,"Jet Li",2
27578,16644,"Dolph Lundgren",3
27578,21315,"Eric Roberts",4
44115,17051,"James Franco",0
44115,51072,"Kate Mara",1
44115,20354,"Amber Tamblyn",2
44115,11291,"Clémence Poésy",3
44115,51988,"Lizzy Caplan",4
20526,9828,"Garrett Hedlund",0
20526,59315,"Olivia Wilde",1
20526,1229,"Jeff Bridges",2
20526,2547,"Bruce Boxleitner",3
20526,22063,"James Frain",4
10192,12073,"Mike Myers",0
10192,776,"Eddie Murphy",1
10192,6941,"Cameron Diaz",2
10192,3131,"Antonio Banderas",3
10192,118489,"Walt Dohrn",4
32657,33235,"Logan Lerman",0
32657,53336,"Brandon T. Jackson",1
32657,109513,"Alexandra Daddario",2
32657,105727,"Jake Abel",3
32657,517,"Pierce Brosnan",4
38055,23659,"Will Ferrell",0
38055,287,"Brad Pitt",1
38055,56323,"Tina Fey",2
38055,21007,"Jonah Hill",3
38055,212,"David Cross",4
37735,54693,"Emma Stone",0
37735,110927,"Penn Badgley",1
37735,29220,"Amanda Bynes",2
37735,59283,"Dan Byrd",3
37735,19159,"Thomas Haden Church",4
9543,131,"Jake Gyllenhaal",0
9543,59620,"Gemma Arterton",1
9543,2282,"Ben Kingsley",2
9543,658,"Alfred Molina",3
9543,55412,"Steve Toussaint",4
39514,62,"Bruce Willis",0
39514,6949,"John Malkovich",1
39514,192,"Morgan Freeman",2
39514,15735,"Helen Mirren",3
39514,18248,"Mary-Louise Parker",4
20504,5292,"Denzel Washington",0
20504,64,"Gary Oldman",1
20504,18973,"Mila Kunis",2
20504,56614,"Ray Stevenson",3
20504,3130,"Jennifer Beals",4
38365,19292,"Adam Sandler",0
38365,32895,"Kevin James",1
38365,2632,"Chris Rock",2
38365,60950,"David Spade",3
38365,60949,"Rob Schneider",4
18823,65731,"Sam Worthington",0
18823,59620,"Gemma Arterton",1
18823,1019,"Mads Mikkelsen",2
18823,28109,"Alexa Davalos",3
18823,973,"Jason Flemyng",4
38575,120724,"Jaden Smith",0
38575,18897,"Jackie Chan",1
38575,40036,"Taraji P. Henson",2
38575,1443364,"Wenwen Han",3
38575,1443375,"Zhenwei Wang",4
27576,11701,"Angelina Jolie",0
27576,23626,"Liev Schreiber",1
27576,5294,"Chiwetel Ejiofor",2
27576,7107,"Daniel Olbrychski",3
27576,6091,"August Diehl",4
10140,5526,"Georgie Henley",0
10140,5527,"Skandar Keynes",1
10140,25130,"Ben Barnes",2
10140,93491,"Will Poulter",3
10140,5529,"Anna Popplewell",4
41733,3223,"Robert Downey Jr.",0
41733,58225,"Zach Galifianakis",1
41733,11705,"Michelle Monaghan",2
41733,134,"Jamie Foxx",3
41733,3196,"Juliette Lewis",4
44264,1229,"Jeff Bridges",0
44264,130640,"Hailee Steinfeld",1
44264,1892,"Matt Damon",2
44264,16851,"Josh Brolin",3
44264,12834,"Barry Pepper",4
37710,85,"Johnny Depp",0
37710,11701,"Angelina Jolie",1
37710,6162,"Paul Bettany",2
37710,10669,"Timothy Dalton",3
37710,782,"Steven Berkoff",4
23168,880,"Ben Affleck",0
23168,17604,"Jeremy Renner",1
23168,15556,"Rebecca Hall",2
23168,65717,"Jon Hamm",3
23168,59175,"Blake Lively",4
43347,131,"Jake Gyllenhaal",0
43347,1813,"Anne Hathaway",1
43347,17485,"Oliver Platt",2
43347,5587,"Hank Azaria",3
43347,54415,"Josh Gad",4
27022,2963,"Nicolas Cage",0
27022,449,"Jay Baruchel",1
27022,658,"Alfred Molina",2
27022,20374,"Teresa Palmer",3
27022,20286,"Toby Kebbell",4
20662,934,"Russell Crowe",0
20662,112,"Cate Blanchett",1
20662,2201,"Max von Sydow",2
20662,227,"William Hurt",3
20662,2983,"Mark Strong",4
34544,3896,"Liam Neeson",0
34544,51329,"Bradley Cooper",1
34544,10860,"Jessica Biel",2
34544,78811,"Quinton 'Rampage' Jackson",3
34544,82191,"Sharlto Copley",4
37834,500,"Tom Cruise",0
37834,6941,"Cameron Diaz",1
37834,133,"Peter Sarsgaard",2
37834,19492,"Viola Davis",3
37834,31384,"Jordi Mollà",4
45317,13240,"Mark Wahlberg",0
45317,3894,"Christian Bale",1
45317,9273,"Amy Adams",2
45317,6832,"Melissa Leo",3
45317,1415263,"Mickey O'Keefe",4
34851,3490,"Adrien Brody",0
34851,17052,"Topher Grace",1
34851,8602,"Alice Braga",2
34851,27740,"Walton Goggins",3
34851,77351,"Oleg Taktarov",4
27581,23659,"Will Ferrell",0
27581,13240,"Mark Wahlberg",1
27581,8170,"Eva Mendes",2
27581,2232,"Michael Keaton",3
27581,4581,"Steve Coogan",4
35791,63,"Milla Jovovich",0
35791,17303,"Ali Larter",1
35791,8335,"Kim Coates",2
35791,81097,"Shawn Roberts",3
35791,78994,"Sergio Peris-Mencheta",4
10196,88816,"Noah Ringer",0
10196,76788,"Dev Patel",1
10196,61186,"Nicola Peltz",2
10196,84215,"Jackson Rathbone",3
10196,17857,"Shaun Toub",4
22971,71070,"Amanda Seyfried",0
22971,38673,"Channing Tatum",1
22971,28633,"Richard Jenkins",2
22971,9976,"Henry Thomas",3
22971,51976,"D.J. Cotrona",4
44048,5292,"Denzel Washington",0
44048,62064,"Chris Pine",1
44048,5916,"Rosario Dawson",2
44048,14721,"Kevin Dunn",3
44048,18472,"Kevin Corrigan",4
23169,11288,"Robert Pattinson",0
23169,28660,"Emilie de Ravin",1
23169,517,"Pierce Brosnan",2
23169,5313,"Lena Olin",3
23169,2955,"Chris Cooper",4
23631,11160,"Danny Trejo",0
23631,17647,"Michelle Rodriguez",1
23631,56731,"Jessica Alba",2
23631,380,"Robert De Niro",3
23631,23880,"Steven Seagal",4
46705,30614,"Ryan Gosling",0
46705,1812,"Michelle Williams",1
46705,4735,"John Doman",2
46705,6858,"Mike Vogel",3
46705,6437,"Ben Shenkman",4
39451,380,"Robert De Niro",0
39451,7399,"Ben Stiller",1
39451,887,"Owen Wilson",2
39451,4483,"Dustin Hoffman",3
39451,10400,"Barbra Streisand",4
43949,62564,"Madeline Carroll",0
43949,236851,"Callan McAuliffe",1
43949,28412,"Rebecca De Mornay",2
43949,11085,"Anthony Edwards",3
43949,4251,"John Mahoney",4
35690,76594,"Miley Cyrus",0
35690,96066,"Liam Hemsworth",1
35690,41308,"Bobby Coleman",2
35690,11164,"Kelly Preston",3
35690,17141,"Greg Kinnear",4
41439,2144,"Tobin Bell",0
41439,36055,"Costas Mandylor",1
41439,22434,"Betsy Russell",2
41439,2130,"Cary Elwes",3
41439,54789,"Sean Patrick Flanery",4
38408,25541,"Katherine Heigl",0
38408,19536,"Josh Duhamel",1
38408,6164,"Josh Lucas",2
38408,970332,"Alexis Clagett",3
38408,4814065,"Brynn Clagett",4
46838,51383,"Tyler Labine",0
46838,21088,"Alan Tudyk",1
46838,74618,"Katrina Bowden",2
46838,59926,"Jesse Moss",3
46838,64670,"Philip Granger",4
32856,56731,"Jessica Alba",0
32856,8534,"Kathy Bates",1
32856,10860,"Jessica Biel",2
32856,51329,"Bradley Cooper",3
32856,58115,"Eric Dane",4
43539,934,"Russell Crowe",0
43539,9281,"Elizabeth Banks",1
43539,17181,"Ty Simpkins",2
43539,6197,"Brian Dennehy",3
43539,17185,"Helen Carey",4
44040,61659,"Chris Messina",0
44040,81682,"Bojana Novaković",1
44040,4734,"Jenny O'Hara",2
44040,130253,"Logan Marshall-Green",3
44040,16429,"Jacob Vargas",4
26388,10859,"Ryan Reynolds",0
26388,43323,"José Luis García Pérez",1
26388,559068,"Robert Paterson",2
26388,537,"Stephen Tobolowsky",3
26388,20767,"Samantha Mathis",4
35056,4495,"Steve Carell",0
35056,56323,"Tina Fey",1
35056,13240,"Mark Wahlberg",2
35056,40036,"Taraji P. Henson",3
35056,22125,"Jimmi Simpson",4
27573,4491,"Jennifer Aniston",0
27573,17276,"Gerard Butler",1
27573,58224,"Jason Sudeikis",2
27573,60074,"Jeff Garlin",3
27573,13939,"Ritchie Coster",4
37056,71070,"Amanda Seyfried",0
37056,1312315,"Christopher Egan",1
37056,258,"Gael García Bernal",2
37056,13333,"Vanessa Redgrave",3
37056,22383,"Franco Nero",4
23437,108916,"Rooney Mara",0
23437,59219,"Kyle Gallner",1
23437,17183,"Jackie Earle Haley",2
23437,55775,"Katie Cassidy",3
23437,34199,"Thomas Dekker",4
22894,6162,"Paul Bettany",0
22894,6065,"Dennis Quaid",1
22894,155,"Lucas Black",2
22894,61114,"Kate Walsh",3
22894,8169,"Tyrese Gibson",4
23048,3036,"John Cusack",0
23048,64342,"Craig Robinson",1
23048,52997,"Rob Corddry",2
23048,54729,"Clark Duke",3
23048,60898,"Sebastian Stan",4
41436,118243,"Sprague Grayden",0
41436,87220,"Brian Boland",1
41436,141374,"Molly Ephraim",2
41436,90596,"Katie Featherston",3
41436,90597,"Micah Sloat",4
38167,1204,"Julia Roberts",0
38167,3810,"Javier Bardem",1
38167,17051,"James Franco",2
38167,8289,"Billy Crudup",3
38167,28633,"Richard Jenkins",4
43947,129928,"Sarah Butler",0
43947,90576,"Jeff Branson",1
43947,3801,"Tracey Walter",2
43947,67206,"Andrew Howard",3
43947,9186,"Chad Lindberg",4
38745,70851,"Jack Black",0
38745,41088,"Jason Segel",1
38745,5081,"Emily Blunt",2
38745,2956,"Amanda Peet",3
38745,9188,"Billy Connolly",4
41216,38941,"Jim Sturgess",0
41216,133212,"Ryan Kwanten",1
41216,1331,"Hugo Weaving",2
41216,15735,"Helen Mirren",3
41216,118,"Geoffrey Rush",4
42188,36662,"Carey Mulligan",0
42188,116,"Keira Knightley",1
42188,37625,"Andrew Garfield",2
42188,142388,"Izzy Meikle-Small",3
42188,989325,"Ella Purnell",4
11439,3061,"Ewan McGregor",0
11439,517,"Pierce Brosnan",1
11439,2109,"Kim Cattrall",2
11439,11616,"Olivia Williams",3
11439,207,"Tom Wilkinson",4
37707,3490,"Adrien Brody",0
37707,98,"Sarah Polley",1
37707,118357,"Delphine Chanéac",2
37707,5892,"David Hewlett",3
37707,88931,"Abigail Chu",4
43923,132712,"Keir Gilchrist",0
43923,34847,"Emma Roberts",1
43923,58225,"Zach Galifianakis",2
43923,19492,"Viola Davis",3
43923,16858,"Lauren Graham",4
26389,8891,"John Travolta",0
26389,1244,"Jonathan Rhys Meyers",1
26389,120832,"Kasia Smutniak",2
26389,120833,"Richard Durden",3
26389,1019987,"Bing Yin",4
43593,1951,"Elisabeth Shue",0
43593,3035,"Jerry O'Connell",1
43593,88699,"Steven R. McQueen",2
43593,130782,"Jessica Szohr",3
43593,38561,"Kelly Brook",4
22972,1892,"Matt Damon",0
22972,17141,"Greg Kinnear",1
22972,2039,"Brendan Gleeson",2
22972,39388,"Amy Ryan",3
22972,53480,"Khalid Abdalla",4
34016,449,"Jay Baruchel",0
34016,59860,"Alice Eve",1
34016,51990,"T.J. Miller",2
34016,41565,"Nate Torrence",3
34016,6858,"Mike Vogel",4
42297,38225,"Cher Bono",0
42297,53397,"Christina Aguilera",1
42297,55086,"Cam Gigandet",2
42297,40462,"Kristen Bell",3
42297,2283,"Stanley Tucci",4
29427,18082,"Timothy Olyphant",0
29427,8329,"Radha Mitchell",1
29427,29234,"Joe Anderson",2
29427,31838,"Danielle Panabaker",3
29427,103834,"Joe Reegan",4
37821,18976,"Ashton Kutcher",0
37821,25541,"Katherine Heigl",1
37821,15112,"Tom Selleck",2
37821,11514,"Catherine O'Hara",3
37821,26723,"Katheryn Winnick",4
41402,113505,"Kodi Smit-McPhee",0
41402,56734,"Chloë Grace Moretz",1
41402,28633,"Richard Jenkins",2
41402,13550,"Elias Koteas",3
41402,83585,"Sasha Barrese",4
19901,569,"Ethan Hawke",0
19901,4783,"Sam Neill",1
19901,5293,"Willem Dafoe",2
19901,79966,"Claudia Karvan",3
19901,103554,"Isabel Lucas",4
37950,29222,"Zac Efron",0
37950,49918,"Charlie Tahan",1
37950,58370,"Amanda Crew",2
37950,3309,"Augustus Prew",3
37950,10825,"Donal Logue",4
7978,1121,"Benicio del Toro",0
7978,4173,"Anthony Hopkins",1
7978,5081,"Emily Blunt",2
7978,1331,"Hugo Weaving",3
7978,400,"Geraldine Chaplin",4
25195,9273,"Amy Adams",0
25195,1247,"Matthew Goode",1
25195,36801,"Adam Scott",2
25195,12074,"John Lithgow",3
25195,150584,"Noel O'Donovan",4
31867,9642,"Jude Law",0
31867,2178,"Forest Whitaker",1
31867,23626,"Liev Schreiber",2
31867,8602,"Alice Braga",3
31867,23229,"Carice van Houten",4
41283,18918,"Dwayne Johnson",0
41283,879,"Billy Bob Thornton",1
41283,551020,"Oliver Jackson-Cohen",2
41283,11825,"Maggie Grace",3
41283,17832,"Carla Gugino",4
23023,18918,"Dwayne Johnson",0
23023,39189,"Stephen Merchant",1
23023,15852,"Ashley Judd",2
23023,5823,"Julie Andrews",3
23023,116131,"Ryan Sheckler",4
44363,131820,"Emma Bell",0
44363,11023,"Shawn Ashmore",1
44363,7431,"Kevin Zegers",2
44363,131821,"Ed Ackerman",3
44363,131822,"Rileah Vanderbilt",4
41210,4491,"Jennifer Aniston",0
41210,23532,"Jason Bateman",1
41210,17178,"Patrick Wilson",2
41210,965224,"Thomas Robinson",3
41210,4785,"Jeff Goldblum",4
39013,72129,"Jennifer Lawrence",0
39013,16861,"John Hawkes",1
39013,54711,"Kevin Breznahan",2
39013,46814,"Dale Dickey",3
39013,39520,"Garret Dillahunt",4
34647,59882,"Paz de la Huerta",0
34647,112741,"Nathaniel Brown",1
34647,112745,"Cyril Roy",2
34647,89823,"Olly Alexander",3
34647,545627,"Masato Tanno",4
34813,47296,"Jeffrey Dean Morgan",0
34813,8691,"Zoe Saldaña",1
34813,16828,"Chris Evans",2
34813,17605,"Idris Elba",3
34813,31132,"Columbus Short",4
41233,138010,"Sharni Vinson",0
41233,138009,"Rick Malambri",1
41233,54503,"Adam Sevani",2
41233,58965,"Alyson Stoner",3
41233,1338420,"Joe Slaughter",4
32823,21007,"Jonah Hill",0
32823,59919,"Russell Brand",1
32823,9827,"Rose Byrne",2
32823,32798,"Elisabeth Moss",3
32823,3856045,"Tyler McKinney",4
35019,7056,"Emma Thompson",0
35019,1579,"Maggie Gyllenhaal",1
35019,77996,"Asa Butterfield",2
35019,1548525,"Oscar Steer",3
35019,1870714,"Rosie Taylor-Ritson",4
38778,22226,"Paul Rudd",0
38778,4495,"Steve Carell",1
38778,121953,"Stephanie Szostak",2
38778,55936,"Jemaine Clement",3
38778,58225,"Zach Galifianakis",4
28211,71070,"Amanda Seyfried",0
28211,1231,"Julianne Moore",1
28211,3896,"Liam Neeson",2
28211,41883,"Max Thieriot",3
28211,91600,"R.H. Thomson",4
8952,206,"Jim Carrey",0
8952,3061,"Ewan McGregor",1
8952,41087,"Leslie Mann",2
8952,17289,"Rodrigo Santoro",3
8952,20562,"Antoni Corone",4
1771,16828,"Chris Evans",0
1771,39459,"Hayley Atwell",1
1771,60898,"Sebastian Stan",2
1771,2176,"Tommy Lee Jones",3
1771,1331,"Hugo Weaving",4
10195,74568,"Chris Hemsworth",0
10195,524,"Natalie Portman",1
10195,91606,"Tom Hiddleston",2
10195,4173,"Anthony Hopkins",3
10195,1640,"Stellan Skarsgård",4
12445,10980,"Daniel Radcliffe",0
12445,10990,"Emma Watson",1
12445,10989,"Rupert Grint",2
12445,5469,"Ralph Fiennes",3
12445,4566,"Alan Rickman",4
1865,85,"Johnny Depp",0
1865,955,"Penélope Cruz",1
1865,118,"Geoffrey Rush",2
1865,6972,"Ian McShane",3
1865,2449,"Kevin McNally",4
64690,30614,"Ryan Gosling",0
64690,36662,"Carey Mulligan",1
64690,17419,"Bryan Cranston",2
64690,13,"Albert Brooks",3
64690,25072,"Oscar Isaac",4
49538,5530,"James McAvoy",0
49538,17288,"Michael Fassbender",1
49538,72129,"Jennifer Lawrence",2
49538,9827,"Rose Byrne",3
49538,4724,"Kevin Bacon",4
61791,1333,"Andy Serkis",0
61791,17051,"James Franco",1
61791,76792,"Freida Pinto",2
61791,12074,"John Lithgow",3
61791,1248,"Brian Cox",4
49530,71070,"Amanda Seyfried",0
49530,12111,"Justin Timberlake",1
49530,2037,"Cillian Murphy",2
49530,52646,"Vincent Kartheiser",3
49530,59315,"Olivia Wilde",4
51876,51329,"Bradley Cooper",0
51876,380,"Robert De Niro",1
51876,37260,"Abbie Cornish",2
51876,67206,"Andrew Howard",3
51876,58016,"Anna Friel",4
45243,51329,"Bradley Cooper",0
45243,27105,"Ed Helms",1
45243,58225,"Zach Galifianakis",2
45243,21180,"Justin Bartha",3
45243,543138,"Mason Lee",4
58574,3223,"Robert Downey Jr.",0
58574,9642,"Jude Law",1
58574,87722,"Noomi Rapace",2
58574,15440,"Jared Harris",3
58574,53714,"Rachel McAdams",4
56292,500,"Tom Cruise",0
56292,52851,"Paula Patton",1
56292,11108,"Simon Pegg",2
56292,17604,"Jeremy Renner",3
56292,6283,"Michael Nyqvist",4
39254,6968,"Hugh Jackman",0
39254,234479,"Dakota Goyo",1
39254,19034,"Evangeline Lilly",2
39254,79072,"Kevin Durand",3
39254,53650,"Anthony Mackie",4
50646,4495,"Steve Carell",0
50646,30614,"Ryan Gosling",1
50646,1231,"Julianne Moore",2
50646,54693,"Emma Stone",3
50646,124644,"Lio Tipton",4
45612,131,"Jake Gyllenhaal",0
45612,11705,"Michelle Monaghan",1
45612,21657,"Vera Farmiga",2
45612,2954,"Jeffrey Wright",3
45612,83874,"Michael Arden",4
50619,37917,"Kristen Stewart",0
50619,11288,"Robert Pattinson",1
50619,84214,"Taylor Lautner",2
50619,21029,"Billy Burke",3
50619,56857,"Peter Facinelli",4
50014,54693,"Emma Stone",0
50014,19492,"Viola Davis",1
50014,18997,"Bryce Dallas Howard",2
50014,6944,"Octavia Spencer",3
50014,83002,"Jessica Chastain",4
38356,10959,"Shia LaBeouf",0
38356,236048,"Rosie Huntington-Whiteley",1
38356,19540,"Peter Cullen",2
38356,1749,"Leonard Nimoy",3
38356,1241,"John Turturro",4
51497,12835,"Vin Diesel",0
51497,8167,"Paul Walker",1
51497,22123,"Jordana Brewster",2
51497,8169,"Tyrese Gibson",3
51497,8171,"Ludacris",4
49013,15897,"Larry the Cable Guy",0
49013,887,"Owen Wilson",1
49013,3895,"Michael Caine",2
49013,1246,"Emily Mortimer",3
49013,1926,"Suzy Eddie Izzard",4
50544,12111,"Justin Timberlake",0
50544,18973,"Mila Kunis",1
50544,40279,"Jenna Elfman",2
50544,1276,"Patricia Clarkson",3
50544,57755,"Woody Harrelson",4
49444,70851,"Jack Black",0
49444,11701,"Angelina Jolie",1
49444,4483,"Dustin Hoffman",2
49444,64,"Gary Oldman",3
49444,18897,"Jackie Chan",4
59436,887,"Owen Wilson",0
59436,53714,"Rachel McAdams",1
59436,8534,"Kathy Bates",2
59436,29685,"Kurt Fuller",3
59436,3490,"Adrien Brody",4
44912,10859,"Ryan Reynolds",0
44912,59175,"Blake Lively",1
44912,133,"Peter Sarsgaard",2
44912,2983,"Mark Strong",3
44912,504,"Tim Robbins",4
44826,77996,"Asa Butterfield",0
44826,2282,"Ben Kingsley",1
44826,56734,"Chloë Grace Moretz",2
44826,6730,"Sacha Baron Cohen",3
44826,5538,"Ray Winstone",4
65754,8784,"Daniel Craig",0
65754,108916,"Rooney Mara",1
65754,290,"Christopher Plummer",2
65754,1640,"Stellan Skarsgård",3
65754,32,"Robin Wright",4
49018,17178,"Patrick Wilson",0
49018,9827,"Rose Byrne",1
49018,7401,"Lin Shaye",2
49018,17181,"Ty Simpkins",3
49018,10767,"Barbara Hershey",4
46195,44735,"Jesse Eisenberg",0
46195,1813,"Anne Hathaway",1
46195,41087,"Leslie Mann",2
46195,43775,"Jane Lynch",3
46195,82092,"will.i.am",4
44896,85,"Johnny Depp",0
44896,52848,"Isla Fisher",1
44896,13726,"Ned Beatty",2
44896,2440,"Bill Nighy",3
44896,17140,"Abigail Breslin",4
37686,518627,"Joel Courtney",0
37686,18050,"Elle Fanning",1
37686,518628,"Riley Griffiths",2
37686,3497,"Kyle Chandler",3
37686,11315,"Noah Emmerich",4
51540,23532,"Jason Bateman",0
51540,95101,"Charlie Day",1
51540,58224,"Jason Sudeikis",2
51540,1979,"Kevin Spacey",3
51540,4491,"Jennifer Aniston",4
39538,8293,"Marion Cotillard",0
39538,1892,"Matt Damon",1
39538,2975,"Laurence Fishburne",2
39538,9642,"Jude Law",3
39538,204,"Kate Winslet",4
39513,11108,"Simon Pegg",0
39513,11109,"Nick Frost",1
39513,19274,"Seth Rogen",2
39513,23532,"Jason Bateman",3
39513,41091,"Kristen Wiig",4
50546,19292,"Adam Sandler",0
50546,4491,"Jennifer Aniston",1
50546,131520,"Brooklyn Decker",2
50546,2227,"Nicole Kidman",3
50546,32907,"Nick Swardson",4
60308,287,"Brad Pitt",0
60308,21007,"Jonah Hill",1
60308,1233,"Philip Seymour Hoffman",2
60308,32,"Robin Wright",3
60308,73457,"Chris Pratt",4
17578,478,"Jamie Bell",0
17578,1333,"Andy Serkis",1
17578,8784,"Daniel Craig",2
17578,11109,"Nick Frost",3
17578,11108,"Simon Pegg",4
49849,8784,"Daniel Craig",0
49849,3,"Harrison Ford",1
49849,59315,"Olivia Wilde",2
49849,6807,"Sam Rockwell",3
49849,33527,"Adam Beach",4
23629,70456,"Emily Browning",0
23629,37260,"Abbie Cornish",1
23629,20089,"Jena Malone",2
23629,67599,"Vanessa Hudgens",3
23629,78324,"Jamie Chung",4
59440,33192,"Joel Edgerton",0
59440,2524,"Tom Hardy",1
59440,1733,"Nick Nolte",2
59440,41421,"Jennifer Morrison",3
59440,81685,"Frank Grillo",4
46529,61363,"Alex Pettyfer",0
46529,141687,"Dianna Agron",1
46529,20374,"Teresa Palmer",2
46529,18082,"Timothy Olyphant",3
46529,79072,"Kevin Durand",4
38050,1892,"Matt Damon",0
38050,5081,"Emily Blunt",1
38050,21134,"John Slattery",2
38050,53650,"Anthony Mackie",3
38050,50217,"Michael Kelly",4
41630,524,"Natalie Portman",0
41630,18976,"Ashton Kutcher",1
41630,8945,"Kevin Kline",2
41630,2130,"Cary Elwes",3
41630,45400,"Greta Gerwig",4
52449,6941,"Cameron Diaz",0
52449,12111,"Justin Timberlake",1
52449,41088,"Jason Segel",2
52449,66446,"Lucy Punch",3
52449,169200,"Phyllis Smith",4
55721,41091,"Kristen Wiig",0
55721,52792,"Maya Rudolph",1
55721,9827,"Rose Byrne",2
55721,40477,"Chris O'Dowd",3
55721,55536,"Melissa McCarthy",4
417859,3131,"Antonio Banderas",0
417859,3136,"Salma Hayek Pinault",1
417859,58225,"Zach Galifianakis",2
417859,879,"Billy Bob Thornton",3
417859,12110,"Amy Sedaris",4
51828,1813,"Anne Hathaway",0
51828,38941,"Jim Sturgess",1
51828,75073,"Tom Mison",2
51828,66431,"Jodie Whittaker",3
51828,28847,"Rafe Spall",4
41446,9206,"Neve Campbell",0
41446,15234,"David Arquette",1
41446,14405,"Courteney Cox",2
41446,34847,"Emma Roberts",3
41446,17265,"Hayden Panettiere",4
48138,3896,"Liam Neeson",0
48138,9824,"Diane Kruger",1
48138,31717,"January Jones",2
48138,18992,"Aidan Quinn",3
48138,2310,"Bruno Ganz",4
40807,24045,"Joseph Gordon-Levitt",0
40807,19274,"Seth Rogen",1
40807,84223,"Anna Kendrick",2
40807,18997,"Bryce Dallas Howard",3
40807,5657,"Anjelica Huston",4
55779,37059,"Nicholas D'Agosto",0
55779,131820,"Emma Bell",1
55779,1223185,"Miles Fisher",2
55779,223124,"Ellen Wroe",3
55779,103389,"Jacqueline MacInnes Wood",4
71676,2963,"Nicolas Cage",0
71676,567332,"Fergus Riordan",1
71676,44649,"Violante Placido",2
71676,8785,"Ciarán Hinds",3
71676,73589,"Johnny Whitworth",4
41513,5587,"Hank Azaria",0
41513,41686,"Neil Patrick Harris",1
41513,34195,"Jayma Mays",2
41513,13593,"Jonathan Winters",3
41513,111455,"Katy Perry",4
62215,205,"Kirsten Dunst",0
62215,4273,"Charlotte Gainsbourg",1
62215,2628,"Kiefer Sutherland",2
62215,28846,"Alexander Skarsgård",3
62215,234986,"Cameron Spurr",4
82520,1817,"Linda Cardellini",0
82520,335,"Michael Shannon",1
82520,21134,"John Slattery",2
82520,140253,"Talia Balsam",3
82520,928134,"Emma Rayne Lyle",4
44943,6383,"Aaron Eckhart",0
44943,72985,"Ramón Rodríguez",1
44943,149484,"Will Rothhaar",2
44943,454,"Michael Peña",3
44943,18354,"Bridget Moynahan",4
50456,36592,"Saoirse Ronan",0
50456,8783,"Eric Bana",1
50456,112,"Cate Blanchett",2
50456,2441,"Tom Hollander",3
50456,550552,"Jessica Barden",4
50348,10297,"Matthew McConaughey",0
50348,11864,"Ryan Phillippe",1
50348,3905,"William H. Macy",2
50348,3141,"Marisa Tomei",3
50348,6164,"Josh Lucas",4
57212,225692,"Jeremy Irvine",0
57212,3064,"Peter Mullan",1
57212,1639,"Emily Watson",2
57212,17498,"Niels Arestrup",3
57212,11207,"David Thewlis",4
27582,976,"Jason Statham",0
27582,11107,"Ben Foster",1
27582,55636,"Donald Sutherland",2
27582,142953,"Mini Anden",3
27582,3417,"Tony Goldwyn",4
58233,10730,"Rowan Atkinson",0
58233,12214,"Gillian Anderson",1
58233,17287,"Dominic West",2
58233,10882,"Rosamund Pike",3
58233,206919,"Daniel Kaluuya",4
40805,19274,"Seth Rogen",0
40805,17380,"Jay Chou",1
40805,6941,"Cameron Diaz",2
40805,207,"Tom Wilkinson",3
40805,27319,"Christoph Waltz",4
76025,17288,"Michael Fassbender",0
76025,36662,"Carey Mulligan",1
76025,18473,"James Badge Dale",2
76025,87243,"Nicole Beharie",3
76025,1141384,"Lucy Walters",4
8967,287,"Brad Pitt",0
8967,83002,"Jessica Chastain",1
8967,1715121,"Hunter McCracken",2
8967,2228,"Sean Penn",3
8967,10981,"Fiona Shaw",4
49730,71070,"Amanda Seyfried",0
49730,64,"Gary Oldman",1
49730,21029,"Billy Burke",2
49730,79795,"Shiloh Fernandez",3
49730,232396,"Max Irons",4
60935,17628,"Mary Elizabeth Winstead",0
60935,33192,"Joel Edgerton",1
60935,4455,"Ulrich Thomsen",2
60935,29020,"Eric Christian Olsen",3
60935,31164,"Adewale Akinnuoye-Agbaje",4
59108,7399,"Ben Stiller",0
59108,776,"Eddie Murphy",1
59108,1893,"Casey Affleck",2
59108,21278,"Alan Alda",3
59108,4756,"Matthew Broderick",4
58224,206,"Jim Carrey",0
58224,17832,"Carla Gugino",1
58224,14730,"Angela Lansbury",2
58224,82639,"Ophelia Lovibond",3
58224,62564,"Madeline Carroll",4
72113,1038,"Jodie Foster",0
72113,204,"Kate Winslet",1
72113,27319,"Christoph Waltz",2
72113,4764,"John C. Reilly",3
72113,1462149,"Elvis Polanski",4
71859,3063,"Tilda Swinton",0
71859,4764,"John C. Reilly",1
71859,132157,"Ezra Miller",2
71859,6751,"Siobhan Fallon Hogan",3
71859,172150,"Alex Manette",4
65057,1461,"George Clooney",0
65057,94185,"Shailene Woodley",1
65057,933002,"Amara Miller",2
65057,931945,"Nick Krause",3
65057,1237498,"Patricia Hastie",4
59965,84214,"Taylor Lautner",0
59965,112561,"Lily Collins",1
59965,658,"Alfred Molina",2
59965,10205,"Sigourney Weaver",3
59965,11355,"Jason Isaacs",4
49520,23532,"Jason Bateman",0
49520,10859,"Ryan Reynolds",1
49520,41087,"Leslie Mann",2
49520,59315,"Olivia Wilde",3
49520,1903,"Alan Arkin",4
74465,1892,"Matt Damon",0
74465,1245,"Scarlett Johansson",1
74465,19159,"Thomas Haden Church",2
74465,74539,"Colin Ford",3
74465,1046348,"Maggie Elizabeth Jones",4
49517,64,"Gary Oldman",0
49517,5472,"Colin Firth",1
49517,2524,"Tom Hardy",2
49517,5049,"John Hurt",3
49517,13014,"Toby Jones",4
62835,8691,"Zoe Saldaña",0
62835,7248,"Cliff Curtis",1
62835,68287,"Callum Blue",2
62835,15424,"Michael Vartan",3
62835,1120,"Lennie James",4
37958,73968,"Henry Cavill",0
37958,2295,"Mickey Rourke",1
37958,10822,"Stephen Dorff",2
37958,76792,"Freida Pinto",3
37958,114019,"Luke Evans",4
38117,61363,"Alex Pettyfer",0
38117,67599,"Vanessa Hudgens",1
38117,67849,"Mary-Kate Olsen",2
38117,64908,"LisaGay Hamilton",3
38117,41686,"Neil Patrick Harris",4
52451,33235,"Logan Lerman",0
52451,63,"Milla Jovovich",1
52451,15576,"Matthew Macfadyen",2
52451,56614,"Ray Stevenson",3
52451,114019,"Luke Evans",4
10316,30614,"Ryan Gosling",0
10316,1461,"George Clooney",1
10316,1233,"Philip Seymour Hoffman",2
10316,13242,"Paul Giamatti",3
10316,38940,"Evan Rachel Wood",4
23047,2963,"Nicolas Cage",0
23047,2372,"Ron Perlman",1
23047,55467,"Stephen Campbell Moore",2
23047,1115,"Stephen Graham",3
23047,4455,"Ulrich Thomsen",4
55787,11288,"Robert Pattinson",0
55787,368,"Reese Witherspoon",1
55787,27319,"Christoph Waltz",2
55787,15684,"Paul Schneider",3
55787,14950,"Jim Norton",4
88794,6193,"Leonardo DiCaprio",0
88794,53807,"Armie Hammer",1
88794,3489,"Naomi Watts",2
88794,6164,"Josh Lucas",3
88794,52419,"Josh Hamilton",4
38321,6162,"Paul Bettany",0
38321,1372,"Karl Urban",1
38321,112561,"Lily Collins",2
38321,21045,"Maggie Q",3
38321,32203,"Stephen Moyer",4
63492,1772,"Anna Faris",0
63492,16828,"Chris Evans",1
63492,71552,"Ari Graynor",2
63492,10401,"Blythe Danner",3
63492,42157,"Ed Begley Jr.",4
72571,90596,"Katie Featherston",0
72571,118243,"Sprague Grayden",1
72571,176748,"Lauren Bittner",2
72571,579064,"Christopher Nicholas Smith",3
72571,995457,"Chloe Csengery",4
49021,976,"Jason Statham",0
49021,2296,"Clive Owen",1
49021,380,"Robert De Niro",2
49021,10862,"Dominic Purcell",3
49021,144081,"Aden Young",4
55301,11662,"Jason Lee",0
55301,212,"David Cross",1
55301,213001,"Jenny Slate",2
55301,15033,"Justin Long",3
55301,5661,"Matthew Gray Gubler",4
59678,236695,"John Boyega",0
59678,66431,"Jodie Whittaker",1
59678,972040,"Alex Esmail",2
59678,1672658,"Simon Howard",3
59678,1363086,"Franz Drameh",4
59860,77948,"Selena Gomez",0
59860,55775,"Katie Cassidy",1
59860,85825,"Leighton Meester",2
59860,33352,"Cory Monteith",3
59860,1533,"Andie MacDowell",4
48171,4173,"Anthony Hopkins",0
48171,235767,"Colin O'Donoghue",1
48171,8602,"Alice Braga",2
48171,585,"Rutger Hauer",3
48171,8785,"Ciarán Hinds",4
48231,116,"Keira Knightley",0
48231,110,"Viggo Mortensen",1
48231,17288,"Michael Fassbender",2
48231,190895,"Sarah Gadon",3
48231,1925,"Vincent Cassel",4
71880,19292,"Adam Sandler",0
71880,1158,"Al Pacino",1
71880,3897,"Katie Holmes",2
71880,935700,"Elodie Tougne",3
71880,935701,"Rohan Chand",4
62838,448,"Hilary Swank",0
62838,1160,"Michelle Pfeiffer",1
62838,29222,"Zac Efron",2
62838,380,"Robert De Niro",3
62838,4587,"Halle Berry",4
48988,887,"Owen Wilson",0
48988,58224,"Jason Sudeikis",1
48988,51856,"Jenna Fischer",2
48988,18979,"Christina Applegate",3
48988,212833,"Nicky Whelan",4
50839,1979,"Kevin Spacey",0
50839,17306,"Zachary Quinto",1
50839,6162,"Paul Bettany",2
50839,16940,"Jeremy Irons",3
50839,1284159,"Simon Baker",4
58151,21028,"Anton Yelchin",0
58151,72466,"Colin Farrell",1
58151,3051,"Toni Collette",2
58151,20049,"David Tennant",3
58151,17606,"Imogen Poots",4
64685,31,"Tom Hanks",0
64685,18277,"Sandra Bullock",1
64685,929136,"Thomas Horn",2
64685,19492,"Viola Davis",3
64685,1230,"John Goodman",4
47327,2963,"Nicolas Cage",0
47327,55085,"Amber Heard",1
47327,886,"William Fichtner",2
47327,21029,"Billy Burke",3
47327,52,"David Morse",4
45772,5530,"James McAvoy",0
45772,5081,"Emily Blunt",1
45772,3895,"Michael Caine",2
45772,10978,"Maggie Smith",3
45772,477,"Julie Walters",4
74308,3490,"Adrien Brody",0
74308,4726,"Marcia Gay Harden",1
74308,3085,"James Caan",2
74308,110014,"Christina Hendricks",3
74308,140,"Lucy Liu",4
24428,3223,"Robert Downey Jr.",0
24428,16828,"Chris Evans",1
24428,103,"Mark Ruffalo",2
24428,74568,"Chris Hemsworth",3
24428,1245,"Scarlett Johansson",4
68718,134,"Jamie Foxx",0
68718,27319,"Christoph Waltz",1
68718,6193,"Leonardo DiCaprio",2
68718,11703,"Kerry Washington",3
68718,2231,"Samuel L. Jackson",4
49026,3894,"Christian Bale",0
49026,64,"Gary Oldman",1
49026,2524,"Tom Hardy",2
49026,24045,"Joseph Gordon-Levitt",3
49026,1813,"Anne Hathaway",4
70160,72129,"Jennifer Lawrence",0
70160,27972,"Josh Hutcherson",1
70160,96066,"Liam Hemsworth",2
70160,57755,"Woody Harrelson",3
70160,9281,"Elizabeth Banks",4
49051,7060,"Martin Freeman",0
49051,1327,"Ian McKellen",1
49051,30315,"Richard Armitage",2
49051,34715,"James Nesbitt",3
49051,25136,"Ken Stott",4
1930,37625,"Andrew Garfield",0
1930,54693,"Emma Stone",1
1930,7026,"Rhys Ifans",2
1930,5724,"Denis Leary",3
1930,8349,"Martin Sheen",4
37724,8784,"Daniel Craig",0
37724,5309,"Judi Dench",1
37724,3810,"Javier Bardem",2
37724,5469,"Ralph Fiennes",3
37724,2038,"Naomie Harris",4
62177,9015,"Kelly Macdonald",0
62177,7056,"Emma Thompson",1
62177,9188,"Billy Connolly",2
62177,477,"Julie Walters",3
62177,1923,"Robbie Coltrane",4
87827,933160,"Suraj Sharma",0
87827,76793,"Irrfan Khan",1
87827,935504,"Ayush Tandon",2
87827,1133846,"Gautam Belur",3
87827,227849,"Adil Hussain",4
70981,87722,"Noomi Rapace",0
70981,17288,"Michael Fassbender",1
70981,6885,"Charlize Theron",2
70981,17605,"Idris Elba",3
70981,529,"Guy Pearce",4
72105,13240,"Mark Wahlberg",0
72105,18973,"Mila Kunis",1
72105,52139,"Seth MacFarlane",2
72105,74949,"Joel McHale",3
72105,1771,"Giovanni Ribisi",4
82690,4764,"John C. Reilly",0
82690,7404,"Sarah Silverman",1
82690,58737,"Jack McBrayer",2
82690,43775,"Jane Lynch",3
82690,21088,"Alan Tudyk",4
82693,51329,"Bradley Cooper",0
82693,72129,"Jennifer Lawrence",1
82693,380,"Robert De Niro",2
82693,67837,"Jacki Weaver",3
82693,6217,"Anupam Kher",4
84892,33235,"Logan Lerman",0
84892,10990,"Emma Watson",1
84892,132157,"Ezra Miller",2
84892,52404,"Mae Whitman",3
84892,61114,"Kate Walsh",4
64688,21007,"Jonah Hill",0
64688,38673,"Channing Tatum",1
64688,60073,"Brie Larson",2
64688,54697,"Dave Franco",3
64688,71403,"Rob Riggle",4
41154,2888,"Will Smith",0
41154,2176,"Tommy Lee Jones",1
41154,16851,"Josh Brolin",2
41154,55936,"Jemaine Clement",3
41154,7056,"Emma Thompson",4
59967,24045,"Joseph Gordon-Levitt",0
59967,62,"Bruce Willis",1
59967,5081,"Emily Blunt",2
59967,17142,"Paul Dano",3
59967,48312,"Noah Segan",4
50620,37917,"Kristen Stewart",0
50620,11288,"Robert Pattinson",1
50620,84214,"Taylor Lautner",2
50620,56857,"Peter Facinelli",3
50620,53755,"Elizabeth Reaser",4
76492,77948,"Selena Gomez",0
76492,19292,"Adam Sandler",1
76492,62861,"Andy Samberg",2
76492,32895,"Kevin James",3
76492,53122,"Fran Drescher",4
68734,880,"Ben Affleck",0
68734,17419,"Bryan Cranston",1
68734,1903,"Alan Arkin",2
68734,1230,"John Goodman",3
68734,8536,"Victor Garber",4
22970,210824,"Kristen Connolly",0
22970,51533,"Fran Kranz",1
22970,74568,"Chris Hemsworth",2
22970,210695,"Jesse Williams",3
22970,486603,"Anna Hutchison",4
58595,37917,"Kristen Stewart",0
58595,74568,"Chris Hemsworth",1
58595,6885,"Charlize Theron",2
58595,237455,"Sam Claflin",3
58595,6972,"Ian McShane",4
57800,15757,"Ray Romano",0
57800,5723,"John Leguizamo",1
57800,5724,"Denis Leary",2
57800,57599,"Seann William Scott",3
57800,15760,"Josh Peck",4
75780,500,"Tom Cruise",0
75780,10882,"Rosamund Pike",1
75780,28633,"Richard Jenkins",2
75780,35013,"David Oyelowo",3
75780,6818,"Werner Herzog",4
62213,85,"Johnny Depp",0
62213,1160,"Michelle Pfeiffer",1
62213,10912,"Eva Green",2
62213,1283,"Helena Bonham Carter",3
62213,56734,"Chloë Grace Moretz",4
83542,31,"Tom Hanks",0
83542,4587,"Halle Berry",1
83542,388,"Jim Broadbent",2
83542,1331,"Hugo Weaving",3
83542,38941,"Jim Sturgess",4
76163,16483,"Sylvester Stallone",0
76163,976,"Jason Statham",1
76163,1336,"Jet Li",2
76163,16644,"Dolph Lundgren",3
76163,51576,"Chuck Norris",4
81188,62064,"Chris Pine",0
81188,7447,"Alec Baldwin",1
81188,9642,"Jude Law",2
81188,52848,"Isla Fisher",3
81188,6968,"Hugh Jackman",4
82675,3896,"Liam Neeson",0
82675,11825,"Maggie Grace",1
82675,10696,"Famke Janssen",2
82675,2221,"Leland Orser",3
82675,61962,"D. B. Sweeney",4
57214,1142720,"Thomas Mann",0
57214,225694,"Oliver Cooper",1
57214,225695,"Jonathan Daniel Brown",2
57214,996700,"Dax Flame",3
57214,131771,"Kirby Bliss Blanton",4
114150,84223,"Anna Kendrick",0
114150,221098,"Anna Camp",1
114150,29221,"Brittany Snow",2
114150,73128,"Skylar Astin",3
114150,221581,"Rebel Wilson",4
80278,3489,"Naomi Watts",0
80278,3061,"Ewan McGregor",1
80278,1136406,"Tom Holland",2
80278,1304662,"Samuel Joslin",3
80278,1207881,"Oaklee Pendergast",4
80321,7399,"Ben Stiller",0
80321,2632,"Chris Rock",1
80321,14409,"David Schwimmer",2
80321,9575,"Jada Pinkett Smith",3
80321,6730,"Sacha Baron Cohen",4
76493,6730,"Sacha Baron Cohen",0
76493,2282,"Ben Kingsley",1
76493,1772,"Anna Faris",2
76493,111683,"Jason Mantzoukas",3
76493,173810,"Sayed Badreya",4
87502,5292,"Denzel Washington",0
87502,1896,"Don Cheadle",1
87502,17521,"Kelly Reilly",2
87502,1230,"John Goodman",3
87502,21089,"Bruce Greenwood",4
83666,929906,"Jared Gilman",0
83666,929905,"Kara Hayward",1
83666,62,"Bruce Willis",2
83666,819,"Edward Norton",3
83666,1532,"Bill Murray",4
49529,60900,"Taylor Kitsch",0
49529,21044,"Lynn Collins",1
49529,2206,"Samantha Morton",2
49529,2983,"Mark Strong",3
49529,8785,"Ciarán Hinds",4
49040,17604,"Jeremy Renner",0
49040,3293,"Rachel Weisz",1
49040,819,"Edward Norton",2
49040,825,"Stacy Keach",3
49040,118937,"Dennis Boutsikaris",4
82507,569,"Ethan Hawke",0
82507,928906,"Juliet Rylance",1
82507,7132,"Vincent D'Onofrio",2
82507,5296,"James Ransone",3
82507,17874,"Fred Thompson",4
44833,60900,"Taylor Kitsch",0
44833,28846,"Alexander Skarsgård",1
44833,131519,"Rihanna",2
44833,131520,"Brooklyn Decker",3
44833,13275,"Tadanobu Asano",4
64635,72466,"Colin Farrell",0
64635,10860,"Jessica Biel",1
64635,3967,"Kate Beckinsale",2
64635,2440,"Bill Nighy",3
64635,68842,"John Cho",4
76726,122889,"Dane DeHaan",0
76726,558466,"Alex Russell",1
76726,135651,"Michael B. Jordan",2
76726,50217,"Michael Kelly",3
76726,589098,"Ashley Hinshaw",4
49049,1372,"Karl Urban",0
49049,52442,"Olivia Thirlby",1
49049,17286,"Lena Headey",2
49049,65829,"Wood Harris",3
49049,37093,"Langley Kirkwood",4
82695,6968,"Hugh Jackman",0
82695,934,"Russell Crowe",1
82695,71070,"Amanda Seyfried",2
82695,1813,"Anne Hathaway",3
82695,37632,"Eddie Redmayne",4
97630,83002,"Jessica Chastain",0
97630,76512,"Jason Clarke",1
97630,33192,"Joel Edgerton",2
97630,49971,"Jennifer Ehle",3
97630,2983,"Mark Strong",4
71552,21593,"Jason Biggs",0
71552,21595,"Alyson Hannigan",1
71552,57599,"Seann William Scott",2
71552,21594,"Chris Klein",3
71552,21403,"Thomas Ian Nicholas",4
72545,18918,"Dwayne Johnson",0
72545,27972,"Josh Hutcherson",1
72545,67599,"Vanessa Hudgens",2
72545,40481,"Luis Guzmán",3
72545,3895,"Michael Caine",4
57165,65731,"Sam Worthington",0
57165,3896,"Liam Neeson",1
57165,5469,"Ralph Fiennes",2
57165,10882,"Rosamund Pike",3
57165,2440,"Bill Nighy",4
52520,3967,"Kate Beckinsale",0
52520,9029,"Stephen Rea",1
52520,8177,"Michael Ealy",2
52520,587020,"Theo James",3
52520,221116,"India Eisley",4
71679,63,"Milla Jovovich",0
71679,7055,"Sienna Guillory",1
71679,17647,"Michelle Rodriguez",2
71679,90455,"Aryana Engineer",3
71679,109432,"Li Bingbing",4
86838,72466,"Colin Farrell",0
86838,6807,"Sam Rockwell",1
86838,57755,"Woody Harrelson",2
86838,4690,"Christopher Walken",3
86838,18182,"Olga Kurylenko",4
72570,53714,"Rachel McAdams",0
72570,38673,"Channing Tatum",1
72570,4783,"Sam Neill",2
72570,100,"Scott Speedman",3
72570,4431,"Jessica Lange",4
75174,3896,"Liam Neeson",0
75174,20212,"Dermot Mulroney",1
75174,81685,"Frank Grillo",2
75174,424,"Dallas Roberts",3
75174,43547,"Nonso Anozie",4
72976,11856,"Daniel Day-Lewis",0
72976,35,"Sally Field",1
72976,11064,"David Strathairn",2
72976,24045,"Joseph Gordon-Levitt",3
72976,13548,"James Spader",4
59961,5292,"Denzel Washington",0
59961,10859,"Ryan Reynolds",1
59961,21657,"Vera Farmiga",2
59961,2039,"Brendan Gleeson",3
59961,9880,"Sam Shepard",4
73723,518,"Danny DeVito",0
73723,27105,"Ed Helms",1
73723,29222,"Zac Efron",2
73723,71403,"Rob Riggle",3
73723,212208,"Taylor Swift",4
77877,29222,"Zac Efron",0
77877,221809,"Taylor Schilling",1
77877,10401,"Blythe Danner",2
77877,80289,"Jay R. Ferguson",3
77877,211429,"Riley Thomas Stewart",4
77016,131,"Jake Gyllenhaal",0
77016,454,"Michael Peña",1
77016,76511,"Natalie Martinez",2
77016,84223,"Anna Kendrick",3
77016,35029,"David Harbour",4
65086,10980,"Daniel Radcliffe",0
65086,8785,"Ciarán Hinds",1
65086,47627,"Janet McTeer",2
65086,90046,"Liz White",3
65086,15740,"Tim McMullan",4
62214,49918,"Charlie Tahan",0
62214,11514,"Catherine O'Hara",1
62214,519,"Martin Short",2
62214,2641,"Martin Landau",3
62214,66646,"Atticus Shaffer",4
59962,368,"Reese Witherspoon",0
59962,62064,"Chris Pine",1
59962,2524,"Tom Hardy",2
59962,1844,"Til Schweiger",3
59962,151254,"Chelsea Handler",4
72331,239996,"Benjamin Walker",0
72331,55470,"Dominic Cooper",1
72331,53650,"Anthony Mackie",2
72331,17628,"Mary Elizabeth Winstead",3
72331,17328,"Rufus Sewell",4
82633,10959,"Shia LaBeouf",0
82633,2524,"Tom Hardy",1
82633,64,"Gary Oldman",2
82633,529,"Guy Pearce",3
82633,76512,"Jason Clarke",4
68722,73421,"Joaquin Phoenix",0
68722,1233,"Philip Seymour Hoffman",1
68722,9273,"Amy Adams",2
68722,17838,"Rami Malek",3
68722,4784,"Laura Dern",4
62764,1204,"Julia Roberts",0
62764,112561,"Lily Collins",1
62764,53807,"Armie Hammer",2
62764,78729,"Nathan Lane",3
62764,51544,"Mare Winningham",4
77930,38673,"Channing Tatum",0
77930,10297,"Matthew McConaughey",1
77930,61363,"Alex Pettyfer",2
77930,582816,"Cody H. Carolin",3
77930,81364,"Olivia Munn",4
49527,65731,"Sam Worthington",0
49527,9281,"Elizabeth Banks",1
49527,478,"Jamie Bell",2
49527,53650,"Anthony Mackie",3
49527,12833,"Edward Burns",4
77174,113505,"Kodi Smit-McPhee",0
77174,558925,"Tucker Albrizzi",1
77174,84223,"Anna Kendrick",2
77174,1893,"Casey Affleck",3
77174,54691,"Christopher Mintz-Plasse",4
72387,976,"Jason Statham",0
72387,14541,"Chris Sarandon",1
72387,20904,"James Hong",2
72387,565675,"Catherine Chan",3
72387,31512,"Robert John Burke",4
80271,76594,"Miley Cyrus",0
80271,3416,"Demi Moore",1
80271,230680,"Douglas Booth",2
80271,45827,"Ashley Greene",3
80271,589098,"Ashley Hinshaw",4
58244,205,"Kirsten Dunst",0
58244,38941,"Jim Sturgess",1
58244,9191,"Timothy Spall",2
58244,38565,"James Kidnie",3
58244,85168,"Holly Uloth",4
80035,7399,"Ben Stiller",0
80035,4937,"Vince Vaughn",1
80035,21007,"Jonah Hill",2
80035,98103,"Richard Ayoade",3
80035,14892,"Rosemarie DeWitt",4
64689,287,"Brad Pitt",0
64689,59233,"Scoot McNairy",1
64689,77335,"Ben Mendelsohn",2
64689,4691,"James Gandolfini",3
64689,11477,"Ray Liotta",4
96724,116,"Keira Knightley",0
96724,9642,"Jude Law",1
96724,27428,"Aaron Taylor-Johnson",2
96724,15576,"Matthew Macfadyen",3
96724,29412,"Eric MacLennan",4
89492,22226,"Paul Rudd",0
89492,41087,"Leslie Mann",1
89492,12074,"John Lithgow",2
89492,19537,"Megan Fox",3
89492,41090,"Maude Apatow",4
49526,24045,"Joseph Gordon-Levitt",0
49526,335,"Michael Shannon",1
49526,37046,"Dania Ramirez",2
49526,78324,"Jamie Chung",3
49526,1132104,"Wolé Parks",4
82525,60900,"Taylor Kitsch",0
82525,59175,"Blake Lively",1
82525,27428,"Aaron Taylor-Johnson",2
82525,8891,"John Travolta",3
82525,3136,"Salma Hayek Pinault",4
88005,4495,"Steve Carell",0
88005,116,"Keira Knightley",1
88005,86310,"Connie Britton",2
88005,52997,"Rob Corddry",3
88005,11702,"Adam Brody",4
77866,13240,"Mark Wahlberg",0
77866,3967,"Kate Beckinsale",1
77866,11107,"Ben Foster",2
77866,1771,"Giovanni Ribisi",3
77866,526,"Lukas Haas",4
87428,19292,"Adam Sandler",0
87428,62861,"Andy Samberg",1
87428,85825,"Leighton Meester",2
87428,17338,"Vanilla Ice",3
87428,84920,"Tony Orlando",4
84199,527393,"Dylan O'Brien",0
84199,52018,"Britt Robertson",1
84199,104561,"Craig Roberts",2
84199,968863,"James Frecheville",3
84199,191228,"Victoria Justice",4
85446,479656,"Kathryn McCormick",0
85446,932091,"Ryan Guzman",1
85446,1278721,"Misha Gabriel",2
85446,110743,"Stephen 'tWitch' Boss",3
85446,217055,"Cleopatra Coleman",4
81836,1243,"Woody Allen",0
81836,4818,"Roberto Benigni",1
81836,955,"Penélope Cruz",2
81836,7447,"Alec Baldwin",3
81836,351,"Judy Davis",4
82990,90596,"Katie Featherston",0
82990,221192,"Kathryn Newton",1
82990,455033,"Matt Shively",2
82990,984724,"Aiden Lovekamp",3
82990,1033547,"Brady Allen",4
81796,529,"Guy Pearce",0
81796,11825,"Maggie Grace",1
81796,9831,"Vincent Regan",2
81796,225610,"Joseph Gilgun",3
81796,1120,"Lennie James",4
82505,72129,"Jennifer Lawrence",0
82505,41883,"Max Thieriot",1
82505,1951,"Elisabeth Shue",2
82505,6575,"Gil Bellows",3
82505,1133027,"Eva Link",4
77953,23659,"Will Ferrell",0
77953,58225,"Zach Galifianakis",1
77953,58224,"Jason Sudeikis",2
77953,169337,"Katherine LaNasa",3
77953,32597,"Dylan McDermott",4
61012,205474,"Adelaide Clemens",0
61012,48,"Sean Bean",1
61012,8329,"Radha Mitchell",2
61012,530,"Carrie-Anne Moss",3
61012,56890,"Malcolm McDowell",4
76494,6941,"Cameron Diaz",0
76494,16866,"Jennifer Lopez",1
76494,9281,"Elizabeth Banks",2
76494,60899,"Chace Crawford",3
76494,131520,"Brooklyn Decker",4
80389,2461,"Mel Gibson",0
80389,999329,"Kevin Hernandez",1
80389,1603,"Daniel Giménez Cacho",2
80389,53,"Peter Stormare",3
80389,69865,"Jesús Ochoa",4
10679,6674,"Julia Dietze",0
10679,75175,"Christopher Kirby",1
10679,10744,"Götz Otto",2
10679,1646,"Udo Kier",3
10679,220914,"Peta Sergeant",4
140420,8020,"John Kahrs",0
140420,116315,"Kari Wahlgren",1
140420,1112515,"Jeff Turley",2
140420,1381547,"Jack Goldenberg",3
103332,17142,"Paul Dano",0
103332,35028,"Zoe Kazan",1
103332,61659,"Chris Messina",2
103332,516,"Annette Bening",3
103332,3131,"Antonio Banderas",4
60747,74568,"Chris Hemsworth",0
60747,15760,"Josh Peck",1
60747,27972,"Josh Hutcherson",2
60747,103554,"Isabel Lucas",3
60747,88995,"Adrianne Palicki",4
84348,928453,"Calvin Lee Reeder",0
84348,98632,"Lane Hughes",1
84348,107766,"Kentucker Audley",2
84348,98631,"Adam Wingard",3
84348,83858,"Simon Barrett",4
77883,47296,"Jeffrey Dean Morgan",0
77883,26467,"Kyra Sedgwick",1
77883,94482,"Natasha Calis",2
77883,52869,"Madison Davenport",3
77883,42708,"Rob LaBelle",4
123025,27811,"Peter Weller",0
123025,42160,"Ariel Winter",1
123025,56930,"David Selby",2
123025,51930,"Wade Williams",3
123025,21731,"Michael McKean",4
87825,190,"Clint Eastwood",0
87825,9273,"Amy Adams",1
87825,12111,"Justin Timberlake",2
87825,26457,"Matthew Lillard",3
87825,77023,"Jack Gilpin",4
93856,999817,"Olivia Taylor Dudley",0
93856,49915,"Jesse McCartney",1
93856,496410,"Devin Kelley",2
93856,21047,"Jonathan Sadowski",3
93856,87879,"Ingrid Bolsø Berdal",4
84332,119592,"Aubrey Plaza",0
84332,45407,"Mark Duplass",1
84332,543505,"Jake Johnson",2
84332,1109702,"Karan Soni",3
84332,113818,"Jenica Bergere",4
106646,6193,"Leonardo DiCaprio",0
106646,21007,"Jonah Hill",1
106646,234352,"Margot Robbie",2
106646,10297,"Matthew McConaughey",3
106646,3497,"Kyle Chandler",4
68721,3223,"Robert Downey Jr.",0
68721,12052,"Gwyneth Paltrow",1
68721,1896,"Don Cheadle",2
68721,529,"Guy Pearce",3
68721,15556,"Rebecca Hall",4
101299,72129,"Jennifer Lawrence",0
101299,27972,"Josh Hutcherson",1
101299,96066,"Liam Hemsworth",2
101299,57755,"Woody Harrelson",3
101299,9281,"Elizabeth Banks",4
76338,74568,"Chris Hemsworth",0
76338,524,"Natalie Portman",1
76338,91606,"Tom Hiddleston",2
76338,2040,"Christopher Eccleston",3
76338,4173,"Anthony Hopkins",4
109445,40462,"Kristen Bell",0
109445,19394,"Idina Menzel",1
109445,221611,"Jonathan Groff",2
109445,54415,"Josh Gad",3
109445,1188241,"Santino Fontana",4
75656,44735,"Jesse Eisenberg",0
75656,57755,"Woody Harrelson",1
75656,52848,"Isla Fisher",2
75656,54697,"Dave Franco",3
75656,103,"Mark Ruffalo",4
72190,287,"Brad Pitt",0
72190,175826,"Mireille Enos",1
72190,1180907,"Daniella Kertesz",2
72190,18473,"James Badge Dale",3
72190,119297,"Ludi Boeken",4
49047,18277,"Sandra Bullock",0
49047,1461,"George Clooney",1
49047,228,"Ed Harris",2
49047,1223440,"Orto Ignatiussen",3
49047,58587,"Phaldut Sharma",4
49521,73968,"Henry Cavill",0
49521,9273,"Amy Adams",1
49521,335,"Michael Shannon",2
49521,2882,"Diane Lane",3
49521,934,"Russell Crowe",4
152601,73421,"Joaquin Phoenix",0
152601,1245,"Scarlett Johansson",1
152601,549831,"Lynn Adrianna",2
152601,154798,"Lisa Renee Pitts",3
152601,1509453,"Gabe Gomez",4
57158,1327,"Ian McKellen",0
57158,7060,"Martin Freeman",1
57158,30315,"Richard Armitage",2
57158,71580,"Benedict Cumberbatch",3
57158,114,"Orlando Bloom",4
68726,56365,"Charlie Hunnam",0
68726,18054,"Rinko Kikuchi",1
68726,17605,"Idris Elba",2
68726,94864,"Max Martini",3
68726,5365,"Clifton Collins Jr.",4
146233,6968,"Hugh Jackman",0
146233,131,"Jake Gyllenhaal",1
146233,19492,"Viola Davis",2
146233,49,"Maria Bello",3
146233,18288,"Terrence Howard",4
64682,6193,"Leonardo DiCaprio",0
64682,2219,"Tobey Maguire",1
64682,36662,"Carey Mulligan",2
64682,33192,"Joel Edgerton",3
64682,1133349,"Elizabeth Debicki",4
138843,21657,"Vera Farmiga",0
138843,17178,"Patrick Wilson",1
138843,3127,"Lili Taylor",2
138843,17402,"Ron Livingston",3
138843,63663,"Hayley McFarland",4
93456,4495,"Steve Carell",0
93456,41091,"Kristen Wiig",1
93456,4589,"Benjamin Bratt",2
93456,17743,"Miranda Cosgrove",3
93456,124750,"Dana Gaier Ellis",4
76203,5294,"Chiwetel Ejiofor",0
76203,17288,"Michael Fassbender",1
76203,1267329,"Lupita Nyong'o",2
76203,71580,"Benedict Cumberbatch",3
76203,17142,"Paul Dano",4
75612,500,"Tom Cruise",0
75612,192,"Morgan Freeman",1
75612,18182,"Olga Kurylenko",2
75612,127558,"Andrea Riseborough",3
75612,12795,"Nikolaj Coster-Waldau",4
62211,7904,"Billy Crystal",0
62211,1230,"John Goodman",1
62211,884,"Steve Buscemi",2
62211,15735,"Helen Mirren",3
62211,21198,"Peter Sohn",4
82992,12835,"Vin Diesel",0
82992,8167,"Paul Walker",1
82992,18918,"Dwayne Johnson",2
82992,22123,"Jordana Brewster",3
82992,17647,"Michelle Rodriguez",4
76170,6968,"Hugh Jackman",0
76170,9195,"Hiroyuki Sanada",1
76170,1156024,"Tao Okamoto",2
76170,1179243,"Rila Fukushima",3
76170,10696,"Famke Janssen",4
54138,62064,"Chris Pine",0
54138,17306,"Zachary Quinto",1
54138,8691,"Zoe Saldaña",2
54138,71580,"Benedict Cumberbatch",3
54138,1372,"Karl Urban",4
68724,1892,"Matt Damon",0
68724,1038,"Jodie Foster",1
68724,82191,"Sharlto Copley",2
68724,8688,"Diego Luna",3
68724,52583,"Wagner Moura",4
138832,4491,"Jennifer Aniston",0
138832,58224,"Jason Sudeikis",1
138832,34847,"Emma Roberts",2
138832,93491,"Will Poulter",3
138832,27105,"Ed Helms",4
122906,93210,"Domhnall Gleeson",0
122906,53714,"Rachel McAdams",1
122906,2440,"Bill Nighy",2
122906,2441,"Tom Hollander",3
122906,234352,"Margot Robbie",4
109439,51329,"Bradley Cooper",0
109439,27105,"Ed Helms",1
109439,58225,"Zach Galifianakis",2
109439,21180,"Justin Bartha",3
109439,83586,"Ken Jeong",4
152532,10297,"Matthew McConaughey",0
152532,9278,"Jennifer Garner",1
152532,7499,"Jared Leto",2
152532,81681,"Denis O'Hare",3
152532,18324,"Steve Zahn",4
158015,569,"Ethan Hawke",0
158015,17286,"Lena Headey",1
158015,81083,"Max Burkholder",2
158015,131781,"Adelaide Kane",3
158015,56679,"Edwin Hodge",4
116745,7399,"Ben Stiller",0
116745,41091,"Kristen Wiig",1
116745,2228,"Sean Penn",2
116745,4090,"Shirley MacLaine",3
116745,36801,"Adam Scott",4
96721,74568,"Chris Hemsworth",0
96721,3872,"Daniel Brühl",1
96721,59315,"Olivia Wilde",2
96721,5644,"Alexandra Maria Lara",3
96721,17839,"Pierfrancesco Favino",4
168672,3894,"Christian Bale",0
168672,51329,"Bradley Cooper",1
168672,9273,"Amy Adams",2
168672,17604,"Jeremy Renner",3
168672,72129,"Jennifer Lawrence",4
49519,2963,"Nicolas Cage",0
49519,54693,"Emma Stone",1
49519,10859,"Ryan Reynolds",2
49519,2229,"Catherine Keener",3
49519,9599,"Cloris Leachman",4
109424,31,"Tom Hanks",0
109424,1261694,"Barkhad Abdi",1
109424,1266859,"Barkhad Abdirahman",2
109424,1266858,"Faysal  Ahmed",3
109424,1266862,"Mahat M. Ali",4
60304,17604,"Jeremy Renner",0
60304,59620,"Gemma Arterton",1
60304,10696,"Famke Janssen",2
60304,93564,"Pihla Viitala",3
60304,53,"Peter Stormare",4
117263,17276,"Gerard Butler",0
117263,6383,"Aaron Eckhart",1
117263,965819,"Finley Jacobsen",2
117263,32597,"Dylan McDermott",3
117263,10883,"Rick Yune",4
109414,17051,"James Franco",0
109414,21007,"Jonah Hill",1
109414,19274,"Seth Rogen",2
109414,449,"Jay Baruchel",3
109414,62862,"Danny McBride",4
82700,120724,"Jaden Smith",0
82700,2888,"Will Smith",1
82700,2598,"Sophie Okonedo",2
82700,37153,"Zoë Kravitz",3
82700,12797,"Glenn Morshower",4
68728,17051,"James Franco",0
68728,18973,"Mila Kunis",1
68728,3293,"Rachel Weisz",2
68728,1812,"Michelle Williams",3
68728,5367,"Zach Braff",4
47964,62,"Bruce Willis",0
47964,224181,"Jai Courtney",1
47964,8197,"Sebastian Koch",2
47964,80998,"Yuliya Snigir",3
47964,230400,"Radivoje Bukvić",4
59859,27428,"Aaron Taylor-Johnson",0
59859,56734,"Chloë Grace Moretz",1
59859,54691,"Christopher Mintz-Plasse",2
59859,116882,"Lyndsy Fonseca",3
59859,206,"Jim Carrey",4
82654,3292,"Nicholas Hoult",0
82654,20374,"Teresa Palmer",1
82654,124644,"Lio Tipton",2
82654,6949,"John Malkovich",3
82654,54697,"Dave Franco",4
80274,77996,"Asa Butterfield",0
80274,130640,"Hailee Steinfeld",1
80274,3,"Harrison Ford",2
80274,19492,"Viola Davis",3
80274,2282,"Ben Kingsley",4
57201,85,"Johnny Depp",0
57201,53807,"Armie Hammer",1
57201,207,"Tom Wilkinson",2
57201,886,"William Fichtner",3
57201,1283,"Helena Bonham Carter",4
107985,11108,"Simon Pegg",0
107985,11109,"Nick Frost",1
107985,14887,"Paddy Considine",2
107985,7060,"Martin Freeman",3
107985,1665,"Eddie Marsan",4
72559,18918,"Dwayne Johnson",0
72559,62,"Bruce Willis",1
72559,378,"Jonathan Pryce",2
72559,88995,"Adrianne Palicki",3
72559,11007,"Ray Park",4
107846,16483,"Sylvester Stallone",0
107846,1100,"Arnold Schwarzenegger",1
107846,8767,"Jim Caviezel",2
107846,62644,"50 Cent",3
107846,4783,"Sam Neill",4
76285,33235,"Logan Lerman",0
76285,53336,"Brandon T. Jackson",1
76285,109513,"Alexandra Daddario",2
76285,60077,"Douglas Smith",3
76285,207401,"Leven Rambin",4
109428,530618,"Jane Levy",0
109428,79795,"Shiloh Fernandez",1
109428,17441,"Lou Taylor Pucci",2
109428,51989,"Jessica Lucas",3
109428,1046233,"Elizabeth Blackmore",4
81005,3292,"Nicholas Hoult",0
81005,73357,"Eleanor Tomlinson",1
81005,3061,"Ewan McGregor",2
81005,2283,"Stanley Tucci",3
81005,6972,"Ian McShane",4
97367,30614,"Ryan Gosling",0
97367,51329,"Bradley Cooper",1
97367,8170,"Eva Mendes",2
97367,9827,"Rose Byrne",3
97367,11477,"Ray Liotta",4
117251,38673,"Channing Tatum",0
117251,134,"Jamie Foxx",1
117251,1579,"Maggie Gyllenhaal",2
117251,76512,"Jason Clarke",3
117251,28633,"Richard Jenkins",4
134374,13240,"Mark Wahlberg",0
134374,18918,"Dwayne Johnson",1
134374,53650,"Anthony Mackie",2
134374,4252,"Tony Shalhoub",3
134374,228,"Ed Harris",4
193756,13240,"Mark Wahlberg",0
193756,60900,"Taylor Kitsch",1
193756,46593,"Emile Hirsch",2
193756,11107,"Ben Foster",3
193756,8783,"Eric Bana",4
133805,56734,"Chloë Grace Moretz",0
133805,1231,"Julianne Moore",1
133805,1014932,"Gabriella Wilde",2
133805,1159982,"Ansel Elgort",3
133805,558466,"Alex Russell",4
109418,19292,"Adam Sandler",0
109418,32895,"Kevin James",1
109418,2632,"Chris Rock",2
109418,60950,"David Spade",3
109418,3136,"Salma Hayek Pinault",4
91586,17178,"Patrick Wilson",0
91586,9827,"Rose Byrne",1
91586,7401,"Lin Shaye",2
91586,17181,"Ty Simpkins",3
91586,10767,"Barbara Hershey",4
123553,112561,"Lily Collins",0
123553,83356,"Jamie Campbell Bower",1
123553,118616,"Robert Sheehan",2
123553,7431,"Kevin Zegers",3
123553,1075355,"Jemima West",4
138697,24045,"Joseph Gordon-Levitt",0
138697,1245,"Scarlett Johansson",1
138697,1231,"Julianne Moore",2
138697,18298,"Tony Danza",3
138697,21104,"Glenne Headly",4
136400,5292,"Denzel Washington",0
136400,13240,"Mark Wahlberg",1
136400,52851,"Paula Patton",2
136400,587,"Edward James Olmos",3
136400,2053,"Bill Paxton",4
203833,118,"Geoffrey Rush",0
203833,1639,"Emily Watson",1
203833,1008607,"Sophie Nélisse",2
203833,224167,"Ben Schnetzer",3
203833,1153024,"Nico Liersch",4
116741,4937,"Vince Vaughn",0
116741,887,"Owen Wilson",1
116741,9827,"Rose Byrne",2
116741,20644,"Aasif Mandvi",3
116741,2978,"Max Minghella",4
87421,12835,"Vin Diesel",0
87421,82819,"Nolan Gerard Funk",1
87421,123879,"Matt Nable",2
87421,51798,"Katee Sackhoff",3
87421,31384,"Jordi Mollà",4
132232,83002,"Jessica Chastain",0
132232,12795,"Nikolaj Coster-Waldau",1
132232,223126,"Megan Charpentier",2
132232,1094759,"Isabelle Nélisse",3
132232,10210,"Daniel Kash",4
146216,62,"Bruce Willis",0
146216,6949,"John Malkovich",1
146216,18248,"Mary-Louise Parker",2
146216,229557,"Dan Jeannotte",3
146216,4173,"Anthony Hopkins",4
49524,1229,"Jeff Bridges",0
49524,10859,"Ryan Reynolds",1
49524,4724,"Kevin Bacon",2
49524,18248,"Mary-Louise Parker",3
49524,121953,"Stephanie Szostak",4
82682,16851,"Josh Brolin",0
82682,30614,"Ryan Gosling",1
82682,2228,"Sean Penn",2
82682,1733,"Nick Nolte",3
82682,54693,"Emma Stone",4
136795,18277,"Sandra Bullock",0
136795,55536,"Melissa McCarthy",1
136795,76961,"Demián Bichir",2
136795,9562,"Marlon Wayans",3
136795,4688,"Michael Rapaport",4
64686,6384,"Keanu Reeves",0
64686,9195,"Hiroyuki Sanada",1
64686,58593,"Ko Shibasaki",2
64686,13275,"Tadanobu Asano",3
64686,136191,"Min Tanaka",4
72710,36592,"Saoirse Ronan",0
72710,9824,"Diane Kruger",1
72710,232396,"Max Irons",2
72710,105727,"Jake Abel",3
72710,227,"William Hurt",4
122081,17051,"James Franco",0
122081,77948,"Selena Gomez",1
122081,67599,"Vanessa Hudgens",2
122081,78030,"Ashley Benson",3
122081,79504,"Rachel Anna Simon",4
204082,976,"Jason Statham",0
204082,17051,"James Franco",1
204082,1109976,"Izabela Vidovic",2
204082,7517,"Kate Bosworth",3
204082,62076,"Marcus Hester",4
77950,10859,"Ryan Reynolds",0
77950,13242,"Paul Giamatti",1
77950,454,"Michael Peña",2
77950,2231,"Samuel L. Jackson",3
77950,40481,"Luis Guzmán",4
258216,4273,"Charlotte Gainsbourg",0
258216,1640,"Stellan Skarsgård",1
258216,1137823,"Stacy Martin",2
258216,10959,"Shia LaBeouf",3
258216,2224,"Christian Slater",4
160588,112,"Cate Blanchett",0
160588,39658,"Sally Hawkins",1
160588,7447,"Alec Baldwin",2
160588,133,"Peter Sarsgaard",3
160588,21127,"Bobby Cannavale",4
109451,19278,"Bill Hader",0
109451,1772,"Anna Faris",1
109451,3085,"James Caan",2
109451,62831,"Will Forte",3
109451,62861,"Andy Samberg",4
109431,23532,"Jason Bateman",0
109431,55536,"Melissa McCarthy",1
109431,15277,"Jon Favreau",2
109431,2956,"Amanda Peet",3
109431,76126,"T.I.",4
140823,7056,"Emma Thompson",0
140823,31,"Tom Hanks",1
140823,72466,"Colin Farrell",2
140823,13242,"Paul Giamatti",3
140823,47720,"Ruth Wilson",4
109421,108916,"Rooney Mara",0
109421,9642,"Jude Law",1
109421,1922,"Catherine Zeta-Jones",2
109421,38673,"Channing Tatum",3
109421,5025,"Vinessa Shaw",4
119283,976,"Jason Statham",0
119283,16866,"Jennifer Lopez",1
119283,19654,"Michael Chiklis",2
119283,17859,"Wendell Pierce",3
119283,5365,"Clifton Collins Jr.",4
249397,4273,"Charlotte Gainsbourg",0
249397,1640,"Stellan Skarsgård",1
249397,1137823,"Stacy Martin",2
249397,10959,"Shia LaBeouf",3
249397,5293,"Willem Dafoe",4
96936,1053170,"Katie Chang",0
96936,10990,"Emma Watson",1
96936,527313,"Taissa Farmiga",2
96936,1172491,"Claire Julien",3
96936,969140,"Israel Broussard",4
112205,380,"Robert De Niro",0
112205,1160,"Michelle Pfeiffer",1
112205,2176,"Tommy Lee Jones",2
112205,141687,"Dianna Agron",3
112205,1056523,"John D'Leo",4
4258,67600,"Ashley French",0
4258,35548,"Simon Rex",1
4258,558903,"Gracie Whitton",2
4258,1508532,"Ava Kolker",3
4258,2570125,"Dylan Morris",4
103731,10297,"Matthew McConaughey",0
103731,368,"Reese Witherspoon",1
103731,1034681,"Tye Sheridan",2
103731,1171570,"Jacob Lofland",3
103731,9880,"Sam Shepard",4
158011,4587,"Halle Berry",0
158011,17140,"Abigail Breslin",1
158011,9779,"Morris Chestnut",2
158011,67979,"Michael Eklund",3
158011,226501,"David Otunga",4
157386,996701,"Miles Teller",0
157386,94185,"Shailene Woodley",1
157386,198855,"Masam Holden",2
157386,481337,"Kaitlyn Dever",3
157386,60073,"Brie Larson",4
132363,2178,"Forest Whitaker",0
132363,13309,"Oprah Winfrey",1
132363,35013,"David Oyelowo",2
132363,3036,"John Cusack",3
132363,6352,"Jane Fonda",4
76640,1100,"Arnold Schwarzenegger",0
76640,9656,"Johnny Knoxville",1
76640,59817,"Jaimie Alexander",2
76640,70303,"Zach Gilford",3
76640,1144931,"Kristen DeVore Rakes",4
116711,72466,"Colin Farrell",0
116711,71070,"Amanda Seyfried",1
116711,27319,"Christoph Waltz",2
116711,27972,"Josh Hutcherson",3
116711,58224,"Jason Sudeikis",4
86829,25072,"Oscar Isaac",0
86829,36662,"Carey Mulligan",1
86829,12111,"Justin Timberlake",2
86829,29445,"Ethan Phillips",3
86829,11902,"Robin Bartlett",4
109491,71375,"Alden Ehrenreich",0
109491,587823,"Alice Englert",1
109491,16940,"Jeremy Irons",2
109491,19492,"Viola Davis",3
109491,4730,"Emmy Rossum",4
109443,23659,"Will Ferrell",0
109443,4495,"Steve Carell",1
109443,22226,"Paul Rudd",2
109443,28638,"David Koechner",3
109443,18979,"Christina Applegate",4
132344,569,"Ethan Hawke",0
132344,1146,"Julie Delpy",1
132344,12042,"Seamus Davey-Fitzpatrick",2
132344,1140264,"Jennifer Prior",3
132344,1140265,"Charlotte Prior",4
83899,138010,"Sharni Vinson",0
83899,149966,"Nicholas Tucci",1
83899,168529,"Wendy Glenn",2
83899,74133,"AJ Bowen",3
83899,40863,"Joe Swanberg",4
115782,18976,"Ashton Kutcher",0
115782,54415,"Josh Gad",1
115782,526,"Lukas Haas",2
115782,59251,"Victor Rasuk",3
115782,170333,"Eddie Hassell",4
77987,30614,"Ryan Gosling",0
77987,5470,"Kristin Scott Thomas",1
77987,1102621,"Vithaya Pansringarm",2
77987,1206367,"Rhatha Phongam",3
77987,1840,"Gordon Brown",4
87818,6065,"Dennis Quaid",0
87818,17141,"Greg Kinnear",1
87818,6968,"Hugh Jackman",2
87818,204,"Kate Winslet",3
87818,206905,"Jeremy Allen White",4
134411,18918,"Dwayne Johnson",0
134411,12834,"Barry Pepper",1
134411,4038,"Susan Sarandon",2
134411,4589,"Benjamin Bratt",3
134411,39390,"Michael Kenneth Williams",4
149509,10980,"Daniel Radcliffe",0
149509,36594,"Juno Temple",1
149509,2978,"Max Minghella",2
149509,29234,"Joe Anderson",3
149509,17442,"Kelli Garner",4
86825,76070,"Mia Wasikowska",0
86825,2227,"Nicole Kidman",1
86825,1247,"Matthew Goode",2
86825,20212,"Dermot Mulroney",3
86825,67837,"Jacki Weaver",4
157336,10297,"Matthew McConaughey",0
157336,1813,"Anne Hathaway",1
157336,3895,"Michael Caine",2
157336,83002,"Jessica Chastain",3
157336,1893,"Casey Affleck",4
118340,73457,"Chris Pratt",0
118340,8691,"Zoe Saldaña",1
118340,543530,"Dave Bautista",2
118340,12835,"Vin Diesel",3
118340,51329,"Bradley Cooper",4
245891,6384,"Keanu Reeves",0
245891,6283,"Michael Nyqvist",1
245891,71586,"Alfie Allen",2
245891,5293,"Willem Dafoe",3
245891,68763,"Dean Winters",4
100402,16828,"Chris Evans",0
100402,2231,"Samuel L. Jackson",1
100402,1245,"Scarlett Johansson",2
100402,4135,"Robert Redford",3
100402,60898,"Sebastian Stan",4
210577,880,"Ben Affleck",0
210577,10882,"Rosamund Pike",1
210577,41686,"Neil Patrick Harris",2
210577,80602,"Tyler Perry",3
210577,1308445,"Carrie Coon",4
198663,527393,"Dylan O'Brien",0
198663,115150,"Kaya Scodelario",1
198663,25663,"Thomas Brodie-Sangster",2
198663,1310760,"Ki Hong Lee",3
198663,93491,"Will Poulter",4
205596,71580,"Benedict Cumberbatch",0
205596,116,"Keira Knightley",1
205596,1247,"Matthew Goode",2
205596,139549,"Rory Kinnear",3
205596,85718,"Allen Leech",4
240832,1245,"Scarlett Johansson",0
240832,192,"Morgan Freeman",1
240832,64880,"Choi Min-sik",2
240832,2960,"Amr Waked",3
240832,7031,"Julian Rhind-Tutt",4
244786,996701,"Miles Teller",0
244786,18999,"J.K. Simmons",1
244786,781,"Paul Reiser",2
244786,129104,"Melissa Benoist",3
244786,970216,"Austin Stowell",4
131631,72129,"Jennifer Lawrence",0
131631,27972,"Josh Hutcherson",1
131631,96066,"Liam Hemsworth",2
131631,57755,"Woody Harrelson",3
131631,9281,"Elizabeth Banks",4
177572,66580,"Scott Adsit",0
177572,515510,"Ryan Potter",1
177572,82093,"Daniel Henney",2
177572,51990,"T.J. Miller",3
177572,78324,"Jamie Chung",4
127585,6968,"Hugh Jackman",0
127585,5530,"James McAvoy",1
127585,17288,"Michael Fassbender",2
127585,2387,"Patrick Stewart",3
127585,1327,"Ian McKellen",4
120467,5469,"Ralph Fiennes",0
120467,1164,"F. Murray Abraham",1
120467,1291350,"Tony Revolori",2
120467,3490,"Adrien Brody",3
120467,5293,"Willem Dafoe",4
122917,1327,"Ian McKellen",0
122917,7060,"Martin Freeman",1
122917,30315,"Richard Armitage",2
122917,114,"Orlando Bloom",3
122917,19034,"Evangeline Lilly",4
137113,500,"Tom Cruise",0
137113,5081,"Emily Blunt",1
137113,2039,"Brendan Gleeson",2
137113,2053,"Bill Paxton",3
137113,119224,"Jonas Armstrong",4
102382,37625,"Andrew Garfield",0
102382,54693,"Emma Stone",1
102382,134,"Jamie Foxx",2
102382,122889,"Dane DeHaan",3
102382,10132,"Colm Feore",4
102651,11701,"Angelina Jolie",0
102651,18050,"Elle Fanning",1
102651,11356,"Imelda Staunton",2
102651,82191,"Sharlto Copley",3
102651,72305,"Lesley Manville",4
190859,51329,"Bradley Cooper",0
190859,23459,"Sienna Miller",1
190859,59219,"Kyle Gallner",2
190859,1530518,"Cole Konis",3
190859,163139,"Ben Reed",4
194662,2232,"Michael Keaton",0
194662,54693,"Emma Stone",1
194662,58225,"Zach Galifianakis",2
194662,819,"Edward Norton",3
194662,127558,"Andrea Riseborough",4
157350,94185,"Shailene Woodley",0
157350,587020,"Theo James",1
157350,15852,"Ashley Judd",2
157350,224181,"Jai Courtney",3
157350,56614,"Ray Stevenson",4
228150,287,"Brad Pitt",0
228150,10959,"Shia LaBeouf",1
228150,33235,"Logan Lerman",2
228150,454,"Michael Peña",3
228150,19498,"Jon Bernthal",4
119450,1333,"Andy Serkis",0
119450,76512,"Jason Clarke",1
119450,20286,"Toby Kebbell",2
119450,64,"Gary Oldman",3
119450,41292,"Keri Russell",4
242582,131,"Jake Gyllenhaal",0
242582,14343,"Rene Russo",1
242582,53240,"Riz Ahmed",2
242582,2053,"Bill Paxton",3
242582,97604,"Kevin Rahm",4
222935,94185,"Shailene Woodley",0
222935,1159982,"Ansel Elgort",1
222935,232006,"Nat Wolff",2
222935,4784,"Laura Dern",3
222935,131006,"Sam Trammell",4
266856,37632,"Eddie Redmayne",0
266856,72855,"Felicity Jones",1
266856,23458,"Charlie Cox",2
266856,1639,"Emily Watson",3
266856,16358,"Simon McBurney",4
82702,449,"Jay Baruchel",0
82702,112,"Cate Blanchett",1
82702,17276,"Gerard Butler",2
82702,24264,"Craig Ferguson",3
82702,59174,"America Ferrera",4
156022,5292,"Denzel Washington",0
156022,20982,"Marton Csokas",1
156022,56734,"Chloë Grace Moretz",2
156022,35029,"David Harbour",3
156022,58754,"Haley Bennett",4
124905,27428,"Aaron Taylor-Johnson",0
124905,550843,"Elizabeth Olsen",1
124905,1137,"Juliette Binoche",2
124905,17419,"Bryan Cranston",3
124905,3899,"Ken Watanabe",4
91314,13240,"Mark Wahlberg",0
91314,19540,"Peter Cullen",1
91314,2283,"Stanley Tucci",2
91314,7090,"Kelsey Grammer",3
91314,61186,"Nicola Peltz",4
187017,21007,"Jonah Hill",0
187017,38673,"Channing Tatum",1
187017,53,"Peter Stormare",2
187017,986808,"Wyatt Russell",3
187017,1187106,"Amber Stevens West",4
137106,73457,"Chris Pratt",0
137106,9281,"Elizabeth Banks",1
137106,23659,"Will Ferrell",2
137106,192,"Morgan Freeman",3
137106,21200,"Will Arnett",4
195589,19274,"Seth Rogen",0
195589,29222,"Zac Efron",1
195589,9827,"Rose Byrne",2
195589,54697,"Dave Franco",3
195589,54691,"Christopher Mintz-Plasse",4
206487,569,"Ethan Hawke",0
206487,235416,"Sarah Snook",1
206487,1284,"Noah Taylor",2
206487,75175,"Christopher Kirby",3
206487,213144,"Madeleine West",4
98566,1163622,"Pete Ploszek",0
98566,64295,"Alan Ritchson",1
98566,15034,"Jeremy Howard",2
98566,80352,"Noel Fisher",3
98566,19537,"Megan Fox",4
53182,38664,"Sullivan Stapleton",0
53182,10912,"Eva Green",1
53182,17286,"Lena Headey",2
53182,208296,"Callan Mulvey",3
53182,1371,"David Wenham",4
238636,81685,"Frank Grillo",0
238636,37158,"Carmen Ejogo",1
238636,70303,"Zach Gilford",2
238636,39390,"Michael Kenneth Williams",3
238636,31168,"Kiele Sanchez",4
86834,934,"Russell Crowe",0
86834,6161,"Jennifer Connelly",1
86834,5538,"Ray Winstone",2
86834,4173,"Anthony Hopkins",3
86834,10990,"Emma Watson",4
250546,82809,"Annabelle Wallis",0
250546,94436,"Ward Horton",1
250546,34842,"Tony Amendola",2
250546,1981,"Alfre Woodard",3
250546,188311,"Eric Ladin",4
49017,114019,"Luke Evans",0
49017,190895,"Sarah Gadon",1
49017,55470,"Dominic Cooper",2
49017,1050248,"Art Parkinson",3
49017,4391,"Charles Dance",4
181886,131,"Jake Gyllenhaal",0
181886,19119,"Mélanie Laurent",1
181886,190895,"Sarah Gadon",2
181886,6588,"Isabella Rossellini",3
181886,5925,"Joshua Peace",4
200727,112561,"Lily Collins",0
200727,237455,"Sam Claflin",1
200727,116263,"Christian Cooke",2
200727,66442,"Tamsin Egerton",3
200727,1325961,"Suki Waterhouse",4
242224,33449,"Essie Davis",0
242224,1277195,"Noah Wiseman",1
242224,220442,"Hayley McElhinney",2
242224,213202,"Daniel Henshall",3
242224,75410,"Barbara West",4
228967,17051,"James Franco",0
228967,19274,"Seth Rogen",1
228967,51988,"Lizzy Caplan",2
228967,79082,"Randall Park",3
228967,583051,"Diana Bang",4
181533,7399,"Ben Stiller",0
181533,2157,"Robin Williams",1
181533,887,"Owen Wilson",2
181533,4581,"Steve Coogan",3
181533,17835,"Ricky Gervais",4
260346,3896,"Liam Neeson",0
260346,2178,"Forest Whitaker",1
260346,11825,"Maggie Grace",2
260346,15336,"Dougray Scott",3
260346,10696,"Famke Janssen",4
97020,92404,"Joel Kinnaman",0
97020,64,"Gary Oldman",1
97020,2232,"Michael Keaton",2
97020,37260,"Abbie Cornish",3
97020,17183,"Jackie Earle Haley",4
157353,85,"Johnny Depp",0
157353,15556,"Rebecca Hall",1
157353,192,"Morgan Freeman",2
157353,6162,"Paul Bettany",3
157353,2037,"Cillian Murphy",4
225574,3896,"Liam Neeson",0
225574,1231,"Julianne Moore",1
225574,59233,"Scoot McNairy",2
225574,70904,"Michelle Dockery",3
225574,77277,"Nate Parker",4
85350,931944,"Ellar Coltrane",0
85350,4687,"Patricia Arquette",1
85350,569,"Ethan Hawke",2
85350,1327009,"Lorelei Linklater",3
85350,2857,"Libby Villari",4
138103,16483,"Sylvester Stallone",0
138103,976,"Jason Statham",1
138103,3,"Harrison Ford",2
138103,1100,"Arnold Schwarzenegger",3
138103,2461,"Mel Gibson",4
147441,3894,"Christian Bale",0
147441,33192,"Joel Edgerton",1
147441,2282,"Ben Kingsley",2
147441,1241,"John Turturro",3
147441,84497,"Aaron Paul",4
136797,84497,"Aaron Paul",0
136797,55470,"Dominic Cooper",1
136797,17606,"Imogen Poots",2
136797,484359,"Kid Cudi",3
136797,17838,"Rami Malek",4
227156,1229,"Jeff Bridges",0
227156,5064,"Meryl Streep",1
227156,1017347,"Brenton Thwaites",2
227156,28846,"Alexander Skarsgård",3
227156,3897,"Katie Holmes",4
270946,18864,"Tom McGrath",0
270946,12098,"Chris Miller",1
270946,12097,"Christopher Knights",2
270946,12080,"Conrad Vernon",3
270946,6949,"John Malkovich",4
205587,3223,"Robert Downey Jr.",0
205587,3087,"Robert Duvall",1
205587,21657,"Vera Farmiga",2
205587,7132,"Vincent D'Onofrio",3
205587,239271,"Jeremy Strong",4
188161,52139,"Seth MacFarlane",0
188161,6885,"Charlize Theron",1
188161,71070,"Amanda Seyfried",2
188161,3896,"Liam Neeson",3
188161,1771,"Giovanni Ribisi",4
227159,23532,"Jason Bateman",0
227159,58224,"Jason Sudeikis",1
227159,95101,"Charlie Day",2
227159,4491,"Jennifer Aniston",3
227159,62064,"Chris Pine",4
224141,84223,"Anna Kendrick",0
224141,5064,"Meryl Streep",1
224141,1127625,"Lilla Crawford",2
224141,5081,"Emily Blunt",3
224141,85,"Johnny Depp",4
184315,18918,"Dwayne Johnson",0
184315,6972,"Ian McShane",1
184315,5049,"John Hurt",2
184315,17328,"Rufus Sewell",3
184315,76547,"Aksel Hennie",4
227306,85065,"Jack O'Connell",0
227306,558466,"Alex Russell",1
227306,93210,"Domhnall Gleeson",2
227306,9828,"Garrett Hedlund",3
227306,1391420,"MIYAVI",4
116149,17064,"Ben Whishaw",0
116149,19923,"Hugh Bonneville",1
116149,39658,"Sally Hawkins",2
116149,1304661,"Madeleine Harris",3
116149,1304662,"Samuel Joslin",4
249164,56734,"Chloë Grace Moretz",0
249164,221985,"Jamie Blackley",1
249164,60458,"Liana Liberato",2
249164,175826,"Mireille Enos",3
249164,26852,"Joshua Leonard",4
225886,6941,"Cameron Diaz",0
225886,41088,"Jason Segel",1
225886,52997,"Rob Corddry",2
225886,475512,"Ellie Kemper",3
225886,2879,"Rob Lowe",4
189,56731,"Jessica Alba",0
189,62,"Bruce Willis",1
189,2295,"Mickey Rourke",2
189,16851,"Josh Brolin",3
189,24045,"Joseph Gordon-Levitt",4
246741,55936,"Jemaine Clement",0
246741,55934,"Taika Waititi",1
246741,586951,"Jonny Brugh",2
246741,1286794,"Cori Gonzalez-Macuer",3
246741,1286796,"Stu Rutherford",4
198277,103,"Mark Ruffalo",0
198277,116,"Keira Knightley",1
198277,217371,"Adam Levine",2
198277,130640,"Hailee Steinfeld",3
198277,2229,"Catherine Keener",4
256274,207549,"Perdita Weeks",0
256274,78431,"Ben Feldman",1
256274,56679,"Edwin Hodge",2
256274,78124,"François Civil",3
256274,1319096,"Marion Lambert",4
97370,1245,"Scarlett Johansson",0
97370,1047644,"Jeremy McWilliams",1
97370,1711557,"Lynsey Taylor Mackay",2
97370,1711559,"Dougie McConnell",3
97370,1711561,"Kevin McAlinden",4
232672,19292,"Adam Sandler",0
232672,69597,"Drew Barrymore",1
232672,58478,"Kevin Nealon",2
232672,53256,"Terry Crews",3
232672,63234,"Wendi McLendon-Covey",4
152760,1461,"George Clooney",0
152760,1892,"Matt Damon",1
152760,1532,"Bill Murray",2
152760,1230,"John Goodman",3
152760,112,"Cate Blanchett",4
172385,44735,"Jesse Eisenberg",0
172385,1813,"Anne Hathaway",1
172385,82092,"will.i.am",2
172385,134,"Jamie Foxx",3
172385,41087,"Leslie Mann",4
193610,6941,"Cameron Diaz",0
193610,41087,"Leslie Mann",1
193610,974317,"Kate Upton",2
193610,12795,"Nikolaj Coster-Waldau",3
193610,25129,"Don Johnson",4
212778,15277,"Jon Favreau",0
212778,5723,"John Leguizamo",1
212778,21127,"Bobby Cannavale",2
212778,1259762,"Emjay Anthony",3
212778,1245,"Scarlett Johansson",4
87093,9273,"Amy Adams",0
87093,27319,"Christoph Waltz",1
87093,6413,"Danny Huston",2
87093,4253,"Jon Polito",3
87093,78080,"Krysten Ritter",4
220289,209200,"Emily Baldoni",0
220289,65726,"Maury Sterling",1
220289,71675,"Nicholas Brendon",2
220289,71551,"Lorene Scafaria",3
220289,154716,"Elizabeth Gracen",4
277685,444211,"Shelley Hennig",0
277685,1385057,"Heather Sossaman",1
277685,155621,"Renee Olstead",2
277685,1385055,"Matthew Bohrer",3
277685,1385058,"Moses Storm",4
244267,10692,"Michael Pitt",0
244267,222330,"Brit Marling",1
244267,469759,"Àstrid Bergès-Frisbey",2
244267,215055,"Steven Yeun",3
244267,128645,"Archie Panjabi",4
100042,206,"Jim Carrey",0
100042,8447,"Jeff Daniels",1
100042,8332,"Laurie Holden",2
100042,176497,"Rachel Melvin",3
100042,3391,"Kathleen Turner",4
76649,239019,"Kit Harington",0
76649,70456,"Emily Browning",1
76649,31164,"Adewale Akinnuoye-Agbaje",2
76649,2628,"Kiefer Sutherland",3
76649,530,"Carrie-Anne Moss",4
284293,1231,"Julianne Moore",0
284293,7517,"Kate Bosworth",1
284293,83222,"Shane McRae",2
284293,35236,"Hunter Parrish",3
284293,7447,"Alec Baldwin",4
157547,543261,"Karen Gillan",0
157547,1017347,"Brenton Thwaites",1
157547,51798,"Katee Sackhoff",2
157547,51792,"Rory Cochrane",3
157547,1024722,"Annalise Basso",4
137094,62064,"Chris Pine",0
137094,116,"Keira Knightley",1
137094,1269,"Kevin Costner",2
137094,11181,"Kenneth Branagh",3
137094,12766,"Lenn Kudrjawizki",4
169917,3896,"Liam Neeson",0
169917,221018,"Dan Stevens",1
169917,35029,"David Harbour",2
169917,467645,"Boyd Holbrook",3
169917,110902,"Ólafur Darri Ólafsson",4
210479,2524,"Tom Hardy",0
210479,47720,"Ruth Wilson",1
210479,125660,"Andrew Scott",2
210479,39187,"Olivia Colman",3
210479,1136406,"Tom Holland",4
193893,543505,"Jake Johnson",0
193893,87822,"Damon Wayans Jr.",1
193893,71403,"Rob Riggle",2
193893,19961,"Nina Dobrev",3
193893,19655,"James D'Arcy",4
228326,8688,"Diego Luna",0
228326,8691,"Zoe Saldaña",1
228326,38673,"Channing Tatum",2
228326,2372,"Ron Perlman",3
228326,18979,"Christina Applegate",4
242512,221115,"Daren Kagasoff",0
242512,33286,"Matthew Settle",1
242512,1173984,"Olivia Cooke",2
242512,973091,"Ana Coto",3
242512,444211,"Shelley Hennig",4
171274,73421,"Joaquin Phoenix",0
171274,16851,"Josh Brolin",1
171274,887,"Owen Wilson",2
171274,77795,"Katherine Waterston",3
171274,368,"Reese Witherspoon",4
225565,29222,"Zac Efron",0
225565,996701,"Miles Teller",1
225565,135651,"Michael B. Jordan",2
225565,17606,"Imogen Poots",3
225565,1110405,"Mackenzie Davis",4
239571,11705,"Michelle Monaghan",0
239571,11006,"James Marsden",1
239571,972356,"Luke Bracey",2
239571,60458,"Liana Liberato",3
239571,29512,"Gerald McRaney",4
228970,368,"Reese Witherspoon",0
228970,4784,"Laura Dern",1
228970,1223463,"Keene McRae",2
228970,12930,"Gaby Hoffmann",3
228970,91520,"Michiel Huisman",4
68737,1229,"Jeff Bridges",0
68737,1231,"Julianne Moore",1
68737,25130,"Ben Barnes",2
68737,227454,"Alicia Vikander",3
68737,43299,"John DeSantis",4
82703,15232,"Ty Burrell",0
82703,558928,"Max Charles",1
82703,42160,"Ariel Winter",2
82703,19,"Allison Janney",3
82703,58769,"Stephen Colbert",4
87492,4495,"Steve Carell",0
87492,38673,"Channing Tatum",1
87492,103,"Mark Ruffalo",2
87492,23459,"Sienna Miller",3
87492,13333,"Vanessa Redgrave",4
154400,2524,"Tom Hardy",0
154400,87722,"Noomi Rapace",1
154400,4691,"James Gandolfini",2
154400,73381,"Matthias Schoenaerts",3
154400,40543,"John Ortiz",4
168530,9778,"Ice Cube",0
168530,55638,"Kevin Hart",1
168530,5723,"John Leguizamo",2
168530,14888,"Bruce McGill",3
168530,110742,"Tika Sumpter",4
192102,1269,"Kevin Costner",0
192102,55085,"Amber Heard",1
192102,130640,"Hailee Steinfeld",2
192102,935,"Connie Nielsen",3
192102,18818,"Tómas Lemarquis",4
273895,35013,"David Oyelowo",0
273895,37158,"Carmen Ejogo",1
273895,207,"Tom Wilkinson",2
273895,1771,"Giovanni Ribisi",3
273895,3129,"Tim Roth",4
184346,8783,"Eric Bana",0
184346,81364,"Olivia Munn",1
184346,25616,"Edgar Ramírez",2
184346,74949,"Joel McHale",3
184346,16702,"Sean Harris",4
216282,30315,"Richard Armitage",0
216282,86468,"Sarah Wayne Callies",1
216282,59841,"Matt Walsh",2
216282,75566,"Max Deacon",3
216282,1129464,"Alycia Debnam-Carey",4
99861,3223,"Robert Downey Jr.",0
99861,74568,"Chris Hemsworth",1
99861,103,"Mark Ruffalo",2
99861,16828,"Chris Evans",3
99861,1245,"Scarlett Johansson",4
76341,2524,"Tom Hardy",0
76341,6885,"Charlize Theron",1
76341,3292,"Nicholas Hoult",2
76341,26060,"Hugh Keays-Byrne",3
76341,1056053,"Josh Helman",4
150540,56322,"Amy Poehler",0
150540,169200,"Phyllis Smith",1
150540,21125,"Richard Kind",2
150540,19278,"Bill Hader",3
150540,59258,"Lewis Black",4
135397,73457,"Chris Pratt",0
135397,18997,"Bryce Dallas Howard",1
135397,76793,"Irrfan Khan",2
135397,7132,"Vincent D'Onofrio",3
135397,17181,"Ty Simpkins",4
286217,1892,"Matt Damon",0
286217,83002,"Jessica Chastain",1
286217,41091,"Kristen Wiig",2
286217,8447,"Jeff Daniels",3
286217,454,"Michael Peña",4
102899,22226,"Paul Rudd",0
102899,3392,"Michael Douglas",1
102899,19034,"Evangeline Lilly",2
102899,74541,"Corey Stoll",3
102899,21127,"Bobby Cannavale",4
140607,1315036,"Daisy Ridley",0
140607,236695,"John Boyega",1
140607,25072,"Oscar Isaac",2
140607,1023139,"Adam Driver",3
140607,4,"Carrie Fisher",4
281957,6193,"Leonardo DiCaprio",0
281957,2524,"Tom Hardy",1
281957,93210,"Domhnall Gleeson",2
281957,93491,"Will Poulter",3
281957,1560185,"Forrest Goodluck",4
207703,1303037,"Taron Egerton",0
207703,5472,"Colin Firth",1
207703,2231,"Samuel L. Jackson",2
207703,2983,"Mark Strong",3
207703,1282054,"Sophie Cookson",4
273248,2231,"Samuel L. Jackson",0
273248,6856,"Kurt Russell",1
273248,10431,"Jennifer Jason Leigh",2
273248,27740,"Walton Goggins",3
273248,76961,"Demián Bichir",4
264660,93210,"Domhnall Gleeson",0
264660,227454,"Alicia Vikander",1
264660,25072,"Oscar Isaac",2
264660,1457238,"Sonoya Mizuno",3
264660,17199,"Corey Johnson",4
131634,72129,"Jennifer Lawrence",0
131634,27972,"Josh Hutcherson",1
131634,96066,"Liam Hemsworth",2
131634,57755,"Woody Harrelson",3
131634,9281,"Elizabeth Banks",4
216015,118545,"Dakota Johnson",0
216015,1254583,"Jamie Dornan",1
216015,49971,"Jennifer Ehle",2
216015,222130,"Eloise Mumford",3
216015,59251,"Victor Rasuk",4
168259,12835,"Vin Diesel",0
168259,8167,"Paul Walker",1
168259,18918,"Dwayne Johnson",2
168259,17647,"Michelle Rodriguez",3
168259,8169,"Tyrese Gibson",4
206647,8784,"Daniel Craig",0
206647,27319,"Christoph Waltz",1
206647,121529,"Léa Seydoux",2
206647,5469,"Ralph Fiennes",3
206647,28782,"Monica Bellucci",4
211672,18277,"Sandra Bullock",0
211672,65717,"Jon Hamm",1
211672,2232,"Michael Keaton",2
211672,19,"Allison Janney",3
211672,4581,"Steve Coogan",4
294254,527393,"Dylan O'Brien",0
294254,115150,"Kaya Scodelario",1
294254,25663,"Thomas Brodie-Sangster",2
294254,4808,"Giancarlo Esposito",3
294254,1310760,"Ki Hong Lee",4
262500,94185,"Shailene Woodley",0
262500,587020,"Theo James",1
262500,996701,"Miles Teller",2
262500,204,"Kate Winslet",3
262500,1159982,"Ansel Elgort",4
318846,4495,"Steve Carell",0
318846,3894,"Christian Bale",1
318846,30614,"Ryan Gosling",2
318846,287,"Brad Pitt",3
318846,3141,"Marisa Tomei",4
177677,500,"Tom Cruise",0
177677,17604,"Jeremy Renner",1
177677,11108,"Simon Pegg",2
177677,933238,"Rebecca Ferguson",3
177677,10182,"Ving Rhames",4
273481,5081,"Emily Blunt",0
273481,1121,"Benicio del Toro",1
273481,16851,"Josh Brolin",2
273481,8536,"Victor Garber",3
273481,19498,"Jon Bernthal",4
264644,60073,"Brie Larson",0
264644,1277188,"Jacob Tremblay",1
264644,11148,"Joan Allen",2
264644,144160,"Sean Bridgers",3
264644,64712,"Tom McCamus",4
254128,18918,"Dwayne Johnson",0
254128,109513,"Alexandra Daddario",1
254128,17832,"Carla Gugino",2
254128,65524,"Ioan Gruffudd",3
254128,128645,"Archie Panjabi",4
87101,1100,"Arnold Schwarzenegger",0
87101,76512,"Jason Clarke",1
87101,1223786,"Emilia Clarke",2
87101,224181,"Jai Courtney",3
87101,18999,"J.K. Simmons",4
314365,103,"Mark Ruffalo",0
314365,2232,"Michael Keaton",1
314365,53714,"Rachel McAdams",2
314365,23626,"Liev Schreiber",3
314365,21134,"John Slattery",4
198184,82191,"Sharlto Copley",0
198184,76788,"Dev Patel",1
198184,6968,"Hugh Jackman",2
198184,985041,"Ninja",3
198184,985040,"Yo-Landi Visser",4
256591,2888,"Will Smith",0
256591,234352,"Margot Robbie",1
256591,94432,"Adrian Martinez",2
256591,29512,"Gerald McRaney",3
256591,17289,"Rodrigo Santoro",4
257344,19292,"Adam Sandler",0
257344,32895,"Kevin James",1
257344,11705,"Michelle Monaghan",2
257344,22970,"Peter Dinklage",3
257344,54415,"Josh Gad",4
214756,13240,"Mark Wahlberg",0
214756,52139,"Seth MacFarlane",1
214756,71070,"Amanda Seyfried",2
214756,207150,"Jessica Barth",3
214756,1771,"Giovanni Ribisi",4
312221,135651,"Michael B. Jordan",0
312221,16483,"Sylvester Stallone",1
312221,62561,"Tessa Thompson",2
312221,119598,"Phylicia Rashād",3
312221,1746871,"Andre Ward",4
158852,52018,"Britt Robertson",0
158852,1461,"George Clooney",1
158852,1055230,"Raffey Cassidy",2
158852,41419,"Hugh Laurie",3
158852,74428,"Tim McGraw",4
257211,380,"Robert De Niro",0
257211,1813,"Anne Hathaway",1
257211,14343,"Rene Russo",2
257211,521563,"Anders Holm",3
257211,1561685,"JoJo Kushner",4
150689,1016168,"Lily James",0
150689,112,"Cate Blanchett",1
150689,512991,"Richard Madden",2
150689,1640,"Stellan Skarsgård",3
150689,302165,"Holliday Grainger",4
296098,31,"Tom Hanks",0
296098,40900,"Mark Rylance",1
296098,39388,"Amy Ryan",2
296098,21278,"Alan Alda",3
296098,8197,"Sebastian Koch",4
76757,38673,"Channing Tatum",0
76757,18973,"Mila Kunis",1
76757,48,"Sean Bean",2
76757,37632,"Eddie Redmayne",3
76757,230680,"Douglas Booth",4
293863,59175,"Blake Lively",0
293863,91520,"Michiel Huisman",1
293863,3,"Harrison Ford",2
293863,9560,"Ellen Burstyn",3
293863,1907,"Kathy Baker",4
270303,1094091,"Maika Monroe",0
270303,132712,"Keir Gilchrist",1
270303,1172147,"Daniel Zovatto",2
270303,133980,"Jake Weary",3
270303,1210610,"Olivia Luccardi",4
254320,72466,"Colin Farrell",0
254320,3293,"Rachel Weisz",1
254320,39187,"Olivia Colman",2
254320,121529,"Léa Seydoux",3
254320,17078,"Michael Smiley",4
203801,73968,"Henry Cavill",0
203801,53807,"Armie Hammer",1
203801,227454,"Alicia Vikander",2
203801,1133349,"Elizabeth Debicki",3
203801,90325,"Luca Calvani",4
166424,996701,"Miles Teller",0
166424,135651,"Michael B. Jordan",1
166424,51072,"Kate Mara",2
166424,478,"Jamie Bell",3
166424,20286,"Toby Kebbell",4
238713,55536,"Melissa McCarthy",0
238713,9827,"Rose Byrne",1
238713,976,"Jason Statham",2
238713,9642,"Jude Law",3
238713,62965,"Miranda Hart",4
159824,19292,"Adam Sandler",0
159824,77948,"Selena Gomez",1
159824,62861,"Andy Samberg",2
159824,32895,"Kevin James",3
159824,884,"Steve Buscemi",4
105864,963134,"Raymond Ochoa",0
105864,3910,"Frances McDormand",1
105864,2954,"Jeffrey Wright",2
105864,18324,"Steve Zahn",3
105864,16431,"Sam Elliott",4
306819,37632,"Eddie Redmayne",0
306819,227454,"Alicia Vikander",1
306819,73381,"Matthias Schoenaerts",2
306819,17064,"Ben Whishaw",3
306819,8197,"Sebastian Koch",4
307081,131,"Jake Gyllenhaal",0
307081,53714,"Rachel McAdams",1
307081,2178,"Forest Whitaker",2
307081,1423519,"Oona Laurence",3
307081,62644,"50 Cent",4
254470,84223,"Anna Kendrick",0
254470,29221,"Brittany Snow",1
254470,130640,"Hailee Steinfeld",2
254470,221581,"Rebel Wilson",3
254470,1072572,"Ester Dean",4
253412,76512,"Jason Clarke",0
253412,16851,"Josh Brolin",1
253412,131,"Jake Gyllenhaal",2
253412,1133349,"Elizabeth Debicki",3
253412,116,"Keira Knightley",4
201085,76070,"Mia Wasikowska",0
201085,83002,"Jessica Chastain",1
201085,91606,"Tom Hiddleston",2
201085,56365,"Charlie Hunnam",3
201085,29862,"Jim Beaver",4
298312,1385063,"Olivia DeJonge",0
298312,1198286,"Ed Oxenbould",1
298312,204271,"Deanna Dunagan",2
298312,19489,"Peter McRobbie",3
298312,17696,"Kathryn Hahn",4
286565,232006,"Nat Wolff",0
286565,1289968,"Cara Delevingne",1
286565,148992,"Austin Abrams",2
286565,1029934,"Justice Smith",3
286565,934243,"Halston Sage",4
205775,74568,"Chris Hemsworth",0
205775,239996,"Benjamin Walker",1
205775,2037,"Cillian Murphy",2
205775,2039,"Brendan Gleeson",3
205775,17064,"Ben Whishaw",4
272693,52404,"Mae Whitman",0
272693,1223726,"Robbie Amell",1
272693,98285,"Bella Thorne",2
272693,110930,"Skyler Samuels",3
272693,1277583,"Bianca A. Santos",4
321697,17288,"Michael Fassbender",0
321697,204,"Kate Winslet",1
321697,19274,"Seth Rogen",2
321697,8447,"Jeff Daniels",3
321697,72873,"Michael Stuhlbarg",4
276907,2524,"Tom Hardy",0
276907,70456,"Emily Browning",1
276907,2040,"Christopher Eccleston",2
276907,11207,"David Thewlis",3
276907,1303037,"Taron Egerton",4
274479,72129,"Jennifer Lawrence",0
274479,380,"Robert De Niro",1
274479,51329,"Bradley Cooper",2
274479,25616,"Edgar Ramírez",3
274479,6587,"Diane Ladd",4
228161,5374,"Jim Parsons",0
228161,131519,"Rihanna",1
228161,67773,"Steve Martin",2
228161,16866,"Jennifer Lopez",3
228161,191202,"Matt Jones",4
277216,1371398,"O'Shea Jackson Jr.",0
277216,1154054,"Corey Hawkins",1
277216,1115984,"Jason Mitchell",2
277216,55091,"Neil Brown Jr.",3
277216,83860,"Aldis Hodge",4
296099,27105,"Ed Helms",0
296099,18979,"Christina Applegate",1
296099,61263,"Skyler Gisondo",2
296099,1286744,"Steele Stebbins",3
296099,74568,"Chris Hemsworth",4
257445,112476,"Dylan Minnette",0
257445,70851,"Jack Black",1
257445,1121786,"Odeya Rush",2
257445,456066,"Ryan Lee",3
257445,39388,"Amy Ryan",4
258480,112,"Cate Blanchett",0
258480,108916,"Rooney Mara",1
258480,3497,"Kyle Chandler",2
258480,496470,"Jake Lacy",3
258480,34490,"Sarah Paulson",4
274854,12835,"Vin Diesel",0
274854,1223793,"Rose Leslie",1
274854,109,"Elijah Wood",2
274854,110902,"Ólafur Darri Ólafsson",3
274854,587207,"Julie Engelbrecht",4
280092,106490,"Stefanie Scott",0
280092,7401,"Lin Shaye",1
280092,20212,"Dermot Mulroney",2
280092,2128,"Leigh Whannell",3
280092,59117,"Angus Sampson",4
261023,85,"Johnny Depp",0
261023,33192,"Joel Edgerton",1
261023,86034,"Julianne Nicholson",2
261023,118545,"Dakota Johnson",3
261023,4724,"Kevin Bacon",4
295964,51329,"Bradley Cooper",0
295964,23459,"Sienna Miller",1
295964,78423,"Omar Sy",2
295964,3872,"Daniel Brühl",3
295964,59270,"Riccardo Scamarcio",4
328425,33192,"Joel Edgerton",0
328425,15556,"Rebecca Hall",1
328425,23532,"Jason Bateman",2
328425,27031,"Tim Griffin",3
328425,1331652,"Allison Tolman",4
263472,6384,"Keanu Reeves",0
263472,1078608,"Lorenza Izzo",1
263472,224513,"Ana de Armas",2
263472,557303,"Aaron Burns",3
263472,13023,"Colleen Camp",4
274167,23659,"Will Ferrell",0
274167,13240,"Mark Wahlberg",1
274167,1817,"Linda Cardellini",2
274167,19159,"Thomas Haden Church",3
274167,1512021,"Scarlett Estevez",4
285783,24045,"Joseph Gordon-Levitt",0
285783,2282,"Ben Kingsley",1
285783,1021684,"Charlotte Le Bon",2
285783,18473,"James Badge Dale",3
285783,40939,"Clément Sibony",4
249070,36669,"Rupert Friend",0
249070,17306,"Zachary Quinto",1
249070,577478,"Hannah Ware",2
249070,53257,"Emilio Rivera",3
249070,8801,"Rolf Kanies",4
238615,10859,"Ryan Reynolds",0
238615,2282,"Ben Kingsley",1
238615,76511,"Natalie Martinez",2
238615,1247,"Matthew Goode",3
238615,70904,"Michelle Dockery",4
228205,52018,"Britt Robertson",0
228205,928572,"Scott Eastwood",1
228205,21278,"Alan Alda",2
228205,54738,"Jack Huston",3
228205,566331,"Oona Chaplin",4
167073,36592,"Saoirse Ronan",0
167073,93210,"Domhnall Gleeson",1
167073,1041440,"Emory Cohen",2
167073,388,"Jim Broadbent",3
167073,477,"Julie Walters",4
241554,3896,"Liam Neeson",0
241554,92404,"Joel Kinnaman",1
241554,228,"Ed Harris",2
241554,7132,"Vincent D'Onofrio",3
241554,14888,"Bruce McGill",4
309809,1397911,"Riley Osborne",0
309809,851784,"Mackenzie Foy",1
309809,1229,"Jeff Bridges",2
309809,53714,"Rachel McAdams",3
309809,8293,"Marion Cotillard",4
261392,44735,"Jesse Eisenberg",0
261392,37917,"Kristen Stewart",1
261392,17052,"Topher Grace",2
261392,86310,"Connie Britton",3
261392,27740,"Walton Goggins",4
257091,23659,"Will Ferrell",0
257091,55638,"Kevin Hart",1
257091,88029,"Alison Brie",2
257091,8977,"Craig T. Nelson",3
257091,76126,"T.I.",4
227719,928575,"Jonny Weston",0
227719,515628,"Sofia Black-D'Elia",1
227719,57191,"Sam Lerner",2
227719,76412,"Allen Evangelista",3
227719,1279279,"Virginia Gardner",4
266647,1313583,"Levi Miller",0
266647,9828,"Garrett Hedlund",1
266647,6968,"Hugh Jackman",2
266647,108916,"Rooney Mara",3
266647,81840,"Adeel Akhtar",4
308369,1173984,"Olivia Cooke",0
308369,1142720,"Thomas Mann",1
308369,1394670,"RJ Cyler",2
308369,86310,"Connie Britton",3
308369,17039,"Nick Offerman",4
210860,85,"Johnny Depp",0
210860,12052,"Gwyneth Paltrow",1
210860,3061,"Ewan McGregor",2
210860,6162,"Paul Bettany",3
210860,75130,"Jonny Pasvolsky",4
192141,887,"Owen Wilson",0
192141,25703,"Lake Bell",1
192141,1186840,"Sterling Jerins",2
192141,973135,"Claire Geare",3
192141,517,"Pierce Brosnan",4
325348,1169026,"Andrey Dementyev",0
325348,82191,"Sharlto Copley",1
325348,562730,"Danila Kozlovsky",2
325348,58754,"Haley Bennett",3
325348,3129,"Tim Roth",4
321741,2888,"Will Smith",0
321741,7447,"Alec Baldwin",1
321741,13,"Albert Brooks",2
321741,1216606,"Gugu Mbatha-Raw",3
321741,52,"David Morse",4
271718,440414,"Amy Schumer",0
271718,19278,"Bill Hader",1
271718,60073,"Brie Larson",2
271718,107379,"LeBron James",3
271718,1219901,"Colin Quinn",4
294963,6856,"Kurt Russell",0
294963,17178,"Patrick Wilson",1
294963,28633,"Richard Jenkins",2
294963,28657,"Matthew Fox",3
294963,1039525,"Lili Simmons",4
228165,78798,"Tom Kenny",0
228165,34398,"Bill Fagerbakke",1
228165,70615,"Rodger Bumpass",2
228165,6574,"Clancy Brown",3
228165,188229,"Mr. Lawrence",4
277217,1098962,"Dove Cameron",0
277217,1331457,"Sofia Carson",1
277217,75041,"Cameron Boyce",2
277217,121868,"Booboo Stewart",3
277217,1421398,"Brenna D'Amico",4
282984,73421,"Joaquin Phoenix",0
282984,54693,"Emma Stone",1
282984,221985,"Jamie Blackley",2
282984,7489,"Parker Posey",3
282984,1373307,"Joe Stapleton",4
301351,29222,"Zac Efron",0
301351,8210,"Wes Bentley",1
301351,1186505,"Emily Ratajkowski",2
301351,928575,"Jonny Weston",3
301351,79795,"Shiloh Fernandez",4
257088,25616,"Edgar Ramírez",0
257088,972356,"Luke Bracey",1
257088,20374,"Teresa Palmer",2
257088,5538,"Ray Winstone",3
257088,41883,"Max Thieriot",4
287903,36801,"Adam Scott",0
287903,3051,"Toni Collette",1
287903,28638,"David Koechner",2
287903,1331652,"Allison Tolman",3
287903,1909,"Conchata Ferrell",4
339527,4173,"Anthony Hopkins",0
339527,47296,"Jeffrey Dean Morgan",1
339527,37260,"Abbie Cornish",2
339527,72466,"Colin Farrell",3
339527,98215,"Matt Gerald",4
243688,6807,"Sam Rockwell",0
243688,14892,"Rosemarie DeWitt",1
243688,1079805,"Saxon Sharbino",2
243688,1043693,"Kyle Catlett",3
243688,1358988,"Kennedi Clements",4
283445,5296,"James Ransone",0
283445,27855,"Shannyn Sossamon",1
283445,1491689,"Robert Daniel Sloan",2
283445,1485776,"Dartanian Sloan",3
283445,965205,"Tate Ellington",4
228066,5530,"James McAvoy",0
228066,10980,"Daniel Radcliffe",1
228066,567269,"Jessica Brown Findlay",2
228066,125660,"Andrew Scott",3
228066,1014931,"Freddie Fox",4
201088,74568,"Chris Hemsworth",0
201088,38280,"Tang Wei",1
201088,134184,"Leehom Wang",2
201088,19492,"Viola Davis",3
201088,7497,"Holt McCallany",4
273477,1034681,"Tye Sheridan",0
273477,1223438,"Sarah Dumont",1
273477,116088,"Logan Miller",2
273477,1326885,"Joey Morgan",3
273477,1053422,"Patrick Schwarzenegger",4
222936,51329,"Bradley Cooper",0
222936,54693,"Emma Stone",1
222936,53714,"Rachel McAdams",2
222936,1532,"Bill Murray",3
222936,17697,"John Krasinski",4
335866,35551,"Julie Benz",0
335866,86653,"Carter Jenkins",1
335866,53255,"Cesar Garcia",2
335866,155293,"Mercy Malick",3
335866,115888,"Lisa Pelikan",4
241251,16866,"Jennifer Lopez",0
241251,932091,"Ryan Guzman",1
241251,1348957,"Ian Nelson",2
241251,38405,"John Corbett",3
241251,52775,"Kristin Chenoweth",4
293660,10859,"Ryan Reynolds",0
293660,54882,"Morena Baccarin",1
293660,1047649,"Ed Skrein",2
293660,51990,"T.J. Miller",3
293660,78452,"Gina Carano",4
271110,16828,"Chris Evans",0
271110,3223,"Robert Downey Jr.",1
271110,1245,"Scarlett Johansson",2
271110,60898,"Sebastian Stan",3
271110,53650,"Anthony Mackie",4
284052,71580,"Benedict Cumberbatch",0
284052,5294,"Chiwetel Ejiofor",1
284052,53714,"Rachel McAdams",2
284052,30082,"Benedict Wong",3
284052,1019,"Mads Mikkelsen",4
297761,2888,"Will Smith",0
297761,7499,"Jared Leto",1
297761,234352,"Margot Robbie",2
297761,92404,"Joel Kinnaman",3
297761,19492,"Viola Davis",4
259316,37632,"Eddie Redmayne",0
259316,77795,"Katherine Waterston",1
259316,58873,"Dan Fogler",2
259316,998225,"Alison Sudol",3
259316,72466,"Colin Farrell",4
329865,9273,"Amy Adams",0
329865,17604,"Jeremy Renner",1
329865,2178,"Forest Whitaker",2
329865,72873,"Michael Stuhlbarg",3
329865,225411,"Mark O'Brien",4
209112,880,"Ben Affleck",0
209112,73968,"Henry Cavill",1
209112,44735,"Jesse Eisenberg",2
209112,90633,"Gal Gadot",3
209112,9273,"Amy Adams",4
269149,417,"Ginnifer Goodwin",0
269149,23532,"Jason Bateman",1
269149,17605,"Idris Elba",2
269149,213001,"Jenny Slate",3
269149,41565,"Nate Torrence",4
313369,30614,"Ryan Gosling",0
313369,54693,"Emma Stone",1
313369,113461,"John Legend",2
313369,14892,"Rosemarie DeWitt",3
313369,168877,"Finn Wittrock",4
330459,72855,"Felicity Jones",0
330459,8688,"Diego Luna",1
330459,21088,"Alan Tudyk",2
330459,1341,"Donnie Yen",3
330459,77301,"Jiang Wen",4
324786,37625,"Andrew Garfield",0
324786,65731,"Sam Worthington",1
324786,4937,"Vince Vaughn",2
324786,20374,"Teresa Palmer",3
324786,972356,"Luke Bracey",4
274870,72129,"Jennifer Lawrence",0
274870,73457,"Chris Pratt",1
274870,3968,"Michael Sheen",2
274870,2975,"Laurence Fishburne",3
274870,1271,"Andy Garcia",4
246655,5530,"James McAvoy",0
246655,17288,"Michael Fassbender",1
246655,72129,"Jennifer Lawrence",2
246655,3292,"Nicholas Hoult",3
246655,25072,"Oscar Isaac",4
277834,1564846,"Auliʻi Cravalho",0
277834,18918,"Dwayne Johnson",1
277834,15298,"Rachel House",2
277834,7242,"Temuera Morrison",3
277834,55936,"Jemaine Clement",4
296096,1223786,"Emilia Clarke",0
296096,237455,"Sam Claflin",1
296096,47627,"Janet McTeer",2
296096,4391,"Charles Dance",3
296096,74056,"Brendan Coyle",4
127380,14,"Ellen DeGeneres",0
127380,13,"Albert Brooks",1
127380,18977,"Ed O'Neill",2
127380,1559638,"Hayden Rolence",3
127380,3092,"Diane Keaton",4
291805,44735,"Jesse Eisenberg",0
291805,103,"Mark Ruffalo",1
291805,57755,"Woody Harrelson",2
291805,54697,"Dave Franco",3
291805,10980,"Daniel Radcliffe",4
381284,40036,"Taraji P. Henson",0
381284,6944,"Octavia Spencer",1
381284,1005852,"Janelle Monáe",2
381284,1269,"Kevin Costner",3
381284,205,"Kirsten Dunst",4
283366,10912,"Eva Green",0
283366,77996,"Asa Butterfield",1
283366,2231,"Samuel L. Jackson",2
283366,5309,"Judi Dench",3
283366,4757,"Rupert Everett",4
259693,21657,"Vera Farmiga",0
259693,17178,"Patrick Wilson",1
259693,1330999,"Madison Wolfe",2
259693,1518,"Frances O'Connor",3
259693,1554519,"Lauren Esposito",4
290250,934,"Russell Crowe",0
290250,30614,"Ryan Gosling",1
290250,1265629,"Angourie Rice",2
290250,66743,"Matt Bomer",3
290250,1392137,"Margaret Qualley",4
333371,1230,"John Goodman",0
333371,17628,"Mary Elizabeth Winstead",1
333371,17487,"John Gallagher Jr.",2
333371,60881,"Douglas M. Griffin",3
333371,8269,"Suzanne Cryer",4
328111,52849,"Louis C.K.",0
328111,156962,"Eric Stonestreet",1
328111,55638,"Kevin Hart",2
328111,213001,"Jenny Slate",3
328111,475512,"Ellie Kemper",4
278927,1414734,"Neel Sethi",0
278927,1532,"Bill Murray",1
278927,2282,"Ben Kingsley",2
278927,17605,"Idris Elba",3
278927,1245,"Scarlett Johansson",4
335797,10297,"Matthew McConaughey",0
335797,368,"Reese Witherspoon",1
335797,52139,"Seth MacFarlane",2
335797,1245,"Scarlett Johansson",3
335797,4764,"John C. Reilly",4
340666,9273,"Amy Adams",0
340666,131,"Jake Gyllenhaal",1
340666,335,"Michael Shannon",2
340666,27428,"Aaron Taylor-Johnson",3
340666,52848,"Isla Fisher",4
121856,17288,"Michael Fassbender",0
121856,8293,"Marion Cotillard",1
121856,16940,"Jeremy Irons",2
121856,2039,"Brendan Gleeson",3
121856,44079,"Charlotte Rampling",4
300669,32747,"Stephen Lang",0
300669,530618,"Jane Levy",1
300669,112476,"Dylan Minnette",2
300669,1172147,"Daniel Zovatto",3
300669,1669336,"Emma Bercovici",4
363676,31,"Tom Hanks",0
363676,6383,"Aaron Eckhart",1
363676,134531,"Anna Gunn",2
363676,7497,"Holt McCallany",3
363676,87192,"Mike O'Malley",4
310131,1397778,"Anya Taylor-Joy",0
310131,202032,"Ralph Ineson",1
310131,71083,"Kate Dickie",2
310131,1397779,"Harvey Scrimshaw",3
310131,1397781,"Ellie Grainger",4
223702,19274,"Seth Rogen",0
223702,41091,"Kristen Wiig",1
223702,21007,"Jonah Hill",2
223702,19278,"Bill Hader",3
223702,39995,"Michael Cera",4
376867,1650301,"Trevante Rhodes",0
376867,459980,"André Holland",1
376867,1005852,"Janelle Monáe",2
376867,1152019,"Ashton Sanders",3
376867,1664716,"Jharrel Jerome",4
302946,880,"Ben Affleck",0
302946,84223,"Anna Kendrick",1
302946,18999,"J.K. Simmons",2
302946,19498,"Jon Bernthal",3
302946,4175,"Jeffrey Tambor",4
68735,77700,"Travis Fimmel",0
68735,52851,"Paula Patton",1
68735,11107,"Ben Foster",2
68735,55470,"Dominic Cooper",3
68735,224167,"Ben Schnetzer",4
188927,62064,"Chris Pine",0
188927,17306,"Zachary Quinto",1
188927,1372,"Karl Urban",2
188927,8691,"Zoe Saldaña",3
188927,11108,"Simon Pegg",4
262504,94185,"Shailene Woodley",0
262504,587020,"Theo James",1
262504,996701,"Miles Teller",2
262504,37153,"Zoë Kravitz",3
262504,3489,"Naomi Watts",4
328387,34847,"Emma Roberts",0
328387,54697,"Dave Franco",1
328387,71815,"Emily Meade",2
328387,148096,"Miles Heizer",3
328387,3196,"Juliette Lewis",4
334543,76788,"Dev Patel",0
334543,108916,"Rooney Mara",1
334543,1371,"David Wenham",2
334543,2227,"Nicole Kidman",3
334543,1717046,"Sunny Pawar",4
334533,110,"Viggo Mortensen",0
334533,146750,"George MacKay",1
334533,1261400,"Samantha Isler",2
334533,1024722,"Annalise Basso",3
334533,1504947,"Nicholas Hamilton",4
43074,41091,"Kristen Wiig",0
43074,55536,"Melissa McCarthy",1
43074,1240487,"Kate McKinnon",2
43074,168452,"Leslie Jones",3
43074,74568,"Chris Hemsworth",4
241259,76070,"Mia Wasikowska",0
241259,85,"Johnny Depp",1
241259,1813,"Anne Hathaway",2
241259,1283,"Helena Bonham Carter",3
241259,6730,"Sacha Baron Cohen",4
207932,31,"Tom Hanks",0
207932,72855,"Felicity Jones",1
207932,78423,"Omar Sy",2
207932,76793,"Irrfan Khan",3
207932,32683,"Sidse Babett Knudsen",4
140300,70851,"Jack Black",0
140300,17419,"Bryan Cranston",1
140300,4483,"Dustin Hoffman",2
140300,11701,"Angelina Jolie",3
140300,18999,"J.K. Simmons",4
258489,28846,"Alexander Skarsgård",0
258489,27319,"Christoph Waltz",1
258489,2231,"Samuel L. Jackson",2
258489,234352,"Margot Robbie",3
258489,938,"Djimon Hounsou",4
47933,96066,"Liam Hemsworth",0
47933,4785,"Jeff Goldblum",1
47933,198847,"Jessie T. Usher",2
47933,8984,"Bill Pullman",3
47933,1094091,"Maika Monroe",4
334541,1893,"Casey Affleck",0
334541,1105079,"Lucas Hedges",1
334541,1812,"Michelle Williams",2
334541,3497,"Kyle Chandler",3
334541,1363367,"C.J. Wilson",4
333484,5292,"Denzel Washington",0
333484,73457,"Chris Pratt",1
333484,569,"Ethan Hawke",2
333484,7132,"Vincent D'Onofrio",3
333484,25002,"Lee Byung-hun",4
302699,55638,"Kevin Hart",0
302699,18918,"Dwayne Johnson",1
302699,39388,"Amy Ryan",2
302699,101060,"Danielle Nicolet",3
302699,23532,"Jason Bateman",4
324668,1892,"Matt Damon",0
324668,2176,"Tommy Lee Jones",1
324668,227454,"Alicia Vikander",2
324668,1925,"Vincent Cassel",3
324668,12041,"Julia Stiles",4
346685,5081,"Emily Blunt",0
346685,933238,"Rebecca Ferguson",1
346685,58754,"Haley Bennett",2
346685,114019,"Luke Evans",3
346685,15009,"Justin Theroux",4
299687,56734,"Chloë Grace Moretz",0
299687,1108907,"Nick Robinson",1
299687,1167375,"Alex Roe",2
299687,1379122,"Zackary Arthur",3
299687,17402,"Ron Livingston",4
308266,996701,"Miles Teller",0
308266,21007,"Jonah Hill",1
308266,224513,"Ana de Armas",2
308266,51329,"Bradley Cooper",3
308266,7166,"Kevin Pollak",4
311324,1892,"Matt Damon",0
311324,1151657,"Jing Tian",1
311324,5293,"Willem Dafoe",2
311324,25246,"Andy Lau",3
311324,1253360,"Pedro Pascal",4
345920,2888,"Will Smith",0
345920,819,"Edward Norton",1
345920,204,"Kate Winslet",2
345920,454,"Michael Peña",3
345920,15735,"Helen Mirren",4
316727,31167,"Elizabeth Mitchell",0
316727,81685,"Frank Grillo",1
316727,34,"Mykelti Williamson",2
316727,1660452,"Betty Gabriel",3
316727,73127,"J. J. Soria",4
310307,2232,"Michael Keaton",0
310307,17039,"Nick Offerman",1
310307,3911,"John Carroll Lynch",2
310307,1817,"Linda Cardellini",3
310307,107770,"B.J. Novak",4
343611,500,"Tom Cruise",0
343611,71189,"Cobie Smulders",1
343611,83860,"Aldis Hodge",2
343611,1466613,"Danika Yarosh",3
343611,1223163,"Patrick Heusinger",4
332567,59175,"Blake Lively",0
332567,59129,"Óscar Jaenada",1
332567,16841,"Brett Cullen",2
332567,1644278,"Janelle Bailey",3
332567,1559151,"Sedona Legge",4
267860,17276,"Gerard Butler",0
267860,6383,"Aaron Eckhart",1
267860,9780,"Angela Bassett",2
267860,192,"Morgan Freeman",3
267860,6832,"Melissa Leo",4
290595,74568,"Chris Hemsworth",0
290595,6885,"Charlize Theron",1
290595,5081,"Emily Blunt",2
290595,83002,"Jessica Chastain",3
290595,11109,"Nick Frost",4
296524,13240,"Mark Wahlberg",0
296524,6856,"Kurt Russell",1
296524,6949,"John Malkovich",2
296524,180486,"Gina Rodriguez",3
296524,527393,"Dylan O'Brien",4
338766,1229,"Jeff Bridges",0
338766,62064,"Chris Pine",1
338766,11107,"Ben Foster",2
338766,84225,"Gil Birmingham",3
338766,164094,"Marin Ireland",4
278154,15757,"Ray Romano",0
278154,5723,"John Leguizamo",1
278154,5724,"Denis Leary",2
278154,212604,"Adam Devine",3
278154,204815,"Jesse Tyler Ferguson",4
376570,17487,"John Gallagher Jr.",0
376570,932076,"Kate Siegel",1
376570,83456,"Michael Trucco",2
376570,1331981,"Samantha Sloyan",3
376570,1044197,"Emma Graves",4
397243,46593,"Emile Hirsch",0
397243,1248,"Brian Cox",1
397243,82639,"Ophelia Lovibond",2
397243,1422264,"Olwen Catherine Kelly",3
397243,73288,"Michael McElhatton",4
369885,287,"Brad Pitt",0
369885,8293,"Marion Cotillard",1
369885,15440,"Jared Harris",2
369885,16358,"Simon McBurney",3
369885,51988,"Lizzy Caplan",4
302401,24045,"Joseph Gordon-Levitt",0
302401,94185,"Shailene Woodley",1
302401,6832,"Melissa Leo",2
302401,17306,"Zachary Quinto",3
302401,207,"Tom Wilkinson",4
325133,19274,"Seth Rogen",0
325133,29222,"Zac Efron",1
325133,9827,"Rose Byrne",2
325133,56734,"Chloë Grace Moretz",3
325133,54697,"Dave Franco",4
291870,380,"Robert De Niro",0
291870,29222,"Zac Efron",1
291870,119592,"Aubrey Plaza",2
291870,1059597,"Zoey Deutch",3
291870,143240,"Julianne Hough",4
356305,17419,"Bryan Cranston",0
356305,17051,"James Franco",1
356305,1059597,"Zoey Deutch",2
356305,52119,"Megan Mullally",3
356305,971299,"Griffin Gluck",4
205584,12795,"Nikolaj Coster-Waldau",0
205584,1017347,"Brenton Thwaites",1
205584,17276,"Gerard Butler",2
205584,172069,"Chadwick Boseman",3
205584,78147,"Élodie Yung",4
376660,130640,"Hailee Steinfeld",0
376660,57755,"Woody Harrelson",1
376660,1286328,"Haley Lu Richardson",2
376660,1224115,"Blake Jenner",3
376660,26467,"Kyra Sedgwick",4
376659,18973,"Mila Kunis",0
376659,17696,"Kathryn Hahn",1
376659,40462,"Kristen Bell",2
376659,18979,"Christina Applegate",3
376659,9575,"Jada Pinkett Smith",4
345911,20374,"Teresa Palmer",0
345911,49,"Maria Bello",1
345911,1352028,"Gabriel Bateman",2
345911,996224,"Alexander DiPersia",3
345911,1186027,"Alicia Vela-Bailey",4
153518,58224,"Jason Sudeikis",0
153518,54415,"Josh Gad",1
153518,62862,"Danny McBride",2
153518,52792,"Maya Rudolph",3
153518,19278,"Bill Hader",4
270487,16851,"Josh Brolin",0
270487,1461,"George Clooney",1
270487,71375,"Alden Ehrenreich",2
270487,5469,"Ralph Fiennes",3
270487,1245,"Scarlett Johansson",4
300671,17697,"John Krasinski",0
300671,18473,"James Badge Dale",1
300671,154784,"Dominic Fumusa",2
300671,94864,"Max Martini",3
300671,59254,"Pablo Schreiber",4
321258,62220,"Lauren Cohan",0
321258,17283,"Rupert Evans",1
321258,1029403,"James Russell",2
321258,14950,"Jim Norton",3
321258,346352,"Diana Hardcastle",4
301365,18050,"Elle Fanning",0
301365,1327613,"Karl Glusman",1
301365,20089,"Jena Malone",2
301365,234982,"Bella Heathcote",3
301365,1036288,"Abbey Lee",4
346672,3967,"Kate Beckinsale",0
346672,587020,"Theo James",1
346672,10920,"Tobias Menzies",2
346672,213083,"Lara Pulver",3
346672,154689,"Bradley James",4
313297,1050248,"Art Parkinson",0
313297,6885,"Charlize Theron",1
313297,10297,"Matthew McConaughey",2
313297,30585,"Brenda Vaccaro",3
313297,5469,"Ralph Fiennes",4
347031,17142,"Paul Dano",0
347031,10980,"Daniel Radcliffe",1
347031,17628,"Mary Elizabeth Winstead",2
347031,1561285,"Antonia Ribero",3
347031,1367516,"Timothy Eulich",4
136799,84223,"Anna Kendrick",0
136799,12111,"Justin Timberlake",1
136799,11664,"Zooey Deschanel",2
136799,54691,"Christopher Mintz-Plasse",3
136799,11870,"Christine Baranski",4
308531,1163622,"Pete Ploszek",0
308531,64295,"Alan Ritchson",1
308531,15034,"Jeremy Howard",2
308531,80352,"Noel Fisher",3
308531,19537,"Megan Fox",4
278924,976,"Jason Statham",0
278924,56731,"Jessica Alba",1
278924,2176,"Tommy Lee Jones",2
278924,1620,"Michelle Yeoh",3
278924,563559,"Sam Hazeldine",4
267935,40900,"Mark Rylance",0
267935,1425420,"Ruby Barnhill",1
267935,15556,"Rebecca Hall",2
267935,55936,"Jemaine Clement",3
267935,19278,"Bill Hader",4
258230,1523921,"Lewis MacDougall",0
258230,10205,"Sigourney Weaver",1
258230,72855,"Felicity Jones",2
258230,20286,"Toby Kebbell",3
258230,1221445,"Ben Moor",4
173897,63,"Milla Jovovich",0
173897,20508,"Iain Glen",1
173897,17303,"Ali Larter",2
173897,81097,"Shawn Roberts",3
173897,111801,"Eoin Macken",4
68730,37625,"Andrew Garfield",0
68730,1023139,"Adam Driver",1
68730,3896,"Liam Neeson",2
68730,13275,"Tadanobu Asano",3
68730,8785,"Ciarán Hinds",4
259694,118545,"Dakota Johnson",0
259694,221581,"Rebel Wilson",1
259694,41087,"Leslie Mann",2
259694,88029,"Alison Brie",3
259694,87822,"Damon Wayans Jr.",4
303858,1461,"George Clooney",0
303858,1204,"Julia Roberts",1
303858,85065,"Jack O'Connell",2
303858,17287,"Dominic West",3
303858,147056,"Caitríona Balfe",4
95610,9137,"Renée Zellweger",0
95610,5472,"Colin Firth",1
95610,18352,"Patrick Dempsey",2
95610,388,"Jim Broadbent",3
95610,9138,"Gemma Jones",4
313922,21028,"Anton Yelchin",0
313922,17606,"Imogen Poots",1
313922,2387,"Patrick Stewart",2
313922,61178,"Alia Shawkat",3
313922,1081875,"Joe Cole",4
306947,130253,"Logan Marshall-Green",0
306947,16859,"Tammy Blanchard",1
306947,929826,"Emayatzy Corinealdi",2
306947,91520,"Michiel Huisman",3
306947,3911,"John Carroll Lynch",4
388399,13240,"Mark Wahlberg",0
388399,1230,"John Goodman",1
388399,18999,"J.K. Simmons",2
388399,4724,"Kevin Bacon",3
388399,11705,"Michelle Monaghan",4
393457,5292,"Denzel Washington",0
393457,19492,"Viola Davis",1
393457,196179,"Stephen McKinley Henderson",2
393457,1607522,"Jovan Adepo",3
393457,62649,"Russell Hornsby",4
339397,44735,"Jesse Eisenberg",0
339397,37917,"Kristen Stewart",1
339397,4495,"Steve Carell",2
339397,59175,"Blake Lively",3
339397,7489,"Parker Posey",4
335796,1456341,"Parker Mack",0
335796,1024722,"Annalise Basso",1
335796,53755,"Elizabeth Reaser",2
335796,1883866,"Lulu Wilson",3
335796,9976,"Henry Thomas",4
316023,29222,"Zac Efron",0
316023,84223,"Anna Kendrick",1
316023,212604,"Adam Devine",2
316023,119592,"Aubrey Plaza",3
316023,1429453,"Sam Richardson",4
303991,131,"Jake Gyllenhaal",0
303991,3489,"Naomi Watts",1
303991,2955,"Chris Cooper",2
303991,1538780,"Judah Lewis",3
303991,1363367,"C.J. Wilson",4
315635,1136406,"Tom Holland",0
315635,2232,"Michael Keaton",1
315635,3223,"Robert Downey Jr.",2
315635,3141,"Marisa Tomei",3
315635,15277,"Jon Favreau",4
283995,73457,"Chris Pratt",0
283995,8691,"Zoe Saldaña",1
283995,543530,"Dave Bautista",2
283995,12835,"Vin Diesel",3
283995,51329,"Bradley Cooper",4
284053,74568,"Chris Hemsworth",0
284053,103,"Mark Ruffalo",1
284053,91606,"Tom Hiddleston",2
284053,112,"Cate Blanchett",3
284053,17605,"Idris Elba",4
354912,1193391,"Anthony Gonzalez",0
354912,258,"Gael García Bernal",1
354912,4589,"Benjamin Bratt",2
354912,10402,"Alanna Ubach",3
354912,154004,"Renée Victor",4
297762,90633,"Gal Gadot",0
297762,62064,"Chris Pine",1
297762,935,"Connie Nielsen",2
297762,32,"Robin Wright",3
297762,6413,"Danny Huston",4
263115,6968,"Hugh Jackman",0
263115,1464650,"Dafne Keen",1
263115,2387,"Patrick Stewart",2
263115,65421,"Elizabeth Rodriguez",3
263115,467645,"Boyd Holbrook",4
346364,1274508,"Jaeden Martell",0
346364,1559689,"Jeremy Ray Taylor",1
346364,1481238,"Sophia Lillis",2
346364,1442069,"Finn Wolfhard",3
346364,1643043,"Chosen Jacobs",4
419430,206919,"Daniel Kaluuya",0
419430,1255540,"Allison Williams",1
419430,2229,"Catherine Keener",2
419430,11367,"Bradley Whitford",3
419430,572541,"Caleb Landry Jones",4
381288,5530,"James McAvoy",0
381288,1397778,"Anya Taylor-Joy",1
381288,1286328,"Haley Lu Richardson",2
381288,1221085,"Jessica Sula",3
381288,52462,"Betty Buckley",4
374720,1687041,"Fionn Whitehead",0
374720,2524,"Tom Hardy",1
374720,40900,"Mark Rylance",2
374720,11181,"Kenneth Branagh",3
374720,2037,"Cillian Murphy",4
339403,1159982,"Ansel Elgort",0
339403,1979,"Kevin Spacey",1
339403,1016168,"Lily James",2
339403,65717,"Jon Hamm",3
339403,134,"Jamie Foxx",4
181808,2,"Mark Hamill",0
181808,4,"Carrie Fisher",1
181808,1023139,"Adam Driver",2
181808,1315036,"Daisy Ridley",3
181808,236695,"John Boyega",4
321612,10990,"Emma Watson",0
321612,221018,"Dan Stevens",1
321612,114019,"Luke Evans",2
321612,54415,"Josh Gad",3
321612,8945,"Kevin Kline",4
335984,30614,"Ryan Gosling",0
335984,3,"Harrison Ford",1
335984,224513,"Ana de Armas",2
335984,543530,"Dave Bautista",3
335984,32,"Robin Wright",4
353486,18918,"Dwayne Johnson",0
353486,55638,"Kevin Hart",1
353486,70851,"Jack Black",2
353486,543261,"Karen Gillan",3
353486,82666,"Rhys Darby",4
324552,6384,"Keanu Reeves",0
324552,4238,"Common",1
324552,2975,"Laurence Fishburne",2
324552,59270,"Riccardo Scamarcio",3
324552,1246972,"Ruby Rose",4
141052,880,"Ben Affleck",0
141052,73968,"Henry Cavill",1
141052,9273,"Amy Adams",2
141052,90633,"Gal Gadot",3
141052,132157,"Ezra Miller",4
399055,39658,"Sally Hawkins",0
399055,335,"Michael Shannon",1
399055,28633,"Richard Jenkins",2
399055,6944,"Octavia Spencer",3
399055,72873,"Michael Stuhlbarg",4
166426,85,"Johnny Depp",0
166426,3810,"Javier Bardem",1
166426,118,"Geoffrey Rush",2
166426,1017347,"Brenton Thwaites",3
166426,115150,"Kaya Scodelario",4
398818,1190668,"Timothée Chalamet",0
398818,53807,"Armie Hammer",1
398818,72873,"Michael Stuhlbarg",2
398818,20577,"Amira Casar",3
398818,935096,"Esther Garrel",4
343668,1303037,"Taron Egerton",0
343668,5472,"Colin Firth",1
343668,1231,"Julianne Moore",2
343668,2983,"Mark Strong",3
343668,931785,"Hanna Alström",4
293167,91606,"Tom Hiddleston",0
293167,2231,"Samuel L. Jackson",1
293167,1230,"John Goodman",2
293167,60073,"Brie Larson",3
293167,1151657,"Jing Tian",4
359940,3910,"Frances McDormand",0
359940,57755,"Woody Harrelson",1
359940,6807,"Sam Rockwell",2
359940,37260,"Abbie Cornish",3
359940,1105079,"Lucas Hedges",4
337339,12835,"Vin Diesel",0
337339,976,"Jason Statham",1
337339,18918,"Dwayne Johnson",2
337339,17647,"Michelle Rodriguez",3
337339,8169,"Tyrese Gibson",4
392044,11181,"Kenneth Branagh",0
392044,1364004,"Tom Bateman",1
392044,1160,"Michelle Pfeiffer",2
392044,85,"Johnny Depp",3
392044,54415,"Josh Gad",4
316029,6968,"Hugh Jackman",0
316029,29222,"Zac Efron",1
316029,1812,"Michelle Williams",2
316029,933238,"Rebecca Ferguson",3
316029,505710,"Zendaya",4
281338,1333,"Andy Serkis",0
281338,57755,"Woody Harrelson",1
281338,58395,"Karin Konoval",2
281338,236696,"Terry Notary",3
281338,18324,"Steve Zahn",4
126889,17288,"Michael Fassbender",0
126889,77795,"Katherine Waterston",1
126889,8289,"Billy Crudup",2
126889,62862,"Danny McBride",3
126889,76961,"Demián Bichir",4
47971,12835,"Vin Diesel",0
47971,1341,"Donnie Yen",1
47971,1246972,"Ruby Rose",2
47971,53975,"Deepika Padukone",3
47971,3051,"Toni Collette",4
391713,36592,"Saoirse Ronan",0
391713,12133,"Laurie Metcalf",1
391713,72638,"Tracy Letts",2
391713,1105079,"Lucas Hedges",3
391713,1190668,"Timothée Chalamet",4
315837,1245,"Scarlett Johansson",0
315837,3317,"Takeshi Kitano",1
315837,90060,"Pilou Asbæk",2
315837,10692,"Michael Pitt",3
315837,101015,"Chin Han",4
339846,18918,"Dwayne Johnson",0
339846,29222,"Zac Efron",1
339846,77234,"Priyanka Chopra Jonas",2
339846,109513,"Alexandra Daddario",3
339846,1156913,"Kelly Rohrbach Walton",4
406997,1277188,"Jacob Tremblay",0
406997,1204,"Julia Roberts",1
406997,887,"Owen Wilson",2
406997,1109976,"Izabela Vidovic",3
406997,1590759,"Noah Jupe",4
339964,122889,"Dane DeHaan",0
339964,1289968,"Cara Delevingne",1
339964,2296,"Clive Owen",2
339964,131519,"Rihanna",3
339964,569,"Ethan Hawke",4
395992,131,"Jake Gyllenhaal",0
395992,10859,"Ryan Reynolds",1
395992,933238,"Rebecca Ferguson",2
395992,9195,"Hiroyuki Sanada",3
395992,932267,"Olga Dihovichnaya",4
341174,118545,"Dakota Johnson",0
341174,1254583,"Jamie Dornan",1
341174,33337,"Eric Johnson",2
341174,222130,"Eloise Mumford",3
341174,234982,"Bella Heathcote",4
282035,500,"Tom Cruise",0
282035,82809,"Annabelle Wallis",1
282035,568657,"Sofia Boutella",2
282035,543505,"Jake Johnson",3
282035,24047,"Courtney B. Vance",4
324852,4495,"Steve Carell",0
324852,41091,"Kristen Wiig",1
324852,34517,"Trey Parker",2
324852,17743,"Miranda Cosgrove",3
324852,124750,"Dana Gaier Ellis",4
295693,76743,"Miles Bakshi",0
295693,7447,"Alec Baldwin",1
295693,78303,"Jimmy Kimmel",2
295693,14406,"Lisa Kudrow",3
295693,884,"Steve Buscemi",4
381283,72129,"Jennifer Lawrence",0
381283,3810,"Javier Bardem",1
381283,228,"Ed Harris",2
381283,1160,"Michelle Pfeiffer",3
381283,63364,"Brian Gleeson",4
335988,13240,"Mark Wahlberg",0
335988,209578,"Laura Haddock",1
335988,19540,"Peter Cullen",2
335988,4173,"Anthony Hopkins",3
335988,1378695,"Erik Aadahl",4
390043,10859,"Ryan Reynolds",0
390043,2231,"Samuel L. Jackson",1
390043,64,"Gary Oldman",2
390043,3136,"Salma Hayek Pinault",3
390043,78147,"Élodie Yung",4
341013,6885,"Charlize Theron",0
341013,5530,"James McAvoy",1
341013,1665,"Eddie Marsan",2
341013,1230,"John Goodman",3
341013,13014,"Toby Jones",4
440021,1427680,"Jessica Rothe",0
440021,969140,"Israel Broussard",1
440021,1476053,"Charles Aitken",2
440021,1602964,"Ruby Modine",3
440021,1651966,"Blaine Kern III",4
260514,887,"Owen Wilson",0
260514,1374727,"Cristela Alonzo",1
260514,2955,"Chris Cooper",2
260514,51797,"Nathan Fillion",3
260514,15897,"Larry the Cable Guy",4
406990,87722,"Noomi Rapace",0
406990,515,"Glenn Close",1
406990,5293,"Willem Dafoe",2
406990,935235,"Marwan Kenzari",3
406990,47647,"Christian Rubeck",4
389015,234352,"Margot Robbie",0
389015,60898,"Sebastian Stan",1
389015,19,"Allison Janney",2
389015,86034,"Julianne Nicholson",3
389015,1294982,"Paul Walter Hauser",4
274857,56365,"Charlie Hunnam",0
274857,9642,"Jude Law",1
274857,469759,"Àstrid Bergès-Frisbey",2
274857,938,"Djimon Hounsou",3
274857,8783,"Eric Bana",4
396422,929937,"Stephanie Sigman",0
396422,1379123,"Talitha Eliana Bateman",1
396422,1883866,"Lulu Wilson",2
396422,57829,"Anthony LaPaglia",3
396422,502,"Miranda Otto",4
400106,2888,"Will Smith",0
400106,33192,"Joel Edgerton",1
400106,1192759,"Lucy Fry",2
400106,87722,"Noomi Rapace",3
400106,25616,"Edgar Ramírez",4
400928,16828,"Chris Evans",0
400928,1172108,"Mckenna Grace",1
400928,30083,"Lindsay Duncan",2
400928,213001,"Jenny Slate",3
400928,6944,"Octavia Spencer",4
395834,17604,"Jeremy Renner",0
395834,550843,"Elizabeth Olsen",1
395834,84225,"Gil Birmingham",2
395834,6804,"Graham Greene",3
395834,19498,"Jon Bernthal",4
353491,17605,"Idris Elba",0
353491,10297,"Matthew McConaughey",1
353491,1696753,"Tom Taylor",2
353491,1401531,"Claudia Kim",3
353491,51533,"Fran Kranz",4
399404,64,"Gary Oldman",0
399404,8435,"Stephen Dillane",1
399404,1016168,"Lily James",2
399404,32556,"Ronald Pickup",3
399404,77335,"Ben Mendelsohn",4
324849,21200,"Will Arnett",0
324849,39995,"Michael Cera",1
324849,5916,"Rosario Dawson",2
324849,5469,"Ralph Fiennes",3
324849,58225,"Zach Galifianakis",4
274855,17276,"Gerard Butler",0
274855,38941,"Jim Sturgess",1
274855,37260,"Abbie Cornish",2
274855,5644,"Alexandra Maria Lara",3
274855,64436,"Daniel Wu",4
337170,500,"Tom Cruise",0
337170,93210,"Domhnall Gleeson",1
337170,131723,"Sarah Wright",2
337170,88124,"Jesse Plemons",3
337170,572541,"Caleb Landry Jones",4
446354,5064,"Meryl Streep",0
446354,31,"Tom Hanks",1
446354,34490,"Sarah Paulson",2
446354,59410,"Bob Odenkirk",3
446354,72638,"Tracy Letts",4
305470,1525047,"Dacre Montgomery",0
305470,1394670,"RJ Cyler",1
305470,1525689,"Ludi Lin",2
305470,240724,"Naomi Scott",3
305470,1529446,"Becky G",4
339988,10990,"Emma Watson",0
339988,31,"Tom Hanks",1
339988,236695,"John Boyega",2
339988,543261,"Karen Gillan",3
339988,931944,"Ellar Coltrane",4
387426,1304602,"An Seo-hyun",0
387426,3063,"Tilda Swinton",1
387426,17142,"Paul Dano",2
387426,215055,"Steven Yeun",3
387426,131,"Jake Gyllenhaal",4
399057,72466,"Colin Farrell",0
399057,2227,"Nicole Kidman",1
399057,1290466,"Barry Keoghan",2
399057,1055230,"Raffey Cassidy",3
399057,1444880,"Sunny Suljic",4
340837,122889,"Dane DeHaan",0
340837,11355,"Jason Isaacs",1
340837,1137824,"Mia Goth",2
340837,35518,"Harry Groener",3
340837,9139,"Celia Imrie",4
301337,1892,"Matt Damon",0
301337,27319,"Christoph Waltz",1
301337,1360317,"Hong Chau",2
301337,41091,"Kristen Wiig",3
301337,32684,"Rolf Lassgård",4
351460,232006,"Nat Wolff",0
351460,1200864,"LaKeith Stanfield",1
351460,1392137,"Margaret Qualley",2
351460,74242,"Shea Whigham",3
351460,5293,"Willem Dafoe",4
396371,83002,"Jessica Chastain",0
396371,17605,"Idris Elba",1
396371,1269,"Kevin Costner",2
396371,39995,"Michael Cera",3
396371,239271,"Jeremy Strong",4
298250,2144,"Tobin Bell",0
298250,1228915,"Matt Passmore",1
298250,540,"Callum Keith Rennie",2
298250,1685904,"Hannah Emily Anderson",3
298250,957076,"Clé Bennett",4
343674,17832,"Carla Gugino",0
343674,21089,"Bruce Greenwood",1
343674,9631,"Carel Struycken",2
343674,1590225,"Chiara Aurelia",3
343674,9976,"Henry Thomas",4
419479,1538780,"Judah Lewis",0
419479,1372369,"Samara Weaving",1
419479,1223726,"Robbie Amell",2
419479,1107297,"Hana Mae Lee",3
419479,98285,"Bella Thorne",4
399170,38673,"Channing Tatum",0
399170,1023139,"Adam Driver",1
399170,8784,"Daniel Craig",2
399170,98522,"Riley Keough",3
399170,3897,"Katie Holmes",4
400617,11856,"Daniel Day-Lewis",0
400617,1080195,"Vicky Krieps",1
400617,72305,"Lesley Manville",2
400617,38809,"Camilla Rutherford",3
400617,18022,"Gina McKee",4
371638,54697,"Dave Franco",0
371638,17051,"James Franco",1
371638,19274,"Seth Rogen",2
371638,71552,"Ari Graynor",3
371638,88029,"Alison Brie",4
417678,561869,"Amandla Stenberg",0
417678,1108907,"Nick Robinson",1
417678,15563,"Anika Noni Rose",2
417678,57409,"Ana de la Reguera",3
417678,1493223,"Taylor Hickson",4
401104,112561,"Lily Collins",0
401104,6384,"Keanu Reeves",1
401104,7465,"Carrie Preston",2
401104,3127,"Lili Taylor",3
401104,136127,"Alex Sharp",4
381289,54415,"Josh Gad",0
381289,1680339,"KJ Apa",1
381289,52018,"Britt Robertson",2
381289,928906,"Juliet Rylance",3
381289,7002,"Luke Kirby",4
433808,28847,"Rafe Spall",0
433808,814200,"Arsher Ali",1
433808,224193,"Robert James-Collier",2
433808,5421,"Sam Troughton",3
433808,1373165,"Paul Reid",4
397837,1059597,"Zoey Deutch",0
397837,1480597,"Kian Lawley",1
397837,934243,"Halston Sage",2
397837,1278724,"Elena Kampouris",3
397837,3130,"Jennifer Beals",4
353616,84223,"Anna Kendrick",0
353616,221581,"Rebel Wilson",1
353616,29221,"Brittany Snow",2
353616,130640,"Hailee Steinfeld",3
353616,9281,"Elizabeth Banks",4
180863,3061,"Ewan McGregor",0
180863,9012,"Jonny Lee Miller",1
180863,1125,"Ewen Bremner",2
180863,18023,"Robert Carlyle",3
180863,1102609,"Anjela Nedyalkova",4
378236,51990,"T.J. Miller",0
378236,55466,"James Corden",1
378236,1772,"Anna Faris",2
378236,52792,"Maya Rudolph",3
378236,3214,"Steven Wright",4
415842,527393,"Dylan O'Brien",0
415842,2232,"Michael Keaton",1
415842,60900,"Taylor Kitsch",2
415842,1797771,"Shiva Negar",3
415842,5411,"Sanaa Lathan",4
429200,11288,"Robert Pattinson",0
429200,227564,"Benny Safdie",1
429200,1425799,"Buddy Duress",2
429200,1823853,"Taliah Webster",3
429200,10431,"Jennifer Jason Leigh",4
394117,1704640,"Brooklynn Prince",0
394117,1704641,"Bria Vinaite",1
394117,5293,"Willem Dafoe",2
394117,1817811,"Christopher Rivera",3
394117,1704642,"Valeria Cotto",4
364689,56446,"John Cena",0
364689,1240487,"Kate McKinnon",1
364689,18471,"Anthony Anderson",2
364689,21127,"Bobby Cannavale",3
364689,1217825,"Peyton Manning",4
314095,56365,"Charlie Hunnam",0
314095,11288,"Robert Pattinson",1
314095,23459,"Sienna Miller",2
314095,1136406,"Tom Holland",3
314095,2464,"Angus Macfadyen",4
398181,73421,"Joaquin Phoenix",0
398181,14797,"Judith Roberts",1
398181,1557952,"Ekaterina Samsonov",2
398181,4735,"John Doman",3
398181,172150,"Alex Manette",4
353070,192,"Morgan Freeman",0
353070,3895,"Michael Caine",1
353070,1903,"Alan Arkin",2
353070,13567,"Ann-Margret",3
353070,40543,"John Ortiz",4
379149,517,"Pierce Brosnan",0
379149,18897,"Jackie Chan",1
379149,1267122,"Rory Fleck-Byrne",2
379149,56650,"Ray Fearon",3
379149,1356630,"Charlie Murphy",4
452507,11155,"Thomas Jane",0
452507,27125,"Molly Parker",1
452507,973518,"Dylan Schmid",2
452507,1467169,"Kaitlyn Bernard",3
452507,2203,"Neal McDonough",4
403119,16855,"Mandy Moore",0
403119,86132,"Claire Holt",1
403119,8654,"Matthew Modine",2
403119,76795,"Chris Johnson",3
403119,130936,"Yani Gellman",4
346648,17064,"Ben Whishaw",0
346648,39658,"Sally Hawkins",1
346648,19923,"Hugh Bonneville",2
346648,1304661,"Madeleine Harris",3
346648,1304662,"Samuel Joslin",4
419680,23659,"Will Ferrell",0
419680,13240,"Mark Wahlberg",1
419680,2461,"Mel Gibson",2
419680,12074,"John Lithgow",3
419680,1817,"Linda Cardellini",4
416477,466505,"Kumail Nanjiani",0
416477,35028,"Zoe Kazan",1
416477,18686,"Holly Hunter",2
416477,15757,"Ray Romano",3
416477,6217,"Anupam Kher",4
418078,33192,"Joel Edgerton",0
418078,984629,"Christopher Abbott",1
418078,37158,"Carmen Ejogo",2
418078,98522,"Riley Keough",3
418078,1344361,"Kelvin Harrison Jr.",4
339877,230680,"Douglas Booth",0
339877,1702761,"Robert Gulaczyk",1
339877,73357,"Eleanor Tomlinson",2
339877,15737,"Helen McCrory",3
339877,36592,"Saoirse Ronan",4
14564,1464589,"Matilda Lutz",0
14564,1167375,"Alex Roe",1
14564,16478,"Johnny Galecki",2
14564,7132,"Vincent D'Onofrio",3
14564,221841,"Zach Roerig",4
384680,3894,"Christian Bale",0
384680,10882,"Rosamund Pike",1
384680,15853,"Wes Studi",2
384680,88124,"Jesse Plemons",3
384680,33527,"Adam Beach",4
365942,77996,"Asa Butterfield",0
365942,52018,"Britt Robertson",1
365942,17832,"Carla Gugino",2
365942,64,"Gary Oldman",3
365942,90755,"Janet Montgomery",4
290512,17605,"Idris Elba",0
290512,204,"Kate Winslet",1
290512,20212,"Dermot Mulroney",2
290512,2222,"Beau Bridges",3
290512,1087584,"Linda Sorensen",4
428449,1893,"Casey Affleck",0
428449,108916,"Rooney Mara",1
428449,1852189,"McColm Cephas Jr.",2
428449,1852188,"Kenneisha Thompson",3
428449,1319845,"Grover Coulson",4
299536,3223,"Robert Downey Jr.",0
299536,16828,"Chris Evans",1
299536,74568,"Chris Hemsworth",2
299536,16851,"Josh Brolin",3
299536,103,"Mark Ruffalo",4
284054,172069,"Chadwick Boseman",0
284054,135651,"Michael B. Jordan",1
284054,1267329,"Lupita Nyong'o",2
284054,82104,"Danai Gurira",3
284054,7060,"Martin Freeman",4
383498,10859,"Ryan Reynolds",0
383498,16851,"Josh Brolin",1
383498,54882,"Morena Baccarin",2
383498,1139349,"Julian Dennison",3
383498,1545693,"Zazie Beetz",4
424694,17838,"Rami Malek",0
424694,1220123,"Gwilym Lee",1
424694,1452045,"Ben Hardy",2
424694,4787,"Joseph Mazzello",3
424694,86232,"Lucy Boynton",4
324857,587506,"Shameik Moore",0
324857,543505,"Jake Johnson",1
324857,130640,"Hailee Steinfeld",2
324857,932967,"Mahershala Ali",3
324857,226366,"Brian Tyree Henry",4
335983,2524,"Tom Hardy",0
335983,1812,"Michelle Williams",1
335983,53240,"Riz Ahmed",2
335983,87954,"Scott Haze",3
335983,81316,"Reid Scott",4
333339,1034681,"Tye Sheridan",0
333339,1173984,"Olivia Cooke",1
333339,77335,"Ben Mendelsohn",2
333339,1059572,"Lena Waithe",3
333339,51990,"T.J. Miller",4
447332,5081,"Emily Blunt",0
447332,17697,"John Krasinski",1
447332,1815539,"Millicent Simmonds",2
447332,1590759,"Noah Jupe",3
447332,1924769,"Cade Woodward",4
297802,117642,"Jason Momoa",0
297802,55085,"Amber Heard",1
297802,5293,"Willem Dafoe",2
297802,17178,"Patrick Wilson",3
297802,2227,"Nicole Kidman",4
363088,22226,"Paul Rudd",0
363088,19034,"Evangeline Lilly",1
363088,3392,"Michael Douglas",2
363088,1408809,"Hannah John-Kamen",3
363088,79082,"Randall Park",4
260513,8977,"Craig T. Nelson",0
260513,18686,"Holly Hunter",1
260513,59361,"Sarah Vowell",2
260513,1852182,"Huck Milner",3
260513,2229,"Catherine Keener",4
490132,110,"Viggo Mortensen",0
490132,932967,"Mahershala Ali",1
490132,1817,"Linda Cardellini",2
490132,299743,"Sebastian Maniscalco",3
490132,1613744,"Dimiter D. Marinov",4
351286,73457,"Chris Pratt",0
351286,18997,"Bryce Dallas Howard",1
351286,28847,"Rafe Spall",2
351286,1029934,"Justice Smith",3
351286,1257819,"Daniella Pineda",4
332562,237405,"Lady Gaga",0
332562,51329,"Bradley Cooper",1
332562,16431,"Sam Elliott",2
332562,57906,"Andrew Dice Clay",3
332562,21660,"Rafi Gavron",4
338952,37632,"Eddie Redmayne",0
338952,77795,"Katherine Waterston",1
338952,58873,"Dan Fogler",2
338952,998225,"Alison Sudol",3
338952,85,"Johnny Depp",4
405774,18277,"Sandra Bullock",0
405774,1650301,"Trevante Rhodes",1
405774,6949,"John Malkovich",2
405774,34490,"Sarah Paulson",3
405774,67837,"Jacki Weaver",4
300668,524,"Natalie Portman",0
300668,10431,"Jennifer Jason Leigh",1
300668,180486,"Gina Rodriguez",2
300668,62561,"Tessa Thompson",3
300668,67737,"Tuva Novotny",4
348350,71375,"Alden Ehrenreich",0
348350,1709041,"Joonas Suotamo",1
348350,57755,"Woody Harrelson",2
348350,1223786,"Emilia Clarke",3
348350,119589,"Donald Glover",4
353081,500,"Tom Cruise",0
353081,73968,"Henry Cavill",1
353081,10182,"Ving Rhames",2
353081,11108,"Simon Pegg",3
353081,933238,"Rebecca Ferguson",4
402900,18277,"Sandra Bullock",0
402900,112,"Cate Blanchett",1
402900,1813,"Anne Hathaway",2
402900,125167,"Mindy Kaling",3
402900,34490,"Sarah Paulson",4
493922,3051,"Toni Collette",0
493922,934281,"Alex Wolff",1
493922,5168,"Gabriel Byrne",2
493922,1945702,"Milly Shapiro",3
493922,43366,"Ann Dowd",4
466282,1452046,"Lana Condor",0
466282,1253353,"Noah Centineo",1
466282,969140,"Israel Broussard",2
466282,93377,"Janel Parrish",3
466282,1683266,"Anna Cathcart",4
336843,527393,"Dylan O'Brien",0
336843,115150,"Kaya Scodelario",1
336843,25663,"Thomas Brodie-Sangster",2
336843,1310760,"Ki Hong Lee",3
336843,1036196,"Dexter Darden",4
338970,227454,"Alicia Vikander",0
338970,17287,"Dominic West",1
338970,27740,"Walton Goggins",2
338970,64436,"Daniel Wu",3
338970,5470,"Kristin Scott Thomas",4
337167,118545,"Dakota Johnson",0
337167,1254583,"Jamie Dornan",1
337167,33337,"Eric Johnson",2
337167,222130,"Eloise Mumford",3
337167,1089873,"Rita Ora",4
345940,976,"Jason Statham",0
345940,109432,"Li Bingbing",1
345940,11678,"Rainn Wilson",2
345940,7248,"Cliff Curtis",3
345940,1246972,"Ruby Rose",4
404368,4764,"John C. Reilly",0
404368,7404,"Sarah Silverman",1
404368,90633,"Gal Gadot",2
404368,40036,"Taraji P. Henson",3
404368,58737,"Jack McBrayer",4
487558,1117313,"John David Washington",0
487558,1023139,"Adam Driver",1
487558,17052,"Topher Grace",2
487558,1606394,"Laura Harrier",3
487558,7447,"Alec Baldwin",4
427641,18918,"Dwayne Johnson",0
427641,2038,"Naomie Harris",1
427641,50463,"Malin Akerman",2
427641,47296,"Jeffrey Dean Morgan",3
427641,496470,"Jake Lacy",4
454983,125025,"Joey King",0
454983,518627,"Joel Courtney",1
454983,2034418,"Jacob Elordi",2
454983,21625,"Molly Ringwald",3
454983,1386160,"Stephen Jennings",4
439079,527313,"Taissa Farmiga",0
439079,76961,"Demián Bichir",1
439079,87287,"Bonnie Aarons",2
439079,566080,"Jonas Bloquet",3
439079,117656,"Ingrid Bisu",4
424783,527393,"Dylan O'Brien",0
424783,130640,"Hailee Steinfeld",1
424783,56446,"John Cena",2
424783,1563266,"Jorge Lendeborg Jr.",3
424783,40543,"John Ortiz",4
445571,23532,"Jason Bateman",0
445571,53714,"Rachel McAdams",1
445571,3497,"Kyle Chandler",2
445571,21676,"Sharon Horgan",3
445571,141034,"Billy Magnussen",4
401981,72129,"Jennifer Lawrence",0
401981,33192,"Joel Edgerton",1
401981,73381,"Matthias Schoenaerts",2
401981,44079,"Charlotte Rampling",3
401981,16940,"Jeremy Irons",4
449176,1108907,"Nick Robinson",0
449176,9278,"Jennifer Garner",1
449176,19536,"Josh Duhamel",2
449176,1636738,"Katherine Langford",3
449176,1253199,"Alexandra Shipp",4
345887,5292,"Denzel Washington",0
345887,1253360,"Pedro Pascal",1
345887,1152019,"Ashton Sanders",2
345887,863,"Orson Bean",3
345887,8984,"Bill Pullman",4
375262,54693,"Emma Stone",0
375262,39187,"Olivia Colman",1
375262,3293,"Rachel Weisz",2
375262,3292,"Nicholas Hoult",3
375262,1496392,"Joe Alwyn",4
480530,135651,"Michael B. Jordan",0
480530,16483,"Sylvester Stallone",1
480530,62561,"Tessa Thompson",2
480530,65829,"Wood Harris",3
480530,62649,"Russell Hornsby",4
369972,30614,"Ryan Gosling",0
369972,120932,"Claire Foy",1
369972,76512,"Jason Clarke",2
369972,3497,"Kyle Chandler",3
369972,74541,"Corey Stoll",4
399174,17419,"Bryan Cranston",0
399174,1726151,"Koyu Rankin",1
399174,12438,"Bob Balaban",2
399174,819,"Edward Norton",3
399174,1532,"Bill Murray",4
268896,236695,"John Boyega",0
268896,928572,"Scott Eastwood",1
268896,1683343,"Cailee Spaeny",2
268896,1151657,"Jing Tian",3
268896,18054,"Rinko Kikuchi",4
504172,190,"Clint Eastwood",0
504172,51329,"Bradley Cooper",1
504172,2975,"Laurence Fishburne",2
504172,454,"Michael Peña",3
504172,1902,"Dianne Wiest",4
447200,18918,"Dwayne Johnson",0
447200,9206,"Neve Campbell",1
447200,101015,"Chin Han",2
447200,141876,"Roland Møller",3
447200,1284,"Noah Taylor",4
428078,586286,"Hera Hilmar",0
428078,118616,"Robert Sheehan",1
428078,1331,"Hugo Weaving",2
428078,1712372,"Jihae",3
428078,1624444,"Ronan Raftery",4
346910,467645,"Boyd Holbrook",0
346910,1650301,"Trevante Rhodes",1
346910,1225953,"Sterling K. Brown",2
346910,1277188,"Jacob Tremblay",3
346910,298410,"Keegan-Michael Key",4
500664,130253,"Logan Marshall-Green",0
500664,1660452,"Betty Gabriel",1
500664,127281,"Harrison Gilbertson",2
500664,82606,"Melanie Vallejo",3
500664,1275904,"Benedict Hardie",4
424139,8944,"Jamie Lee Curtis",0
424139,20750,"Judy Greer",1
424139,1511997,"Andi Matichak",2
424139,1267684,"James Jude Courtney",3
424139,14692,"Nick Castle",4
400155,19292,"Adam Sandler",0
400155,17696,"Kathryn Hahn",1
400155,77948,"Selena Gomez",2
400155,84407,"Jim Gaffigan",3
400155,62861,"Andy Samberg",4
399035,3896,"Liam Neeson",0
399035,17178,"Patrick Wilson",1
399035,4783,"Sam Neill",2
399035,783,"Jonathan Banks",3
399035,21657,"Vera Farmiga",4
484247,84223,"Anna Kendrick",0
484247,59175,"Blake Lively",1
484247,1807132,"Henry Golding",2
484247,36669,"Rupert Friend",3
484247,1817,"Linda Cardellini",4
537996,1462,"Tim Blake Nelson",0
537996,2112084,"Willie Watson",1
537996,6574,"Clancy Brown",2
537996,59145,"Danny McCarthy",3
537996,38582,"David Krumholtz",4
360920,71580,"Benedict Cumberbatch",0
360920,80591,"Rashida Jones",1
360920,77330,"Kenan Thompson",2
360920,1952744,"Cameron Seely",3
360920,14730,"Angela Lansbury",4
489999,68842,"John Cho",0
489999,1993734,"Michelle La",1
489999,23959,"Debra Messing",2
489999,2125528,"Joseph Lee",3
489999,1440699,"Sara Sohn",4
442249,1694278,"Y'lan Noel",0
442249,1568053,"Lex Scott Davis",1
442249,1376875,"Joivan Wade",2
442249,2202,"Steve Harris",3
442249,2081439,"Mugga",4
569547,1687041,"Fionn Whitehead",0
569547,45050,"Craig Parkinson",1
569547,182327,"Alice Lowe",2
569547,1502438,"Asim Chaudhry",3
569547,93491,"Will Poulter",4
460019,82819,"Nolan Gerard Funk",0
460019,205307,"Lucy Hale",1
460019,1515230,"Violett Beane",2
460019,53280,"Tyler Posey",3
460019,1560379,"Hayden Szeto",4
400535,1121,"Benicio del Toro",0
400535,16851,"Josh Brolin",1
400535,1428070,"Isabela Merced",2
400535,52886,"Jeffrey Donovan",3
400535,2229,"Catherine Keener",4
455207,206444,"Constance Wu",0
455207,1807132,"Henry Golding",1
455207,1620,"Michelle Yeoh",2
455207,97576,"Gemma Chan",3
455207,86633,"Lisa Lu",4
446021,1229,"Jeff Bridges",0
446021,1765068,"Cynthia Erivo",1
446021,1700685,"Lewis Pullman",2
446021,118545,"Dakota Johnson",3
446021,1683343,"Cailee Spaeny",4
429197,3894,"Christian Bale",0
429197,9273,"Amy Adams",1
429197,4495,"Steve Carell",2
429197,6807,"Sam Rockwell",3
429197,17486,"Alison Pill",4
384521,1216606,"Gugu Mbatha-Raw",0
384521,3872,"Daniel Brühl",1
384521,40477,"Chris O'Dowd",2
384521,35013,"David Oyelowo",3
384521,40543,"John Ortiz",4
458423,71070,"Amanda Seyfried",0
458423,1016168,"Lily James",1
458423,517,"Pierce Brosnan",2
458423,5472,"Colin Firth",3
458423,1640,"Stellan Skarsgård",4
419478,98285,"Bella Thorne",0
419478,1053422,"Patrick Schwarzenegger",1
419478,71403,"Rob Riggle",2
419478,429728,"Quinn Shephard",3
419478,158396,"Ken Tremblett",4
455980,27105,"Ed Helms",0
455980,65717,"Jon Hamm",1
455980,17604,"Jeremy Renner",2
455980,543505,"Jake Johnson",3
455980,500427,"Hannibal Buress",4
400650,5081,"Emily Blunt",0
400650,1179651,"Lin-Manuel Miranda",1
400650,17064,"Ben Whishaw",2
400650,1246,"Emily Mortimer",3
400650,1181403,"Pixie Davies",4
449443,17276,"Gerard Butler",0
449443,59254,"Pablo Schreiber",1
449443,1371398,"O'Shea Jackson Jr.",2
449443,62644,"50 Cent",3
449443,956385,"Meadow Williams",4
462919,1753911,"Shannon Purser",0
462919,1633001,"Kristine Froseth",1
462919,1394670,"RJ Cyler",2
462919,1253353,"Noah Centineo",3
462919,18284,"Loretta Devine",4
491418,13240,"Mark Wahlberg",0
491418,9827,"Rose Byrne",1
491418,1303090,"Allyn Rachel",2
491418,1428070,"Isabela Merced",3
491418,14415,"Julie Hagerty",4
406563,7401,"Lin Shaye",0
406563,2128,"Leigh Whannell",1
406563,59117,"Angus Sampson",2
406563,55861,"Kirk Acevedo",3
406563,1069630,"Caitlin Gerard",4
429351,74568,"Chris Hemsworth",0
429351,335,"Michael Shannon",1
429351,454,"Michael Peña",2
429351,103330,"Navid Negahban",3
429351,1650301,"Trevante Rhodes",4
438799,1607522,"Jovan Adepo",0
438799,986808,"Wyatt Russell",1
438799,90060,"Pilou Asbæk",2
438799,1700784,"Mathilde Ollivier",3
438799,37154,"John Magaro",4
375588,1303037,"Taron Egerton",0
375588,134,"Jamie Foxx",1
375588,77335,"Ben Mendelsohn",2
375588,933271,"Eve Hewson",3
375588,1254583,"Jamie Dornan",4
398173,2876,"Matt Dillon",0
398173,2310,"Bruno Ganz",1
398173,139,"Uma Thurman",2
398173,6751,"Siobhan Fallon Hogan",3
398173,1564,"Sofie Gråbøl",4
420634,1880016,"David Howard Thornton",0
420634,1303873,"Jenna Kanell",1
420634,1676771,"Samantha Scaffidi",2
420634,1190554,"Catherine Corcoran",3
420634,1526694,"Pooya Mohseni",4
420814,3061,"Ewan McGregor",0
420814,39459,"Hayley Atwell",1
420814,1901375,"Bronte Carmichael",2
420814,12077,"Jim Cummings",3
420814,18,"Brad Garrett",4
445651,561869,"Amandla Stenberg",0
445651,1716493,"Harris Dickinson",1
445651,1379407,"Patrick Gibson",2
445651,1070339,"Skylan Brooks",3
445651,16855,"Mandy Moore",4
451915,4495,"Steve Carell",0
451915,1190668,"Timothée Chalamet",1
451915,16307,"Maura Tierney",2
451915,39388,"Amy Ryan",3
451915,1721268,"Christian Convery",4
395990,62,"Bruce Willis",0
395990,7132,"Vincent D'Onofrio",1
395990,14329,"Dean Norris",2
395990,1951,"Elisabeth Shue",3
395990,1932304,"Camila Morrone",4
384677,1059597,"Zoey Deutch",0
384677,83271,"Glen Powell",1
384677,140,"Lucy Liu",2
384677,17637,"Taye Diggs",3
384677,1400744,"Joan Smalls",4
463272,10730,"Rowan Atkinson",0
463272,18182,"Olga Kurylenko",1
463272,18025,"Ben Miller",2
463272,7056,"Emma Thompson",3
463272,496470,"Jake Lacy",4
361292,118545,"Dakota Johnson",0
361292,3063,"Tilda Swinton",1
361292,1137824,"Mia Goth",2
361292,10255,"Angela Winkler",3
361292,45195,"Ingrid Caven",4
399360,113505,"Kodi Smit-McPhee",0
399360,238164,"Jóhannes Haukur Jóhannesson",1
399360,1175170,"Marcin Kowalczyk",2
399360,92429,"Jens Hultén",3
399360,21430,"Natassia Malthe",4
476299,128629,"Crystal Reed",0
476299,145755,"Mylène Farmer",1
476299,1245422,"Anastasia Phillips",2
476299,1331023,"Emilia Jones",3
476299,1493223,"Taylor Hickson",4
429300,94185,"Shailene Woodley",0
429300,237455,"Sam Claflin",1
429300,218563,"Jeffrey Thomas",2
429300,5533,"Elizabeth Hawthorne",3
429300,1970052,"Grace Palmer",4
407436,935701,"Rohan Chand",0
407436,3894,"Christian Bale",1
407436,112,"Cate Blanchett",2
407436,71580,"Benedict Cumberbatch",3
407436,2038,"Naomie Harris",4
401469,19492,"Viola Davis",0
401469,17647,"Michelle Rodriguez",1
401469,1133349,"Elizabeth Debicki",2
401469,1765068,"Cynthia Erivo",3
401469,72466,"Colin Farrell",4
347375,13240,"Mark Wahlberg",0
347375,62220,"Lauren Cohan",1
347375,113732,"Iko Uwais",2
347375,6949,"John Malkovich",3
347375,997887,"Ronda Rousey",4
399402,17276,"Gerard Butler",0
399402,64,"Gary Oldman",1
399402,10881,"Toby Stephens",2
399402,4238,"Common",3
399402,1817,"Linda Cardellini",4
527435,1696017,"Darby Camp",0
527435,1538780,"Judah Lewis",1
527435,6856,"Kurt Russell",2
527435,5921,"Martin Roach",3
527435,1181327,"Lamorne Morris",4
454992,18973,"Mila Kunis",0
454992,1240487,"Kate McKinnon",1
454992,15009,"Justin Theroux",2
454992,209326,"Sam Heughan",3
454992,1627501,"Lolly Adefope",4
433310,212604,"Adam Devine",0
433310,109513,"Alexandra Daddario",1
433310,444211,"Shelley Hennig",2
433310,1350469,"Andrew Bachelor",3
433310,1223726,"Robbie Amell",4
463821,70851,"Jack Black",0
463821,112,"Cate Blanchett",1
463821,1552636,"Owen Vaccaro",2
463821,6677,"Kyle MacLachlan",3
463821,87932,"Renée Elise Goldsberry",4
465136,1265629,"Angourie Rice",0
465136,1029934,"Justice Smith",1
465136,1427480,"Jeni Ross",2
465136,1485770,"Lucas Jade Zumann",3
465136,3549485,"Rory McDonald",4
458594,9278,"Jennifer Garner",0
458594,17487,"John Gallagher Jr.",1
458594,40543,"John Ortiz",2
458594,937009,"Juan Pablo Raba",3
458594,209196,"Annie Ilonzeh",4
556803,67599,"Vanessa Hudgens",0
556803,1097967,"Sam Palladio",1
556803,1107810,"Nick Sagar",2
556803,2177881,"Alexa Adeosun",3
556803,1231689,"Suanne Braun",4
426543,851784,"Mackenzie Foy",0
426543,1972476,"Jayden Fowora-Knight",1
426543,1599393,"Tom Sweet",2
426543,116,"Keira Knightley",3
426543,15735,"Helen Mirren",4
470044,561869,"Amandla Stenberg",0
470044,35705,"Regina Hall",1
470044,62649,"Russell Hornsby",2
470044,1680339,"KJ Apa",3
470044,4238,"Common",4
460885,2963,"Nicolas Cage",0
460885,127558,"Andrea Riseborough",1
460885,3900,"Linus Roache",2
460885,63362,"Ned Dennehy",3
460885,933272,"Olwen Fouéré",4
439015,1255570,"Julia Goldani Telles",0
439015,125025,"Joey King",1
439015,1449596,"Jaz Sinclair",2
439015,111090,"Javier Botet",3
439015,1024722,"Annalise Basso",4
437557,41087,"Leslie Mann",0
437557,56446,"John Cena",1
437557,198150,"Ike Barinholtz",2
437557,221192,"Kathryn Newton",3
437557,1803287,"Geraldine Viswanathan",4
299534,3223,"Robert Downey Jr.",0
299534,16828,"Chris Evans",1
299534,103,"Mark Ruffalo",2
299534,74568,"Chris Hemsworth",3
299534,1245,"Scarlett Johansson",4
475557,73421,"Joaquin Phoenix",0
475557,380,"Robert De Niro",1
475557,1545693,"Zazie Beetz",2
475557,4432,"Frances Conroy",3
475557,16841,"Brett Cullen",4
429617,1136406,"Tom Holland",0
429617,131,"Jake Gyllenhaal",1
429617,2231,"Samuel L. Jackson",2
429617,3141,"Marisa Tomei",3
429617,15277,"Jon Favreau",4
299537,60073,"Brie Larson",0
299537,2231,"Samuel L. Jackson",1
299537,77335,"Ben Mendelsohn",2
299537,9642,"Jude Law",3
299537,516,"Annette Bening",4
466272,6193,"Leonardo DiCaprio",0
466272,287,"Brad Pitt",1
466272,234352,"Margot Robbie",2
466272,46593,"Emile Hirsch",3
466272,1392137,"Margaret Qualley",4
546554,8784,"Daniel Craig",0
546554,16828,"Chris Evans",1
546554,224513,"Ana de Armas",2
546554,8944,"Jamie Lee Curtis",3
546554,335,"Michael Shannon",4
530915,146750,"George MacKay",0
530915,1332971,"Dean-Charles Chapman",1
530915,2983,"Mark Strong",2
530915,125660,"Andrew Scott",3
530915,512991,"Richard Madden",4
458156,6384,"Keanu Reeves",0
458156,4587,"Halle Berry",1
458156,6972,"Ian McShane",2
458156,2975,"Laurence Fishburne",3
458156,18702,"Mark Dacascos",4
181812,4,"Carrie Fisher",0
181812,2,"Mark Hamill",1
181812,1315036,"Daisy Ridley",2
181812,1023139,"Adam Driver",3
181812,236695,"John Boyega",4
301528,31,"Tom Hanks",0
301528,12898,"Tim Allen",1
301528,8873,"Annie Potts",2
301528,25147,"Tony Hale",3
301528,298410,"Keegan-Michael Key",4
420818,5294,"Chiwetel Ejiofor",0
420818,84292,"John Oliver",1
420818,119589,"Donald Glover",2
420818,15152,"James Earl Jones",3
420818,51878,"John Kani",4
420817,1515478,"Mena Massoud",0
420817,2888,"Will Smith",1
420817,240724,"Naomi Scott",2
420817,935235,"Marwan Kenzari",3
420817,103330,"Navid Negahban",4
515001,2054851,"Roman Griffin Davis",0
515001,1356758,"Thomasin McKenzie",1
515001,1245,"Scarlett Johansson",2
515001,55934,"Taika Waititi",3
515001,6807,"Sam Rockwell",4
330457,40462,"Kristen Bell",0
330457,19394,"Idina Menzel",1
330457,54415,"Josh Gad",2
330457,38940,"Evan Rachel Wood",3
330457,221611,"Jonathan Groff",4
287947,69899,"Zachary Levi",0
287947,2983,"Mark Strong",1
287947,1768966,"Asher Angel",2
287947,1774679,"Jack Dylan Grazer",3
287947,11702,"Adam Brody",4
399579,973667,"Rosa Salazar",0
399579,27319,"Christoph Waltz",1
399579,6161,"Jennifer Connelly",2
399579,932967,"Mahershala Ali",3
399579,1047649,"Ed Skrein",4
474350,83002,"Jessica Chastain",0
474350,5530,"James McAvoy",1
474350,19278,"Bill Hader",2
474350,1237603,"Isaiah Mustafa",3
474350,223901,"Jay Ryan",4
512200,18918,"Dwayne Johnson",0
512200,55638,"Kevin Hart",1
512200,70851,"Jack Black",2
512200,543261,"Karen Gillan",3
512200,1625558,"Awkwafina",4
359724,1892,"Matt Damon",0
359724,3894,"Christian Bale",1
359724,19498,"Jon Bernthal",2
359724,147056,"Caitríona Balfe",3
359724,6164,"Josh Lucas",4
450465,5530,"James McAvoy",0
450465,62,"Bruce Willis",1
450465,2231,"Samuel L. Jackson",2
450465,34490,"Sarah Paulson",3
450465,1397778,"Anya Taylor-Joy",4
537915,1753914,"Josephine Langford",0
537915,1114487,"Hero Fiennes Tiffin",1
537915,1684130,"Shane Paul McGhie",2
537915,2161745,"Khadijha Red Thunder",3
537915,1039523,"Dylan Arnold",4
530385,1373737,"Florence Pugh",0
530385,1007683,"Jack Reynor",1
530385,1410478,"William Jackson Harper",2
530385,93491,"Will Poulter",3
530385,2096149,"Vilhelm Blomgren",4
458723,1267329,"Lupita Nyong'o",0
458723,1447932,"Winston Duke",1
458723,32798,"Elisabeth Moss",2
458723,132856,"Tim Heidecker",3
458723,1915962,"Shahadi Wright Joseph",4
384018,18918,"Dwayne Johnson",0
384018,976,"Jason Statham",1
384018,17605,"Idris Elba",2
384018,556356,"Vanessa Kirby",3
384018,15735,"Helen Mirren",4
398978,380,"Robert De Niro",0
398978,1158,"Al Pacino",1
398978,4517,"Joe Pesci",2
398978,1037,"Harvey Keitel",3
398978,15757,"Ray Romano",4
492188,1023139,"Adam Driver",0
492188,1245,"Scarlett Johansson",1
492188,4784,"Laura Dern",2
492188,21278,"Alan Alda",3
492188,11477,"Ray Liotta",4
447404,10859,"Ryan Reynolds",0
447404,1029934,"Justice Smith",1
447404,221192,"Kathryn Newton",2
447404,2440,"Bill Nighy",3
447404,3899,"Ken Watanabe",4
419704,287,"Brad Pitt",0
419704,2176,"Tommy Lee Jones",1
419704,882,"Liv Tyler",2
419704,17018,"Ruth Negga",3
419704,55636,"Donald Sutherland",4
320288,1001657,"Sophie Turner",0
320288,5530,"James McAvoy",1
320288,3292,"Nicholas Hoult",2
320288,1034681,"Tye Sheridan",3
320288,17288,"Michael Fassbender",4
166428,449,"Jay Baruchel",0
166428,59174,"America Ferrera",1
166428,1164,"F. Murray Abraham",2
166428,112,"Cate Blanchett",3
166428,17276,"Gerard Butler",4
331482,36592,"Saoirse Ronan",0
331482,10990,"Emma Watson",1
331482,1373737,"Florence Pugh",2
331482,1669125,"Eliza Scanlen",3
331482,4784,"Laura Dern",4
373571,3497,"Kyle Chandler",0
373571,21657,"Vera Farmiga",1
373571,1356210,"Millie Bobby Brown",2
373571,3899,"Ken Watanabe",3
373571,1339,"Zhang Ziyi",4
420809,11701,"Angelina Jolie",0
420809,18050,"Elle Fanning",1
420809,1716493,"Harris Dickinson",2
420809,1160,"Michelle Pfeiffer",3
420809,32987,"Sam Riley",4
338967,44735,"Jesse Eisenberg",0
338967,57755,"Woody Harrelson",1
338967,54693,"Emma Stone",2
338967,17140,"Abigail Breslin",3
338967,1059597,"Zoey Deutch",4
527641,1286328,"Haley Lu Richardson",0
527641,56730,"Cole Sprouse",1
527641,57412,"Moisés Arias",2
527641,1538035,"Kimberly Hébert Gregory",3
527641,231610,"Parminder Nagra",4
567609,1372369,"Samara Weaving",0
567609,11702,"Adam Brody",1
567609,225411,"Mark O'Brien",2
567609,15319,"Henry Czerny",3
567609,1533,"Andie MacDowell",4
559969,84497,"Aaron Paul",0
559969,88124,"Jesse Plemons",1
559969,82945,"Charles Baker",2
559969,191202,"Matt Jones",3
559969,209087,"Scott MacArthur",4
290859,2713,"Linda Hamilton",0
290859,1100,"Arnold Schwarzenegger",1
290859,1110405,"Mackenzie Davis",2
290859,1596934,"Natalia Reyes",3
290859,111016,"Gabriel Luna",4
503919,11288,"Robert Pattinson",0
503919,5293,"Willem Dafoe",1
503919,2309944,"Valeriia Karaman",2
503919,2507696,"Logan Hawkes",3
503919,2507697,"Kyla Nicolle",4
473033,19292,"Adam Sandler",0
473033,1200864,"LaKeith Stanfield",1
473033,2371446,"Julia Fox",2
473033,1177652,"Kevin Garnett",3
473033,19394,"Idina Menzel",4
453405,2888,"Will Smith",0
453405,17628,"Mary Elizabeth Winstead",1
453405,2296,"Clive Owen",2
453405,30082,"Benedict Wong",3
453405,80149,"Douglas Hodge",4
479455,74568,"Chris Hemsworth",0
479455,62561,"Tessa Thompson",1
479455,466505,"Kumail Nanjiani",2
479455,933238,"Rebecca Ferguson",3
479455,28847,"Rafe Spall",4
509967,10859,"Ryan Reynolds",0
509967,19119,"Mélanie Laurent",1
509967,1168097,"Manuel Garcia-Rulfo",2
509967,1452045,"Ben Hardy",3
509967,1371297,"Adria Arjona",4
522681,1353827,"Taylor Russell",0
522681,116088,"Logan Miller",1
522681,151680,"Jay Ellis",2
522681,212154,"Deborah Ann Woll",3
522681,1466581,"Nik Dodani",4
504608,1303037,"Taron Egerton",0
504608,478,"Jamie Bell",1
504608,512991,"Richard Madden",2
504608,18997,"Bryce Dallas Howard",3
504608,9138,"Gemma Jones",4
501170,3061,"Ewan McGregor",0
501170,933238,"Rebecca Ferguson",1
501170,2118623,"Kyliegh Curran",2
501170,7248,"Cliff Curtis",3
501170,42376,"Zahn McClarnon",4
514999,19292,"Adam Sandler",0
514999,4491,"Jennifer Aniston",1
514999,114019,"Luke Evans",2
514999,28641,"Terence Stamp",3
514999,59620,"Gemma Arterton",4
508965,17881,"Jason Schwartzman",0
508965,18999,"J.K. Simmons",1
508965,80591,"Rashida Jones",2
508965,3234,"Joan Cusack",3
508965,77075,"Norm Macdonald",4
329996,72466,"Colin Farrell",0
329996,2232,"Michael Keaton",1
329996,518,"Danny DeVito",2
329996,10912,"Eva Green",3
329996,2064124,"Nico Parker",4
515195,1227717,"Himesh Patel",0
515195,1016168,"Lily James",1
515195,1252533,"Sophia Di Martino",2
515195,1727934,"Ellise Chappell",3
515195,6975,"Meera Syal",4
522938,16483,"Sylvester Stallone",0
522938,3627,"Paz Vega",1
522938,78994,"Sergio Peris-Mencheta",2
522938,270,"Adriana Barraza",3
522938,1442968,"Yvette Monreal",4
423204,17276,"Gerard Butler",0
423204,192,"Morgan Freeman",1
423204,9575,"Jada Pinkett Smith",2
423204,1733,"Nick Nolte",3
423204,6413,"Danny Huston",4
521029,1172108,"Mckenna Grace",0
521029,1597855,"Madison Iseman",1
521029,1411601,"Katie Sarife",2
521029,2342988,"Michael Cimino",3
521029,1378130,"Samara Lee",4
456740,35029,"David Harbour",0
456740,63,"Milla Jovovich",1
456740,6972,"Ian McShane",2
456740,1535218,"Sasha Lane",3
456740,18307,"Daniel Dae Kim",4
512196,1427680,"Jessica Rothe",0
512196,969140,"Israel Broussard",1
512196,1476053,"Charles Aitken",2
512196,1602964,"Ruby Modine",3
512196,933160,"Suraj Sharma",4
504949,1190668,"Timothée Chalamet",0
504949,33192,"Joel Edgerton",1
504949,16702,"Sean Harris",2
504949,1765227,"Tom Glynn-Carney",3
504949,1459885,"Lily-Rose Depp",4
399361,880,"Ben Affleck",0
399361,25072,"Oscar Isaac",1
399361,56365,"Charlie Hunnam",2
399361,9828,"Garrett Hedlund",3
399361,1253360,"Pedro Pascal",4
531309,2020904,"Jackson A. Dunn",0
531309,9281,"Elizabeth Banks",1
531309,62562,"David Denman",2
531309,191202,"Matt Jones",3
531309,449513,"Meredith Hagner",4
449563,221581,"Rebel Wilson",0
449563,96066,"Liam Hemsworth",1
449563,212604,"Adam Devine",2
449563,77234,"Priyanka Chopra Jonas",3
449563,92572,"Betty Gilpin",4
457799,29222,"Zac Efron",0
457799,112561,"Lily Collins",1
457799,115150,"Kaya Scodelario",2
457799,52886,"Jeffrey Donovan",3
457799,85143,"Angela Sarafyan",4
157433,76512,"Jason Clarke",0
157433,139150,"Amy Seimetz",1
157433,12074,"John Lithgow",2
157433,1853972,"Jeté Laurence",3
157433,2143772,"Hugo Lavoie",4
511987,115150,"Kaya Scodelario",0
511987,12834,"Barry Pepper",1
511987,1321628,"Morfydd Clark",2
511987,1374534,"Ross Anderson",3
511987,2486147,"Jose Palma",4
412117,10872,"Patton Oswalt",0
412117,55638,"Kevin Hart",1
412117,156962,"Eric Stonestreet",2
412117,213001,"Jenny Slate",3
412117,1230868,"Tiffany Haddish",4
635744,50398,"Devon Sawa",0
635744,2270610,"Yael Eitan",1
635744,68535,"Nicholas Aaron",2
635744,29068,"Ben Cross",3
635744,17341,"Amaury Nolasco",4
543540,1253353,"Noah Centineo",0
543540,54722,"Laura Marano",1
543540,1814288,"Odiseas Georgiadis",2
543540,1721740,"Camila Mendes",3
543540,59841,"Matt Walsh",4
525661,6885,"Charlize Theron",0
525661,234352,"Margot Robbie",1
525661,2227,"Nicole Kidman",2
525661,12074,"John Lithgow",3
525661,19,"Allison Janney",4
551332,378,"Jonathan Pryce",0
551332,4173,"Anthony Hopkins",1
551332,140538,"Juan Minujín",2
551332,127248,"Luis Gnecco",3
551332,1028517,"Cristina Banegas",4
458897,37917,"Kristen Stewart",0
458897,240724,"Naomi Scott",1
458897,2092879,"Ella Balinska",2
458897,9281,"Elizabeth Banks",3
458897,2387,"Patrick Stewart",4
540901,206444,"Constance Wu",0
540901,16866,"Jennifer Lopez",1
540901,12041,"Julia Stiles",2
540901,74688,"Keke Palmer",3
540901,1136940,"Lili Reinhart",4
484641,1411561,"Sasha Luss",0
484641,15735,"Helen Mirren",1
484641,114019,"Luke Evans",2
484641,2037,"Cillian Murphy",3
484641,2286738,"Lera Abova",4
431693,2888,"Will Smith",0
431693,1136406,"Tom Holland",1
431693,77335,"Ben Mendelsohn",2
431693,80591,"Rashida Jones",3
431693,543261,"Karen Gillan",4
568091,65731,"Sam Worthington",0
568091,4888,"Lily Rabe",1
568091,2434413,"Lucy Capri",2
568091,537,"Stephen Tobolowsky",3
568091,1923452,"Lauren Cochrane",4
459992,6885,"Charlize Theron",0
459992,19274,"Seth Rogen",1
459992,1371398,"O'Shea Jackson Jr.",2
459992,83873,"June Diane Raphael",3
459992,206485,"Ravi Patel",4
505948,1443492,"Clara Rugaard",0
505948,9827,"Rose Byrne",1
505948,448,"Hilary Swank",2
505948,1048610,"Luke Hawker",3
505948,1980615,"Tahlia Sturzaker",4
535581,1532,"Bill Murray",0
535581,1023139,"Adam Driver",1
535581,2838,"Chloë Sevigny",2
535581,3063,"Tilda Swinton",3
535581,572541,"Caleb Landry Jones",4
417384,1533987,"Zoe Colletti",0
417384,14329,"Dean Norris",1
417384,1383546,"Michael Garza",2
417384,1142686,"Gabriel Rush",3
417384,6575,"Gil Bellows",4
505600,481337,"Kaitlyn Dever",0
505600,1496393,"Beanie Feldstein",1
505600,1394648,"Jessica Williams",2
505600,58224,"Jason Sudeikis",3
505600,14406,"Lisa Kudrow",4
438650,3896,"Liam Neeson",0
438650,1364004,"Tom Bateman",1
438650,78797,"Tom Jackson",2
438650,4784,"Laura Dern",3
438650,1829296,"Nicholas Holmes",4
522162,1047649,"Ed Skrein",0
522162,17178,"Patrick Wilson",1
522162,57755,"Woody Harrelson",2
522162,114019,"Luke Evans",3
522162,16855,"Mandy Moore",4
292011,1294982,"Paul Walter Hauser",0
292011,65717,"Jon Hamm",1
292011,8534,"Kathy Bates",2
292011,6807,"Sam Rockwell",3
292011,59315,"Olivia Wilde",4
458305,17606,"Imogen Poots",0
458305,44735,"Jesse Eisenberg",1
458305,2011569,"Senan Jennings",2
458305,2294600,"Éanna Hardwicke",3
458305,28477,"Jonathan Aris",4
449562,1813,"Anne Hathaway",0
449562,221581,"Rebel Wilson",1
449562,136127,"Alex Sharp",2
449562,14329,"Dean Norris",3
449562,1181329,"Timothy Simons",4
480414,1817,"Linda Cardellini",0
480414,58650,"Raymond Cruz",1
480414,18920,"Patricia Velásquez",2
480414,1951452,"Roman Christou",3
480414,1503744,"Jaynee-Lynne Kinchen",4
549053,1223786,"Emilia Clarke",0
549053,1807132,"Henry Golding",1
549053,1620,"Michelle Yeoh",2
549053,7056,"Emma Thompson",3
549053,82807,"Lydia Leonard",4
552178,103,"Mark Ruffalo",0
552178,1813,"Anne Hathaway",1
552178,504,"Tim Robbins",2
552178,8984,"Bill Pullman",3
552178,121718,"Bill Camp",4
483906,1019,"Mads Mikkelsen",0
483906,67599,"Vanessa Hudgens",1
483906,26723,"Katheryn Winnick",2
483906,180924,"Inga Cadranel",3
483906,1997524,"Fei Ren",4
522212,135651,"Michael B. Jordan",0
522212,60073,"Brie Larson",1
522212,134,"Jamie Foxx",2
522212,1371398,"O'Shea Jackson Jr.",3
522212,28847,"Rafe Spall",4
481084,25072,"Oscar Isaac",0
481084,6885,"Charlize Theron",1
481084,56734,"Chloë Grace Moretz",2
481084,1442069,"Finn Wolfhard",3
481084,208519,"Nick Kroll",4
280217,73457,"Chris Pratt",0
280217,9281,"Elizabeth Banks",1
280217,21200,"Will Arnett",2
280217,1230868,"Tiffany Haddish",3
280217,968367,"Stephanie Beatriz",4
502416,6944,"Octavia Spencer",0
502416,3196,"Juliette Lewis",1
502416,2048372,"Diana Silvers",2
502416,1355176,"McKaley Miller",3
502416,1453680,"Corey Fogelmanis",4
523139,2034922,"Laysla De Oliveira",0
523139,127281,"Harrison Gilbertson",1
523139,2425244,"Avery Whitted",2
523139,1915546,"Will Buie Jr.",3
523139,17178,"Patrick Wilson",4
475303,1190668,"Timothée Chalamet",0
475303,18050,"Elle Fanning",1
475303,77948,"Selena Gomez",2
475303,9642,"Jude Law",3
475303,8688,"Diego Luna",4
599975,1368507,"Elizabeth Lail",0
599975,1216004,"Jordan Calloway",1
599975,1379123,"Talitha Eliana Bateman",2
599975,56857,"Peter Facinelli",3
599975,546850,"Dillon Lane",4
606856,5293,"Willem Dafoe",0
606856,86034,"Julianne Nicholson",1
606856,32887,"Christopher Heyerdahl",2
606856,97416,"Richard Dormer",3
606856,43933,"Adrien Dorval",4
500682,1269,"Kevin Costner",0
500682,57755,"Woody Harrelson",1
500682,8534,"Kathy Bates",2
500682,3911,"John Carroll Lynch",3
500682,1142720,"Thomas Mann",4
461130,1223726,"Robbie Amell",0
461130,76110,"Stephen Amell",1
461130,5937,"Kari Matchett",2
461130,2482346,"Penny Eizenga",3
461130,133921,"Lawrence Bayne",4
535292,172069,"Chadwick Boseman",0
535292,23459,"Sienna Miller",1
535292,18999,"J.K. Simmons",2
535292,1388314,"Stephan James",3
535292,60900,"Taylor Kitsch",4
431580,1181303,"Chloe Bennet",0
431580,1181320,"Albert Tsai",1
431580,1926,"Suzy Eddie Izzard",2
431580,1280881,"Tenzing Norgay Trainor",3
431580,1453790,"Joseph Izzo",4
533642,1352028,"Gabriel Bateman",0
533642,119592,"Aubrey Plaza",1
533642,2,"Mark Hamill",2
533642,226366,"Brian Tyree Henry",3
533642,21561,"Tim Matheson",4
521777,1277188,"Jacob Tremblay",0
521777,2177190,"Keith L. Williams",1
521777,2239159,"Brady Noon",2
521777,1782117,"Molly Gordon",3
521777,1984116,"Midori Francis",4
508442,134,"Jamie Foxx",0
508442,56323,"Tina Fey",1
508442,78577,"Graham Norton",2
508442,15298,"Rachel House",3
508442,8602,"Alice Braga",4
577922,1117313,"John David Washington",0
577922,11288,"Robert Pattinson",1
577922,1133349,"Elizabeth Debicki",2
577922,11181,"Kenneth Branagh",3
577922,78921,"Dimple Kapadia",4
495764,234352,"Margot Robbie",0
495764,4810,"Rosie Perez",1
495764,17628,"Mary Elizabeth Winstead",2
495764,59017,"Jurnee Smollett-Bell",3
495764,3061,"Ewan McGregor",4
454626,222121,"Ben Schwartz",0
454626,11006,"James Marsden",1
454626,110742,"Tika Sumpter",2
454626,206,"Jim Carrey",3
454626,1546282,"Natasha Rothwell",4
464052,90633,"Gal Gadot",0
464052,62064,"Chris Pine",1
464052,41091,"Kristen Wiig",2
464052,1253360,"Pedro Pascal",3
464052,32,"Robin Wright",4
38700,2888,"Will Smith",0
38700,78029,"Martin Lawrence",1
38700,67599,"Vanessa Hudgens",2
38700,23498,"Alexander Ludwig",3
38700,1907002,"Charles Melton",4
337401,122503,"Liu Yifei",0
337401,1341,"Donnie Yen",1
337401,643,"Gong Li",2
337401,1336,"Jet Li",3
337401,58319,"Jason Scott Lee",4
522627,10297,"Matthew McConaughey",0
522627,56365,"Charlie Hunnam",1
522627,70904,"Michelle Dockery",2
522627,239271,"Jeremy Strong",3
522627,45753,"Lyne Renee",4
497582,1356210,"Millie Bobby Brown",0
497582,73968,"Henry Cavill",1
497582,237455,"Sam Claflin",2
497582,1283,"Helena Bonham Carter",3
497582,1558986,"Louis Partridge",4
545609,74568,"Chris Hemsworth",0
545609,2298804,"Rudhraksh Jaiswal",1
545609,6519,"Randeep Hooda",2
545609,229932,"Golshifteh Farahani",3
545609,1179460,"Pankaj Tripathi",4
508439,1136406,"Tom Holland",0
508439,73457,"Chris Pratt",1
508439,15886,"Julia Louis-Dreyfus",2
508439,6944,"Octavia Spencer",3
508439,59675,"Mel Rodriguez",4
570670,32798,"Elisabeth Moss",0
570670,83860,"Aldis Hodge",1
570670,1344344,"Storm Reid",2
570670,76068,"Michael Dorman",3
570670,1539693,"Harriet Dyer",4
524047,17276,"Gerard Butler",0
524047,54882,"Morena Baccarin",1
524047,62562,"David Denman",2
524047,15250,"Hope Davis",3
524047,2077869,"Roger Dale Floyd",4
613504,1753914,"Josephine Langford",0
613504,1114487,"Hero Fiennes Tiffin",1
613504,95686,"Dylan Sprouse",2
613504,20805,"Louise Lombard",3
613504,147404,"Charlie Weber",4
338762,12835,"Vin Diesel",0
338762,1222992,"Eiza González",1
338762,209326,"Sam Heughan",2
338762,20286,"Toby Kebbell",3
338762,66441,"Talulah Riley",4
583083,125025,"Joey King",0
583083,2034418,"Jacob Elordi",1
583083,518627,"Joel Courtney",2
583083,21625,"Molly Ringwald",3
583083,2648891,"Taylor Zakhar Perez",4
547016,6885,"Charlize Theron",0
547016,1884703,"KiKi Layne",1
547016,91378,"Veronica Ngô",2
547016,73381,"Matthias Schoenaerts",3
547016,935235,"Marwan Kenzari",4
590223,527393,"Dylan O'Brien",0
590223,1202689,"Jessica Henwick",1
590223,12132,"Michael Rooker",2
590223,1231108,"Dan Ewing",3
590223,1767250,"Ariana Greenblatt",4
529203,2963,"Nicolas Cage",0
529203,54693,"Emma Stone",1
529203,10859,"Ryan Reynolds",2
529203,2229,"Catherine Keener",3
529203,9599,"Cloris Leachman",4
481848,3,"Harrison Ford",0
481848,221018,"Dan Stevens",1
481848,1660946,"Colin Woodell",2
481848,543261,"Karen Gillan",3
481848,78423,"Omar Sy",4
448119,3223,"Robert Downey Jr.",0
448119,1789952,"Harry Collett",1
448119,3968,"Michael Sheen",2
448119,388,"Jim Broadbent",3
448119,3131,"Antonio Banderas",4
587792,62861,"Andy Samberg",0
587792,204392,"Cristin Milioti",1
587792,18999,"J.K. Simmons",2
587792,8212,"Peter Gallagher",3
587792,449513,"Meredith Hagner",4
582014,36662,"Carey Mulligan",0
582014,115128,"Bo Burnham",1
582014,88029,"Alison Brie",2
582014,6574,"Clancy Brown",3
582014,38334,"Jennifer Coolidge",4
514847,92572,"Betty Gilpin",0
514847,448,"Hilary Swank",1
514847,824,"Ethan Suplee",2
514847,565501,"Teri Wyble",3
514847,198150,"Ike Barinholtz",4
340102,1827498,"Blu Hunt",0
340102,1448222,"Charlie Heaton",1
340102,1181313,"Maisie Williams",2
340102,1563169,"Henrique Zaga",3
340102,1397778,"Anya Taylor-Joy",4
600354,4173,"Anthony Hopkins",0
600354,39187,"Olivia Colman",1
600354,34546,"Mark Gatiss",2
600354,11616,"Olivia Williams",3
600354,17606,"Imogen Poots",4
499932,1136406,"Tom Holland",0
499932,11288,"Robert Pattinson",1
499932,137905,"Bill Skarsgård",2
499932,98522,"Riley Keough",3
499932,76512,"Jason Clarke",4
458576,63,"Milla Jovovich",0
458576,57207,"Tony Jaa",1
458576,2372,"Ron Perlman",2
458576,76126,"T.I.",3
458576,935201,"Diego Boneta",4
443791,37917,"Kristen Stewart",0
443791,1925,"Vincent Cassel",1
443791,1639848,"Mamoudou Athie",2
443791,51990,"T.J. Miller",3
443791,17487,"John Gallagher Jr.",4
516486,31,"Tom Hanks",0
516486,1115,"Stephen Graham",1
516486,1281250,"Rob Morgan",2
516486,1279814,"Josh Wiggins",3
516486,1626604,"Tom Brittney",4
556984,37632,"Eddie Redmayne",0
556984,6730,"Sacha Baron Cohen",1
556984,40900,"Mark Rylance",2
556984,24045,"Joseph Gordon-Levitt",3
556984,8924,"Frank Langella",4
605116,134,"Jamie Foxx",0
605116,24045,"Joseph Gordon-Levitt",1
605116,1676520,"Dominique Fishback",2
605116,17289,"Rodrigo Santoro",3
605116,24047,"Courtney B. Vance",4
342470,18050,"Elle Fanning",0
342470,1029934,"Justice Smith",1
342470,1253199,"Alexandra Shipp",2
342470,45651,"Kelli O'Hara",3
342470,1397605,"Lamar Johnson",4
531219,1813,"Anne Hathaway",0
531219,6944,"Octavia Spencer",1
531219,2283,"Stanley Tucci",2
531219,2241218,"Jahzir Bruno",3
531219,2632,"Chris Rock",4
400160,78798,"Tom Kenny",0
400160,34398,"Bill Fagerbakke",1
400160,70615,"Rodger Bumpass",2
400160,188229,"Mr. Lawrence",3
400160,6384,"Keanu Reeves",4
546121,34490,"Sarah Paulson",0
546121,2387518,"Kiera Allen",1
546121,60846,"Pat Healy",2
546121,1440699,"Sara Sohn",3
546121,1303813,"Erik Athavale",4
740985,6730,"Sacha Baron Cohen",0
740985,2408703,"Maria Bakalova",1
740985,31,"Tom Hanks",2
740985,1903451,"Dani Popescu",3
740985,2829921,"Manuel Vieru",4
502033,53240,"Riz Ahmed",0
502033,1173984,"Olivia Cooke",1
502033,1216195,"Paul Raci",2
502033,2287101,"Lauren Ridloff",3
502033,8789,"Mathieu Amalric",4
539885,83002,"Jessica Chastain",0
539885,6949,"John Malkovich",1
539885,4238,"Common",2
539885,72466,"Colin Farrell",3
539885,16935,"Geena Davis",4
565426,1452046,"Lana Condor",0
565426,1253353,"Noah Centineo",1
565426,1192274,"Jordan Fisher",2
565426,1683266,"Anna Cathcart",3
565426,38405,"John Corbett",4
539537,454,"Michael Peña",0
539537,21045,"Maggie Q",1
539537,205307,"Lucy Hale",2
539537,12132,"Michael Rooker",3
539537,970216,"Austin Stowell",4
457335,10980,"Daniel Radcliffe",0
457335,1372369,"Samara Weaving",1
457335,1583307,"Natasha Liu Bordizzo",2
457335,63362,"Ned Dennehy",3
457335,82666,"Rhys Darby",4
625568,934,"Russell Crowe",0
625568,1046903,"Caren Pistorius",1
625568,1352028,"Gabriel Bateman",2
625568,22125,"Jimmi Simpson",3
625568,1685880,"Austin P. McKenzie",4
581600,13240,"Mark Wahlberg",0
581600,1447932,"Winston Duke",1
581600,1903,"Alan Arkin",2
581600,96316,"Iliza Shlesinger",3
581600,33241,"Michael Gaston",4
696374,1312450,"Melanie Zanetti",0
696374,544002,"Giulio Berruti",1
696374,73659,"Kurt McKinney",2
696374,1188681,"Agnes Albright",3
696374,2595115,"Margaux Brooke",4
615665,34847,"Emma Roberts",0
615665,972356,"Luke Bracey",1
615665,52775,"Kristin Chenoweth",2
615665,3713,"Frances Fisher",3
615665,1350469,"Andrew Bachelor",4
446893,84223,"Anna Kendrick",0
446893,12111,"Justin Timberlake",1
446893,1260038,"Ron Funches",2
446893,1453801,"Rachel Bloom",3
446893,55466,"James Corden",4
500840,88124,"Jesse Plemons",0
500840,1498158,"Jessie Buckley",1
500840,3051,"Toni Collette",2
500840,11207,"David Thewlis",3
500840,19752,"Guy Boyd",4
614911,1461,"George Clooney",0
614911,72855,"Felicity Jones",1
614911,35013,"David Oyelowo",2
614911,2424535,"Caoilinn Springall",3
614911,3497,"Kyle Chandler",4
556678,1397778,"Anya Taylor-Joy",0
556678,137108,"Johnny Flynn",1
556678,1206334,"Josh O'Connor",2
556678,1371041,"Callum Turner",3
556678,1137824,"Mia Goth",4
447362,120724,"Jaden Smith",0
447362,1289968,"Cara Delevingne",1
447362,9777,"Cuba Gooding Jr.",2
447362,1260036,"Chris D'Elia",3
447362,1795840,"JT Neal",4
581032,31,"Tom Hanks",0
581032,1756490,"Helena Zengel",1
581032,1175743,"Michael Angelo Covino",2
581032,1472,"Ray McKinnon",3
581032,51544,"Mare Winningham",4
553604,3896,"Liam Neeson",0
553604,61114,"Kate Walsh",1
553604,224181,"Jai Courtney",2
553604,52886,"Jeffrey Donovan",3
553604,1560244,"Anthony Ramos",4
551804,221192,"Kathryn Newton",0
551804,4937,"Vince Vaughn",1
551804,1972881,"Celeste O'Connor",2
551804,1910668,"Misha Osherovich",3
551804,231241,"Uriah Shelton",4
623491,1538780,"Judah Lewis",0
623491,974169,"Jenna Ortega",1
623491,1223726,"Robbie Amell",2
623491,112742,"Emily Alyn Lind",3
623491,1350469,"Andrew Bachelor",4
656690,2750818,"Tristan Harris",0
656690,4485926,"Jeff Seibert",1
656690,4485928,"Bailey Richardson",2
656690,4485929,"Joe Toscano",3
656690,4485930,"Sandy Parakilas",4
614560,64,"Gary Oldman",0
614560,71070,"Amanda Seyfried",1
614560,112561,"Lily Collins",2
614560,3229,"Arliss Howard",3
614560,207442,"Tom Pelphrey",4
385103,62831,"Will Forte",0
385103,13240,"Mark Wahlberg",1
385103,11355,"Jason Isaacs",2
385103,180486,"Gina Rodriguez",3
385103,29222,"Zac Efron",4
617505,19292,"Adam Sandler",0
617505,32895,"Kevin James",1
617505,31171,"Julie Bowen",2
617505,11477,"Ray Liotta",3
617505,884,"Steve Buscemi",4
548473,2963,"Nicolas Cage",0
548473,20810,"Joely Richardson",1
548473,1463652,"Madeleine Arthur",2
548473,1344869,"Elliot Knight",3
548473,63208,"Tommy Chong",4
475430,1996905,"Ferdia Shaw",0
475430,72466,"Colin Farrell",1
475430,1726976,"Lara McDonnell",2
475430,54415,"Josh Gad",3
475430,1996906,"Tamara Smart",4
531454,53714,"Rachel McAdams",0
531454,23659,"Will Ferrell",1
531454,517,"Pierce Brosnan",2
531454,221018,"Dan Stevens",3
531454,1470911,"Jamie Demetriou",4
618344,127712,"Matt Ryan",0
618344,3035,"Jerry O'Connell",1
618344,527313,"Taissa Farmiga",2
618344,183812,"Jason O'Mara",3
618344,5916,"Rosario Dawson",4
542224,1481238,"Sophia Lillis",0
542224,2220157,"Samuel Leakey",1
542224,2506,"Alice Krige",2
542224,1196822,"Jessica De Gouw",3
542224,1500875,"Charles Babalola",4
597219,1087262,"Leah Lewis",0
597219,1710334,"Daniel Diemer",1
597219,1902797,"Alexxis Lemire",2
597219,12798,"Enrique Murciano",3
597219,1849954,"Wolfgang Novogratz",4
724089,1312450,"Melanie Zanetti",0
724089,544002,"Giulio Berruti",1
724089,2345991,"James Andrew Fraser",2
724089,2595115,"Margaux Brooke",3
724089,1188681,"Agnes Albright",4
502425,10980,"Daniel Radcliffe",0
502425,234548,"Daniel Webber",1
502425,10985,"Ian Hart",2
502425,107477,"Mark Leonard Winter",3
502425,1110143,"Nathan Page",4
664767,53828,"Jennifer Carpenter",0
664767,74949,"Joel McHale",1
664767,1231115,"Jordan Rodrigues",2
664767,939345,"Patrick Seitz",3
664767,1620226,"Ike Amadi",4
474764,98522,"Riley Keough",0
474764,1274508,"Jaeden Martell",1
474764,1791619,"Lia McHugh",2
474764,30315,"Richard Armitage",3
474764,5588,"Alicia Silverstone",4
441130,1363045,"Honor Kneafsey",0
441130,2770089,"Eva Whittaker",1
441130,48,"Sean Bean",2
441130,16358,"Simon McBurney",3
441130,107682,"Tommy Tiernan",4
592834,543530,"Dave Bautista",0
592834,1696016,"Chloe Coleman",1
592834,46773,"Parisa Fitz-Henley",2
592834,109869,"Kristen Schaal",3
592834,231,"Greg Bryk",4
560050,2168935,"Cathy Ang",0
560050,1631814,"Phillipa Soo",1
560050,2688957,"Robert G. Chiu",2
560050,83586,"Ken Jeong",3
560050,68842,"John Cho",4
522241,71580,"Benedict Cumberbatch",0
522241,17817,"Merab Ninidze",1
522241,993774,"Rachel Brosnahan",2
522241,1498158,"Jessie Buckley",3
522241,933640,"Angus Wright",4
529485,880,"Ben Affleck",0
529485,90534,"Al Madrigal",1
529485,113224,"Michaela Watkins",2
529485,210665,"Janina Gavankar",3
529485,114674,"Glynn Turman",4
641662,556356,"Vanessa Kirby",0
641662,10959,"Shia LaBeouf",1
641662,9560,"Ellen Burstyn",2
641662,235416,"Sarah Snook",3
641662,96316,"Iliza Shlesinger",4
520172,37917,"Kristen Stewart",0
520172,1110405,"Mackenzie Davis",1
520172,2453,"Mary Steenburgen",2
520172,8536,"Victor Garber",3
520172,88029,"Alison Brie",4
723072,1929090,"Haley Bishop",0
723072,1824295,"Jemma Moore",1
723072,2525892,"Emma Louise Webb",2
723072,1929091,"Radina Drandova",3
723072,1929089,"Caroline Ward",4
555974,3897,"Katie Holmes",0
555974,1960997,"Christopher Convery",1
555974,61527,"Owain Yeoman",2
555974,202032,"Ralph Ineson",3
555974,87816,"Anjali Jay",4
582596,60950,"David Spade",0
582596,591834,"Lauren Lapkus",1
582596,32907,"Nick Swardson",2
582596,25879,"Geoff Pierson",3
582596,60959,"Jackie Sandler",4
615667,19492,"Viola Davis",0
615667,172069,"Chadwick Boseman",1
615667,91671,"Colman Domingo",2
615667,114674,"Glynn Turman",3
615667,167566,"Michael Potts",4
575774,1479869,"Ṣọpẹ́ Dìrísù",0
575774,134774,"Wunmi Mosaku",1
575774,2798143,"Malaika Wakoli-Abigaba",2
575774,136532,"Matt Smith",3
575774,111090,"Javier Botet",4
531876,928572,"Scott Eastwood",0
531876,572541,"Caleb Landry Jones",1
531876,114,"Orlando Bloom",2
531876,2032852,"Ernest Cavazos",3
531876,1369329,"Taylor John Smith",4
585244,1680339,"KJ Apa",0
585244,52018,"Britt Robertson",1
585244,1067459,"Nathan Parsons",2
585244,33,"Gary Sinise",3
585244,108558,"Shania Twain",4
612706,1152083,"Sabrina Carpenter",0
612706,1700631,"Liza Koshy",1
612706,1251875,"Keiynan Lonsdale",2
612706,1475128,"Michelle Buteau",3
612706,1192274,"Jordan Fisher",4
581859,18792,"Delroy Lindo",0
581859,1674162,"Jonathan Majors",1
581859,61011,"Clarke Peters",2
581859,145113,"Norm Lewis",3
581859,17490,"Isiah Whitlock Jr.",4
505379,1016168,"Lily James",0
505379,53807,"Armie Hammer",1
505379,5470,"Kristin Scott Thomas",2
505379,22809,"Keeley Hawes",3
505379,43366,"Ann Dowd",4
654028,1696017,"Darby Camp",0
654028,6856,"Kurt Russell",1
654028,18892,"Goldie Hawn",2
654028,2241218,"Jahzir Bruno",3
654028,1538780,"Judah Lewis",4
707886,1331457,"Sofia Carson",0
707886,1849954,"Wolfgang Novogratz",1
707886,1485093,"Donna Lynne Champlin",2
707886,15029,"Enrico Colantoni",3
707886,1646611,"Dennis Andres",4
579583,1427948,"Pete Davidson",0
579583,3141,"Marisa Tomei",1
579583,109708,"Bill Burr",2
579583,1201716,"Bel Powley",3
579583,41090,"Maude Apatow",4
621013,148992,"Austin Abrams",0
621013,1136940,"Lili Reinhart",1
621013,102952,"Sarah Jones",2
621013,27545,"Bruce Altman",3
621013,440306,"Adhir Kalyan",4
549294,53650,"Anthony Mackie",0
549294,1254583,"Jamie Dornan",1
549294,221944,"Katie Aselton",2
549294,1483660,"Alexia Ioannides",3
549294,2837709,"Ramiz Monsef",4
627725,53650,"Anthony Mackie",0
627725,2231,"Samuel L. Jackson",1
627725,3292,"Nicholas Hoult",2
627725,9781,"Nia Long",3
627725,1856163,"Scott Daniel Johnson",4
501979,6384,"Keanu Reeves",0
501979,18355,"Alex Winter",1
501979,109869,"Kristen Schaal",2
501979,1372369,"Samara Weaving",3
501979,1637781,"Jack Haven",4
516632,18473,"James Badge Dale",0
516632,164094,"Marin Ireland",1
516632,1819889,"Sasha Frolova",2
516632,1096930,"Samantha Logan",3
516632,1284084,"Evan Jonigkeit",4
435615,127558,"Andrea Riseborough",0
435615,984629,"Christopher Abbott",1
435615,10431,"Jennifer Jason Leigh",2
435615,48,"Sean Bean",3
435615,89822,"Tuppence Middleton",4
425001,380,"Robert De Niro",0
425001,139,"Uma Thurman",1
425001,71403,"Rob Riggle",2
425001,1422517,"Oakes Fegley",3
425001,54722,"Laura Marano",4
761053,1312450,"Melanie Zanetti",0
761053,544002,"Giulio Berruti",1
761053,1844204,"Rhett Wellington Ramirez",2
761053,2345991,"James Andrew Fraser",3
761053,2595115,"Margaux Brooke",4
682110,590479,"Craig Foster",0
682110,3063936,"Tom Foster",1
630566,1887455,"Fin Argus",0
630566,1152083,"Sabrina Carpenter",1
630566,1597855,"Madison Iseman",2
630566,9206,"Neve Campbell",3
630566,16857,"Tom Everett Scott",4
634649,1136406,"Tom Holland",0
634649,505710,"Zendaya",1
634649,71580,"Benedict Cumberbatch",2
634649,1649152,"Jacob Batalon",3
634649,15277,"Jon Favreau",4
438631,1190668,"Timothée Chalamet",0
438631,933238,"Rebecca Ferguson",1
438631,25072,"Oscar Isaac",2
438631,117642,"Jason Momoa",3
438631,1640,"Stellan Skarsgård",4
497698,1245,"Scarlett Johansson",0
497698,1373737,"Florence Pugh",1
497698,3293,"Rachel Weisz",2
497698,35029,"David Harbour",3
497698,5538,"Ray Winstone",4
580489,2524,"Tom Hardy",0
580489,57755,"Woody Harrelson",1
580489,1812,"Michelle Williams",2
580489,2038,"Naomie Harris",3
580489,81316,"Reid Scott",4
791373,880,"Ben Affleck",0
791373,73968,"Henry Cavill",1
791373,90633,"Gal Gadot",2
791373,1313559,"Ray Fisher",3
791373,117642,"Jason Momoa",4
399566,28846,"Alexander Skarsgård",0
399566,15556,"Rebecca Hall",1
399566,2948491,"Kaylee Hottle",2
399566,226366,"Brian Tyree Henry",3
399566,1356210,"Millie Bobby Brown",4
566525,1489211,"Simu Liu",0
566525,1337,"Tony Leung Chiu-wai",1
566525,1625558,"Awkwafina",2
566525,2282,"Ben Kingsley",3
566525,2979464,"Zhang Meng'er",4
568124,968367,"Stephanie Beatriz",0
568124,2521631,"María Cecilia Botero",1
568124,5723,"John Leguizamo",2
568124,3150235,"Mauro Castillo",3
568124,2489411,"Jess Darrow",4
337404,54693,"Emma Stone",0
337404,7056,"Emma Thompson",1
337404,54811,"Joel Fry",2
337404,1294982,"Paul Walter Hauser",3
337404,1819918,"John McCrea",4
550988,10859,"Ryan Reynolds",0
550988,1388593,"Jodie Comer",1
550988,1488961,"Lil Rel Howery",2
550988,1467219,"Joe Keery",3
550988,929511,"Utkarsh Ambudkar",4
436969,234352,"Margot Robbie",0
436969,17605,"Idris Elba",1
436969,56446,"John Cena",2
436969,92404,"Joel Kinnaman",3
436969,16483,"Sylvester Stallone",4
646380,6193,"Leonardo DiCaprio",0
646380,72129,"Jennifer Lawrence",1
646380,5064,"Meryl Streep",2
646380,112,"Cate Blanchett",3
646380,1281250,"Rob Morgan",4
524434,97576,"Gemma Chan",0
524434,512991,"Richard Madden",1
524434,11701,"Angelina Jolie",2
524434,3136,"Salma Hayek Pinault",3
524434,466505,"Kumail Nanjiani",4
508943,1277188,"Jacob Tremblay",0
508943,1774679,"Jack Dylan Grazer",1
508943,2990400,"Emma Berman",2
508943,1874693,"Saverio Raimondo",3
508943,52792,"Maya Rudolph",4
615457,59410,"Bob Odenkirk",0
615457,113332,"Aleksey Serebryakov",1
615457,935,"Connie Nielsen",2
615457,1062,"Christopher Lloyd",3
615457,11086,"Michael Ironside",4
385128,12835,"Vin Diesel",0
385128,17647,"Michelle Rodriguez",1
385128,8169,"Tyrese Gibson",2
385128,8171,"Ludacris",3
385128,56446,"John Cena",4
520763,5081,"Emily Blunt",0
520763,17697,"John Krasinski",1
520763,1815539,"Millicent Simmonds",2
520763,1590759,"Noah Jupe",3
520763,2037,"Cillian Murphy",4
527774,1663195,"Kelly Marie Tran",0
527774,1625558,"Awkwafina",1
527774,97576,"Gemma Chan",2
527774,21088,"Alan Tudyk",3
527774,2362044,"Izaac Wang",4
370172,8784,"Daniel Craig",0
370172,121529,"Léa Seydoux",1
370172,17838,"Rami Malek",2
370172,1360281,"Lashana Lynch",3
370172,5469,"Ralph Fiennes",4
460465,1610940,"Lewis Tan",0
460465,136347,"Jessica McNamee",1
460465,51684,"Mehcad Brooks",2
460465,189230,"Josh Lawson",3
460465,1525689,"Ludi Lin",4
624860,6384,"Keanu Reeves",0
624860,530,"Carrie-Anne Moss",1
624860,1639847,"Yahya Abdul-Mateen II",2
624860,221611,"Jonathan Groff",3
624860,1202689,"Jessica Henwick",4
423108,21657,"Vera Farmiga",0
423108,17178,"Patrick Wilson",1
423108,1186840,"Sterling Jerins",2
423108,2485582,"Sarah Catherine Hook",3
423108,1731961,"Ruairí O'Connor",4
512195,18918,"Dwayne Johnson",0
512195,10859,"Ryan Reynolds",1
512195,90633,"Gal Gadot",2
512195,1742596,"Ritu Arya",3
512195,1217648,"Chris Diamantopoulos",4
637649,976,"Jason Statham",0
637649,7497,"Holt McCallany",1
637649,1629429,"Rocci Williams",2
637649,2299,"Josh Hartnett",3
637649,52886,"Jeffrey Donovan",4
451048,18918,"Dwayne Johnson",0
451048,5081,"Emily Blunt",1
451048,25616,"Edgar Ramírez",2
451048,212285,"Jack Whitehall",3
451048,88124,"Jesse Plemons",4
425909,1172108,"Mckenna Grace",0
425909,1442069,"Finn Wolfhard",1
425909,1308445,"Carrie Coon",2
425909,22226,"Paul Rudd",3
425909,2357412,"Logan Kim",4
476669,5469,"Ralph Fiennes",0
476669,59620,"Gemma Arterton",1
476669,7026,"Rhys Ifans",2
476669,1247,"Matthew Goode",3
476669,2441,"Tom Hollander",4
631843,258,"Gael García Bernal",0
631843,1080195,"Vicky Krieps",1
631843,17328,"Rufus Sewell",2
631843,934281,"Alex Wolff",3
631843,1356758,"Thomasin McKenzie",4
438695,10297,"Matthew McConaughey",0
438695,368,"Reese Witherspoon",1
438695,1245,"Scarlett Johansson",2
438695,1303037,"Taron Egerton",3
438695,21127,"Bobby Cannavale",4
503736,543530,"Dave Bautista",0
503736,989325,"Ella Purnell",1
503736,41556,"Omari Hardwick",2
503736,57409,"Ana de la Reguera",3
503736,51995,"Theo Rossi",4
588228,73457,"Chris Pratt",0
588228,63312,"Yvonne Strahovski",1
588228,18999,"J.K. Simmons",2
588228,92572,"Betty Gilpin",3
588228,1429453,"Sam Richardson",4
379686,107379,"LeBron James",0
379686,1896,"Don Cheadle",1
379686,2998402,"Cedric Joe",2
379686,179896,"Jeff Bergman",3
379686,86498,"Gabriel Iglesias",4
522402,31,"Tom Hanks",0
522402,572541,"Caleb Landry Jones",1
522402,1457107,"Oscar Avila",2
522402,1151637,"Lora Martinez-Cunningham",3
522402,1912057,"Marie Wagenman",4
576845,1356758,"Thomasin McKenzie",0
576845,1397778,"Anya Taylor-Joy",1
576845,136532,"Matt Smith",2
576845,47754,"Rita Tushingham",3
576845,1672687,"Michael Ajao",4
617653,1892,"Matt Damon",0
617653,1023139,"Adam Driver",1
617653,1388593,"Jodie Comer",2
617653,880,"Ben Affleck",3
617653,17477,"Harriet Walter",4
644495,237405,"Lady Gaga",0
644495,1023139,"Adam Driver",1
644495,1158,"Al Pacino",2
644495,16940,"Jeremy Irons",3
644495,7499,"Jared Leto",4
501929,1325731,"Abbi Jacobson",0
501929,62862,"Danny McBride",1
501929,52792,"Maya Rudolph",2
501929,1647289,"Mike Rianda",3
501929,934159,"Eric Andre",4
597208,51329,"Bradley Cooper",0
597208,112,"Cate Blanchett",1
597208,3051,"Toni Collette",2
597208,5293,"Willem Dafoe",3
597208,28633,"Richard Jenkins",4
581734,3910,"Frances McDormand",0
581734,11064,"David Strathairn",1
581734,2241214,"Linda May",2
581734,2776341,"Swankie",3
581734,2786070,"Gay DeForest",4
567748,131,"Jake Gyllenhaal",0
567748,569,"Ethan Hawke",1
567748,98522,"Riley Keough",2
567748,133,"Peter Sarsgaard",3
567748,61904,"Christina Vidal Mitchell",4
542178,1121,"Benicio del Toro",0
542178,3490,"Adrien Brody",1
542178,3063,"Tilda Swinton",2
542178,121529,"Léa Seydoux",3
542178,3910,"Frances McDormand",4
601666,10882,"Rosamund Pike",0
601666,22970,"Peter Dinklage",1
601666,1222992,"Eiza González",2
601666,1902,"Dianne Wiest",3
601666,61659,"Chris Messina",4
600583,71580,"Benedict Cumberbatch",0
600583,113505,"Kodi Smit-McPhee",1
600583,205,"Kirsten Dunst",2
600583,88124,"Jesse Plemons",3
600583,1356758,"Thomasin McKenzie",4
610253,8944,"Jamie Lee Curtis",0
610253,20750,"Judy Greer",1
610253,1511997,"Andi Matichak",2
610253,1267684,"James Jude Courtney",3
610253,14692,"Nick Castle",4
602269,5292,"Denzel Washington",0
602269,17838,"Rami Malek",1
602269,7499,"Jared Leto",2
602269,4445,"Chris Bauer",3
602269,61084,"Michael Hyatt",4
614917,2888,"Will Smith",0
614917,53923,"Aunjanue Ellis-Taylor",1
614917,1607523,"Saniyya Sidney",2
614917,2214765,"Demi Singleton",3
614917,19498,"Jon Bernthal",4
482373,32747,"Stephen Lang",0
482373,2396546,"Madelyn Grace",1
482373,2839,"Brendan Sexton III",2
482373,2223768,"Adam Young",3
482373,1629429,"Rocci Williams",4
460458,115150,"Kaya Scodelario",0
460458,1408809,"Hannah John-Kamen",1
460458,1223726,"Robbie Amell",2
460458,1017294,"Tom Hopper",3
460458,212934,"Avan Jogia",4
567189,135651,"Michael B. Jordan",0
567189,478,"Jamie Bell",1
567189,529,"Guy Pearce",2
567189,1695989,"Jodie Turner-Smith",3
567189,98772,"Lauren London",4
718032,1741367,"Alana Haim",0
718032,2764542,"Cooper Hoffman",1
718032,2228,"Sean Penn",2
718032,2887,"Tom Waits",3
718032,51329,"Bradley Cooper",4
744275,1753914,"Josephine Langford",0
744275,1114487,"Hero Fiennes Tiffin",1
744275,86653,"Carter Jenkins",2
744275,20805,"Louise Lombard",3
744275,2035329,"Chance Perdomo",4
591273,142115,"Kiana Madeira",0
591273,1547061,"Olivia Scott Welch",1
591273,1335308,"Benjamin Flores Jr.",2
591273,2280510,"Julia Rehwald",3
591273,2099497,"Fred Hechinger",4
619778,82809,"Annabelle Wallis",0
619778,593202,"Maddie Hasson",1
619778,1622199,"George Young",2
619778,536271,"Michole Briana White",3
619778,62547,"Susanna Thompson",4
602223,57409,"Ana de la Reguera",0
602223,6164,"Josh Lucas",1
602223,2098451,"Willow Beuoy",2
602223,207401,"Leven Rambin",3
602223,883,"Will Patton",4
776503,1331023,"Emilia Jones",0
776503,19797,"Marlee Matlin",1
776503,1571661,"Troy Kotsur",2
776503,239574,"Eugenio Derbez",3
776503,1539216,"Ferdia Walsh-Peelo",4
459151,11006,"James Marsden",0
459151,7447,"Alec Baldwin",1
459151,12110,"Amy Sedaris",2
459151,1767250,"Ariana Greenblatt",3
459151,4785,"Jeff Goldblum",4
522931,10859,"Ryan Reynolds",0
522931,2231,"Samuel L. Jackson",1
522931,3136,"Salma Hayek Pinault",2
522931,3131,"Antonio Banderas",3
522931,192,"Morgan Freeman",4
412656,1136406,"Tom Holland",0
412656,1315036,"Daisy Ridley",1
412656,1019,"Mads Mikkelsen",2
412656,76961,"Demián Bichir",3
412656,35013,"David Oyelowo",4
587807,56734,"Chloë Grace Moretz",0
587807,454,"Michael Peña",1
587807,1226277,"Colin Jost",2
587807,1091324,"Rob Delaney",3
587807,83586,"Ken Jeong",4
484718,776,"Eddie Murphy",0
484718,44994,"Arsenio Hall",1
484718,1488960,"Jermaine Fowler",2
484718,168452,"Leslie Jones",3
484718,56903,"Tracy Morgan",4
602734,2632,"Chris Rock",0
602734,2978,"Max Minghella",1
602734,2231,"Samuel L. Jackson",2
602734,84457,"Marisol Nichols",3
602734,166518,"Dan Petronijevic",4
537116,37625,"Andrew Garfield",0
537116,1253199,"Alexandra Shipp",1
537116,110505,"Robin de Jesús",2
537116,1518933,"Michaela Jaé Rodriguez",3
537116,131362,"Ben Levi Ross",4
585216,1353827,"Taylor Russell",0
585216,116088,"Logan Miller",1
585216,1789788,"Lillah Indya Moore",2
585216,208782,"Holland Roden",3
585216,1263515,"Thomas Cocquerel",4
796499,16808,"Matthias Schweighöfer",0
796499,1251069,"Nathalie Emmanuel",1
796499,229396,"Ruby O. Fee",2
796499,1403559,"Stuart Martin",3
796499,2037501,"Guz Khan",4
591274,1590797,"Sadie Sink",0
591274,1568101,"Emily Rudd",1
591274,35027,"Ryan Simpkins",2
591274,1939736,"McCabe Slye",3
591274,94098,"Gillian Jacobs",4
559907,76788,"Dev Patel",0
559907,227454,"Alicia Vikander",1
559907,33192,"Joel Edgerton",2
559907,20275,"Sarita Choudhury",3
559907,16702,"Sean Harris",4
632357,47296,"Jeffrey Dean Morgan",0
632357,2067034,"Cricket Brown",1
632357,6573,"William Sadler",2
632357,221944,"Katie Aselton",3
632357,2130,"Cary Elwes",4
581726,13240,"Mark Wahlberg",0
581726,5294,"Chiwetel Ejiofor",1
581726,1282054,"Sophie Cookson",2
581726,111683,"Jason Mantzoukas",3
581726,36669,"Rupert Friend",4
520663,9273,"Amy Adams",0
520663,64,"Gary Oldman",1
520663,53650,"Anthony Mackie",2
520663,2099497,"Fred Hechinger",3
520663,986808,"Wyatt Russell",4
645886,18277,"Sandra Bullock",0
645886,19492,"Viola Davis",1
645886,7132,"Vincent D'Onofrio",2
645886,19498,"Jon Bernthal",3
645886,19576,"Richard Thomas",4
614409,1452046,"Lana Condor",0
614409,1253353,"Noah Centineo",1
614409,93377,"Janel Parrish",2
614409,1683266,"Anna Cathcart",3
614409,1299232,"Ross Butler",4
482321,1774679,"Jack Dylan Grazer",0
482321,58225,"Zach Galifianakis",1
482321,27105,"Ed Helms",2
482321,39187,"Olivia Colman",3
482321,1091324,"Rob Delaney",4
591275,142115,"Kiana Madeira",0
591275,1335308,"Benjamin Flores Jr.",1
591275,1547061,"Olivia Scott Welch",2
591275,219960,"Ashley Zukerman",3
591275,1307543,"Darrell Britt-Gibson",4
727745,125025,"Joey King",0
727745,518627,"Joel Courtney",1
727745,2034418,"Jacob Elordi",2
727745,21625,"Molly Ringwald",3
727745,2648891,"Taylor Zakhar Perez",4
513310,81685,"Frank Grillo",0
513310,2461,"Mel Gibson",1
513310,3489,"Naomi Watts",2
513310,39125,"Will Sasso",3
513310,82809,"Annabelle Wallis",4
579047,6968,"Hugh Jackman",0
579047,933238,"Rebecca Ferguson",1
579047,9030,"Thandiwe Newton",2
579047,7248,"Cliff Curtis",3
579047,78883,"Marina de Tavira",4
775996,53650,"Anthony Mackie",0
775996,1837297,"Damson Idris",1
775996,91494,"Enzo Cilenti",2
775996,130414,"Emily Beecham",3
775996,50217,"Michael Kelly",4
458220,12111,"Justin Timberlake",0
458220,2897867,"Ryder Allen",1
458220,36594,"Juno Temple",2
458220,1519512,"Alisha Wainwright",3
458220,35515,"June Squibb",4
646207,3896,"Liam Neeson",0
646207,1654001,"Amber Midthunder",1
646207,55174,"Marcus Thomas",2
646207,7497,"Holt McCallany",3
646207,2975,"Laurence Fishburne",4
615643,215055,"Steven Yeun",0
615643,1057068,"Han Ye-ri",1
615643,1080935,"Youn Yuh-jung",2
615643,883,"Will Patton",3
615643,2476742,"Alan Kim",4
578701,11701,"Angelina Jolie",0
578701,1980651,"Finn Little",1
578701,19498,"Jon Bernthal",2
578701,3292,"Nicholas Hoult",3
578701,49735,"Aidan Gillen",4
716612,37917,"Kristen Stewart",0
716612,9191,"Timothy Spall",1
716612,3262411,"Jack Nielen",2
716612,3262412,"Freddie Spry",3
716612,1287084,"Jack Farthing",4
585245,1696017,"Darby Camp",0
585245,212285,"Jack Whitehall",1
585245,2362044,"Izaac Wang",2
585245,8930,"John Cleese",3
585245,7055,"Sienna Guillory",4
511809,1159982,"Ansel Elgort",0
511809,2217977,"Rachel Zegler",1
511809,1437491,"Ariana DeBose",2
511809,2225865,"David Alvarez",3
511809,1423520,"Mike Faist",4
565028,1639847,"Yahya Abdul-Mateen II",0
565028,970219,"Teyonah Parris",1
565028,91671,"Colman Domingo",2
565028,221980,"Nathan Stewart-Jarrett",3
565028,2393781,"Kyle Kaminsky",4
635731,2963,"Nicolas Cage",0
635731,934281,"Alex Wolff",1
635731,55257,"Adam Arkin",2
635731,3125984,"Nina Belforte",3
635731,79734,"Gretchen Corbett",4
634528,3896,"Liam Neeson",0
634528,2419575,"Jacob Perez",1
634528,26723,"Katheryn Winnick",2
634528,589722,"Teresa Ruiz",3
634528,2133918,"Sean A. Rosales",4
597891,17628,"Mary Elizabeth Winstead",0
597891,2417570,"Miku Martineau",1
597891,57755,"Woody Harrelson",2
597891,13275,"Tadanobu Asano",3
597891,2541,"Jun Kunimura",4
568620,1807132,"Henry Golding",0
568620,1658375,"Andrew Koji",1
568620,1168128,"Haruka Abe",2
568620,1042728,"Úrsula Corberó",3
568620,1372369,"Samara Weaving",4
583406,206919,"Daniel Kaluuya",0
583406,1200864,"LaKeith Stanfield",1
583406,88124,"Jesse Plemons",2
583406,1676520,"Dominique Fishback",3
583406,1152019,"Ashton Sanders",4
777270,3232669,"Jude Hill",0
777270,1254583,"Jamie Dornan",1
777270,147056,"Caitríona Balfe",2
777270,3065081,"Lewis McAskie",3
777270,5309,"Judi Dench",4
734265,19961,"Nina Dobrev",0
734265,1468779,"Jimmy O. Yang",1
734265,2000335,"Darren Barnet",2
734265,77155,"James Saito",3
734265,88168,"Rebecca Staab",4
607259,55638,"Kevin Hart",0
607259,2331360,"Melody Hurd",1
607259,1981,"Alfre Woodard",2
607259,206425,"DeWanda Wise",3
607259,1488961,"Lil Rel Howery",4
550205,447244,"Jimmy Wong",0
550205,68842,"John Cho",1
550205,206444,"Constance Wu",2
550205,1583307,"Natasha Liu Bordizzo",3
550205,1468779,"Jimmy O. Yang",4
347626,2773990,"Addison Rae",0
347626,1130555,"Tanner Buchanan",1
347626,74929,"Madison Pettis",2
347626,38581,"Rachael Leigh Cook",3
347626,26457,"Matthew Lillard",4
593910,1911673,"Camila Cabello",0
593910,1425934,"Nicholas Galitzine",1
593910,19394,"Idina Menzel",2
593910,517,"Pierce Brosnan",3
593910,6613,"Minnie Driver",4
722913,1117313,"John David Washington",0
722913,505710,"Zendaya",1
616651,1892,"Matt Damon",0
616651,1348474,"Camille Cottin",1
616651,17140,"Abigail Breslin",2
616651,3101528,"Lilou Siauvaud",3
616651,204271,"Deanna Dunagan",4
639721,25072,"Oscar Isaac",0
639721,6885,"Charlize Theron",1
639721,56734,"Chloë Grace Moretz",2
639721,2532098,"Javon Walton",3
639721,208519,"Nick Kroll",4
617502,3967,"Kate Beckinsale",0
617502,2283,"Stanley Tucci",1
617502,21127,"Bobby Cannavale",2
617502,224181,"Jai Courtney",3
617502,1298360,"Laverne Cox",4
76600,65731,"Sam Worthington",0
76600,8691,"Zoe Saldaña",1
76600,10205,"Sigourney Weaver",2
76600,32747,"Stephen Lang",3
76600,204,"Kate Winslet",4
414906,11288,"Robert Pattinson",0
414906,37153,"Zoë Kravitz",1
414906,2954,"Jeffrey Wright",2
414906,72466,"Colin Farrell",3
414906,17142,"Paul Dano",4
361743,500,"Tom Cruise",0
361743,996701,"Miles Teller",1
361743,6161,"Jennifer Connelly",2
361743,1241330,"Bashir Salahuddin",3
361743,65717,"Jon Hamm",4
453395,71580,"Benedict Cumberbatch",0
453395,1912381,"Xochitl Gomez",1
453395,550843,"Elizabeth Olsen",2
453395,5294,"Chiwetel Ejiofor",3
453395,30082,"Benedict Wong",4
315162,3131,"Antonio Banderas",0
315162,3136,"Salma Hayek Pinault",1
315162,210172,"Harvey Guillén",2
315162,52583,"Wagner Moura",3
315162,1373737,"Florence Pugh",4
616037,74568,"Chris Hemsworth",0
616037,524,"Natalie Portman",1
616037,3894,"Christian Bale",2
616037,62561,"Tessa Thompson",3
616037,55934,"Taika Waititi",4
545611,1620,"Michelle Yeoh",0
545611,1381186,"Stephanie Hsu",1
545611,690,"Ke Huy Quan",2
545611,20904,"James Hong",3
545611,8944,"Jamie Lee Curtis",4
766507,1654001,"Amber Midthunder",0
766507,3675371,"Dakota Beavers",1
766507,87126,"Michelle Thrush",2
766507,3316731,"Stormee Kipp",3
766507,1061054,"Julian Black Antelope",4
718930,287,"Brad Pitt",0
718930,125025,"Joey King",1
718930,27428,"Aaron Taylor-Johnson",2
718930,226366,"Brian Tyree Henry",3
718930,1658375,"Andrew Koji",4
505642,1083010,"Letitia Wright",0
505642,87265,"Tenoch Huerta Mejía",1
505642,1267329,"Lupita Nyong'o",2
505642,82104,"Danai Gurira",3
505642,1447932,"Winston Duke",4
507086,73457,"Chris Pratt",0
507086,18997,"Bryce Dallas Howard",1
507086,4784,"Laura Dern",2
507086,4783,"Sam Neill",3
507086,4785,"Jeff Goldblum",4
436270,18918,"Dwayne Johnson",0
436270,83860,"Aldis Hodge",1
436270,1253353,"Noah Centineo",2
436270,164945,"Sarah Shahi",3
436270,2042690,"Quintessa Swindell",4
661374,8784,"Daniel Craig",0
661374,819,"Edward Norton",1
661374,1005852,"Janelle Monáe",2
661374,17696,"Kathryn Hahn",3
661374,1254614,"Leslie Odom Jr.",4
335787,1136406,"Tom Holland",0
335787,13240,"Mark Wahlberg",1
335787,1163789,"Sophia Ali",2
335787,1859934,"Tati Gabrielle",3
335787,3131,"Antonio Banderas",4
593643,1397778,"Anya Taylor-Joy",0
593643,5469,"Ralph Fiennes",1
593643,3292,"Nicholas Hoult",2
593643,47627,"Janet McTeer",3
593643,17342,"Paul Adelstein",4
756999,2803710,"Mason Thames",0
756999,1530558,"Madeleine McGraw",1
756999,569,"Ethan Hawke",2
756999,4654,"Jeremy Davies",3
756999,41020,"E. Roger Mitchell",4
508947,3156344,"Rosalie Chiang",0
508947,25540,"Sandra Oh",1
508947,1373681,"Ava Morse",2
508947,2719558,"Hyein Park",3
508947,2602879,"Maitreyi Ramakrishnan",4
675353,222121,"Ben Schwartz",0
675353,11006,"James Marsden",1
675353,110742,"Tika Sumpter",2
675353,1212864,"Colleen O'Shaughnessey",3
675353,17605,"Idris Elba",4
639933,28846,"Alexander Skarsgård",0
639933,2227,"Nicole Kidman",1
639933,150802,"Claes Bang",2
639933,569,"Ethan Hawke",3
639933,1397778,"Anya Taylor-Joy",4
338953,37632,"Eddie Redmayne",0
338953,9642,"Jude Law",1
338953,1019,"Mads Mikkelsen",2
338953,132157,"Ezra Miller",3
338953,58873,"Dan Fogler",4
762504,206919,"Daniel Kaluuya",0
762504,74688,"Keke Palmer",1
762504,1602972,"Brandon Perea",2
762504,7486,"Michael Wincott",3
762504,215055,"Steven Yeun",4
696806,10859,"Ryan Reynolds",0
696806,2867506,"Walker Scobell",1
696806,103,"Mark Ruffalo",2
696806,9278,"Jennifer Garner",3
696806,8691,"Zoe Saldaña",4
536554,1255540,"Allison Williams",0
536554,2131391,"Violet McGraw",1
536554,3444018,"Amie Donald",2
536554,2043430,"Jenna Davis",3
536554,1319469,"Ronny Chieng",4
526896,7499,"Jared Leto",0
526896,136532,"Matt Smith",1
526896,1371297,"Adria Arjona",2
526896,15440,"Jared Harris",3
526896,8169,"Tyrese Gibson",4
785084,18269,"Brendan Fraser",0
785084,1590797,"Sadie Sink",1
785084,17181,"Ty Simpkins",2
785084,1360317,"Hong Chau",3
785084,2206,"Samantha Morton",4
985939,54633,"Grace Caroline Currey",0
985939,1279279,"Virginia Gardner",1
985939,2174509,"Mason Gooding",2
985939,47296,"Jeffrey Dean Morgan",3
985939,945542,"Jasper Cole",4
725201,30614,"Ryan Gosling",0
725201,16828,"Chris Evans",1
725201,224513,"Ana de Armas",2
725201,879,"Billy Bob Thornton",3
725201,1202689,"Jessica Henwick",4
505026,11181,"Kenneth Branagh",0
505026,1364004,"Tom Bateman",1
505026,516,"Annette Bening",2
505026,59919,"Russell Brand",3
505026,492791,"Ali Fazal",4
882598,1396124,"Sosie Bacon",0
882598,59219,"Kyle Gallner",1
882598,198847,"Jessie T. Usher",2
882598,79087,"Robin Weigert",3
882598,145245,"Caitlin Stasey",4
438148,4495,"Steve Carell",0
438148,124747,"Pierre Coffin",1
438148,1903,"Alan Arkin",2
438148,40036,"Taraji P. Henson",3
438148,1620,"Michelle Yeoh",4
760104,1137824,"Mia Goth",0
760104,974169,"Jenna Ortega",1
760104,29221,"Brittany Snow",2
760104,484359,"Kid Cudi",3
760104,26291,"Martin Henderson",4
752623,18277,"Sandra Bullock",0
752623,38673,"Channing Tatum",1
752623,10980,"Daniel Radcliffe",2
752623,1180099,"Da'Vine Joy Randolph",3
752623,287,"Brad Pitt",4
614934,86654,"Austin Butler",0
614934,31,"Tom Hanks",1
614934,1385063,"Olivia DeJonge",2
614934,94876,"Helen Thomson",3
614934,12206,"Richard Roxburgh",4
646385,1373659,"Melissa Barrera",0
646385,974169,"Jenna Ortega",1
646385,2174509,"Mason Gooding",2
646385,1508653,"Jasmin Savoy Brown",3
646385,1030513,"Jack Quaid",4
718789,16828,"Chris Evans",0
718789,74688,"Keke Palmer",1
718789,21198,"Peter Sohn",2
718789,55934,"Taika Waititi",3
718789,1102500,"Dale Soules",4
615777,1413390,"Diego Calva",0
615777,234352,"Margot Robbie",1
615777,287,"Brad Pitt",2
615777,1607522,"Jovan Adepo",3
615777,5376,"Jean Smart",4
406759,4587,"Halle Berry",0
406759,17178,"Patrick Wilson",1
406759,1010135,"John Bradley",2
406759,1440574,"Charlie Plummer",3
406759,2225985,"Kelly Yu",4
937278,31,"Tom Hanks",0
937278,1309844,"Mariana Treviño",1
937278,1286537,"Cameron Britton",2
937278,2797317,"Mack Bayda",3
937278,1168097,"Manuel Garcia-Rulfo",4
913290,1335315,"Georgina Campbell",0
913290,15033,"Justin Long",1
913290,137905,"Bill Skarsgård",2
913290,3901,"Richard Brake",3
913290,1446860,"Matthew Patrick Davis",4
899082,10980,"Daniel Radcliffe",0
899082,10989,"Rupert Grint",1
899082,10990,"Emma Watson",2
899082,10991,"Bonnie Wright",3
899082,96841,"Matthew Lewis",4
674324,72466,"Colin Farrell",0
674324,2039,"Brendan Gleeson",1
674324,62105,"Kerry Condon",2
674324,1290466,"Barry Keoghan",3
674324,93209,"Gary Lydon",4
555604,3061,"Ewan McGregor",0
555604,11180,"David Bradley",1
555604,2099810,"Gregory Mann",2
555604,39659,"Burn Gorman",3
555604,2372,"Ron Perlman",4
829280,1356210,"Millie Bobby Brown",0
829280,73968,"Henry Cavill",1
829280,11207,"David Thewlis",2
829280,1558986,"Louis Partridge",3
829280,1531926,"Susan Wokoma",4
585083,62861,"Andy Samberg",0
585083,77948,"Selena Gomez",1
585083,17696,"Kathryn Hahn",2
585083,84407,"Jim Gaffigan",3
585083,884,"Steve Buscemi",4
619730,1373737,"Florence Pugh",0
619730,1052109,"Harry Styles",1
619730,62064,"Chris Pine",2
619730,59315,"Olivia Wilde",3
619730,1884703,"KiKi Layne",4
497828,1716493,"Harris Dickinson",0
497828,1187068,"Charlbi Dean",1
497828,1513304,"Dolly de Leon",2
497828,57755,"Woody Harrelson",3
497828,31960,"Zlatko Burić",4
762975,1331457,"Sofia Carson",0
762975,1425934,"Nicholas Galitzine",1
762975,1382755,"John Harlan Kim",2
762975,1643043,"Chosen Jacobs",3
762975,1496755,"Anthony Ippolito",4
705861,19292,"Adam Sandler",0
705861,15758,"Queen Latifah",1
705861,2822959,"Juancho Hernangómez",2
705861,11107,"Ben Foster",3
705861,267116,"Kenny Smith",4
804095,1812,"Michelle Williams",0
804095,17142,"Paul Dano",1
804095,19274,"Seth Rogen",2
804095,1476330,"Gabriel LaBelle",3
804095,3731015,"Mateo Zoryan Francis-DeFord",4
949423,1137824,"Mia Goth",0
949423,1785590,"David Corenswet",1
949423,33310,"Tandi Wright",2
949423,67119,"Matthew Sunderland",3
949423,3556657,"Emma Jenkins-Purro",4
629542,6807,"Sam Rockwell",0
629542,1231717,"Marc Maron",1
629542,1625558,"Awkwafina",2
629542,64342,"Craig Robinson",3
629542,1560244,"Anthony Ramos",4
899112,35029,"David Harbour",0
899112,5723,"John Leguizamo",1
899112,821,"Beverly D'Angelo",2
899112,178634,"Alex Hassell",3
899112,2273501,"Alexis Louder",4
648579,2963,"Nicolas Cage",0
648579,1253360,"Pedro Pascal",1
648579,21676,"Sharon Horgan",2
648579,198150,"Ike Barinholtz",3
648579,145326,"Alessandra Mastronardi",4
663712,1882502,"Lauren LaVera",0
663712,1880016,"David Howard Thornton",1
663712,2787720,"Elliott Fullam",2
663712,3383606,"Sarah Voigt",3
663712,3790695,"Kailey Hyman",4
763285,131,"Jake Gyllenhaal",0
763285,1639847,"Yahya Abdul-Mateen II",1
763285,1222992,"Eiza González",2
763285,39520,"Garret Dillahunt",3
763285,39213,"Keir O'Donnell",4
774752,73457,"Chris Pratt",0
774752,543530,"Dave Bautista",1
774752,543261,"Karen Gillan",2
774752,139820,"Pom Klementieff",3
774752,12835,"Vin Diesel",4
724495,19492,"Viola Davis",0
724495,2286339,"Thuso Mbedu",1
724495,1360281,"Lashana Lynch",2
724495,1851642,"Sheila Atim",3
724495,236695,"John Boyega",4
682507,2230991,"Daisy Edgar-Jones",0
682507,1369329,"Taylor John Smith",1
682507,1716493,"Harris Dickinson",2
682507,11064,"David Strathairn",3
682507,61084,"Michael Hyatt",4
760161,77517,"Isabelle Fuhrman",0
760161,12041,"Julia Stiles",1
760161,58014,"Rossif Sutherland",2
760161,60719,"Hiro Kanagawa",3
760161,2563029,"Matthew Finlan",4
755566,134,"Jamie Foxx",0
755566,54697,"Dave Franco",1
755566,1583307,"Natasha Liu Bordizzo",2
755566,22122,"Meagan Good",3
755566,2796490,"Zion Broadnax",4
800815,3894,"Christian Bale",0
800815,10982,"Harry Melling",1
800815,86232,"Lucy Boynton",2
800815,13014,"Toby Jones",3
800815,16358,"Simon McBurney",4
629176,2532098,"Javon Walton",0
629176,16483,"Sylvester Stallone",1
629176,1026947,"Dascha Polanco",2
629176,57412,"Moisés Arias",3
629176,90060,"Pilou Asbæk",4
585511,1684452,"Eva Noblezada",0
585511,11108,"Simon Pegg",1
585511,6352,"Jane Fonda",2
585511,2395,"Whoopi Goldberg",3
585511,235767,"Colin O'Donoghue",4
616820,8944,"Jamie Lee Curtis",0
616820,1511997,"Andi Matichak",1
616820,1267684,"James Jude Courtney",2
616820,1196041,"Rohan Campbell",3
616820,883,"Will Patton",4
965150,2326151,"Paul Mescal",0
965150,3515419,"Frankie Corio",1
965150,3635399,"Brooklyn Toulson",2
965150,1290029,"Celia Rowlson-Hall",3
965150,1514178,"Sally Messham",4
787752,2230991,"Daisy Edgar-Jones",0
787752,60898,"Sebastian Stan",1
787752,2135069,"Jojo T. Gibbs",2
787752,1021684,"Charlotte Le Bon",3
787752,1030512,"Dayo Okeniyi",4
664469,3894,"Christian Bale",0
664469,234352,"Margot Robbie",1
664469,1117313,"John David Washington",2
664469,4941,"Alessandro Nivola",3
664469,127558,"Andrea Riseborough",4
774825,11108,"Simon Pegg",0
774825,1240645,"Vincent Tong",1
774825,3332754,"Aaron Harris",2
774825,929511,"Utkarsh Ambudkar",3
774825,95517,"Justina Machado",4
642885,73931,"Bette Midler",0
642885,520,"Sarah Jessica Parker",1
642885,11074,"Kathy Najimy",2
642885,1842860,"Whitney Peak",3
642885,2381442,"Belissa Escobedo",4
760741,17605,"Idris Elba",0
760741,1438277,"Leah Sava Jeffries",1
760741,1877835,"Iyana Halley",2
760741,82191,"Sharlto Copley",3
760741,2073065,"Martin Munro",4
615469,74568,"Chris Hemsworth",0
615469,996701,"Miles Teller",1
615469,59017,"Jurnee Smollett-Bell",2
615469,3085653,"Mark Paguio",3
615469,1057485,"Tess Haubrich",4
626735,38673,"Channing Tatum",0
626735,3376396,"Aavi Haas",1
626735,2092052,"Ryder McLaughlin",2
626735,1387665,"Luke Forbes",3
626735,3255984,"Darren Keilan",4
560057,1372,"Karl Urban",0
560057,2127280,"Zaris-Angel Hator",1
560057,15440,"Jared Harris",2
560057,17352,"Marianne Jean-Baptiste",3
560057,3463959,"Benjamin Plessala",4
532639,24045,"Joseph Gordon-Levitt",0
532639,31,"Tom Hanks",1
532639,2382044,"Benjamin Evan Ainsworth",2
532639,933640,"Angus Wright",3
532639,1765068,"Cynthia Erivo",4
539681,18918,"Dwayne Johnson",0
539681,55638,"Kevin Hart",1
539681,17697,"John Krasinski",2
539681,6384,"Keanu Reeves",3
539681,1240487,"Kate McKinnon",4
556694,3063,"Tilda Swinton",0
556694,17605,"Idris Elba",1
556694,3549226,"Erdil Yaşaroğlu",2
556694,2606660,"Sabrina Elba",3
556694,1182880,"Sarah Houbolt",4
619979,880,"Ben Affleck",0
619979,224513,"Ana de Armas",1
619979,72638,"Tracy Letts",2
619979,1488961,"Lil Rel Howery",3
619979,6066,"Dash Mihok",4
818397,3896,"Liam Neeson",0
818397,529,"Guy Pearce",1
818397,1371819,"Taj Atwal",2
818397,234070,"Harold Torres",3
818397,56650,"Ray Fearon",4
632727,2035239,"Sarah Yarkin",0
632727,122851,"Elsie Fisher",1
632727,172254,"Mark Burnham",2
632727,512316,"Jacob Latimore",3
632727,1288730,"Moe Dunford",4
791177,1353827,"Taylor Russell",0
791177,1190668,"Timothée Chalamet",1
791177,40900,"Mark Rylance",2
791177,2895589,"Anna Cobb",3
791177,459980,"André Holland",4
894205,258,"Gael García Bernal",0
894205,95706,"Laura Donnelly",1
894205,538,"Harriet Sansom Harris",2
894205,145446,"Kirk R. Thatcher",3
894205,1317693,"Eugenie Bondurant",4
817758,112,"Cate Blanchett",0
817758,681,"Nina Hoss",1
817758,1385600,"Noémie Merlant",2
817758,3322369,"Sophie Kauer",3
817758,740,"Julian Glover",4
698948,110,"Viggo Mortensen",0
698948,72466,"Colin Farrell",1
698948,33192,"Joel Edgerton",2
698948,1364004,"Tom Bateman",3
698948,55866,"Paul Gleeson",4
301502,224513,"Ana de Armas",0
301502,3490,"Adrien Brody",1
301502,21127,"Bobby Cannavale",2
301502,60072,"Sara Paxton",3
301502,139310,"Lucy DeVito",4
520023,561869,"Amandla Stenberg",0
520023,2408703,"Maria Bakalova",1
520023,2673750,"Myha'la",2
520023,1976054,"Rachel Sennott",3
520023,2420169,"Chase Sui Wonders",4
541134,83002,"Jessica Chastain",0
541134,37632,"Eddie Redmayne",1
541134,213058,"Nnamdi Asomugha",2
541134,21165,"Kim Dickens",3
541134,12977,"Malik Yoba",4
877269,131,"Jake Gyllenhaal",0
877269,6065,"Dennis Quaid",1
877269,1998733,"Jaboukie Young-White",2
877269,17773,"Gabrielle Union",3
877269,140,"Lucy Liu",4
799876,40900,"Mark Rylance",0
799876,1059597,"Zoey Deutch",1
799876,137108,"Johnny Flynn",2
799876,527393,"Dylan O'Brien",3
799876,57461,"Simon Russell Beale",4
800939,1204,"Julia Roberts",0
800939,1461,"George Clooney",1
800939,481337,"Kaitlyn Dever",2
800939,1399531,"Billie Lourd",3
800939,1308133,"Maxime Bouttier",4
420821,62861,"Andy Samberg",0
420821,933558,"John Mulaney",1
420821,1884703,"KiKi Layne",2
420821,21200,"Will Arnett",3
420821,8783,"Eric Bana",4
779782,1768965,"Sofia Wylie",0
779782,1494194,"Sophia Anne Caruso",1
779782,11703,"Kerry Washington",2
779782,6885,"Charlize Theron",3
779782,2975,"Laurence Fishburne",4
780609,1498158,"Jessie Buckley",0
780609,139549,"Rory Kinnear",1
780609,1611824,"Paapa Essiedu",2
780609,1782144,"Gayle Rankin",3
780609,1977143,"Sarah Twomey",4
744276,1753914,"Josephine Langford",0
744276,1114487,"Hero Fiennes Tiffin",1
744276,86653,"Carter Jenkins",2
744276,20805,"Louise Lombard",3
744276,2035329,"Chance Perdomo",4
766475,6807,"Sam Rockwell",0
766475,36592,"Saoirse Ronan",1
766475,3490,"Adrien Brody",2
766475,47720,"Ruth Wilson",3
766475,34551,"Reece Shearsmith",4
833425,2378813,"Havana Rose Liu",0
833425,1773397,"Danny Ramirez",1
833425,352,"Dennis Haysbert",2
833425,1541178,"David Rysdahl",3
833425,46814,"Dale Dickey",4
758009,16866,"Jennifer Lopez",0
758009,19536,"Josh Duhamel",1
758009,77069,"Lenny Kravitz",2
758009,38334,"Jennifer Coolidge",3
758009,27396,"Sonia Braga",4
819876,110,"Viggo Mortensen",0
819876,121529,"Léa Seydoux",1
819876,100,"Scott Speedman",2
819876,37917,"Kristen Stewart",3
819876,1285153,"Welket Bungué",4
715931,2888,"Will Smith",0
715931,11107,"Ben Foster",1
715931,1821134,"Charmaine Bingwa",2
715931,1353302,"Gilbert Owuor",3
715931,98804,"Ronnie Gene Blevins",4
823625,3896,"Liam Neeson",0
823625,2026050,"Emmy Raver-Lampman",1
823625,1369329,"Taylor John Smith",2
823625,18992,"Aidan Quinn",3
823625,123724,"Tim Draxl",4
807356,1094091,"Maika Monroe",0
807356,1327613,"Karl Glusman",1
807356,39659,"Burn Gorman",2
807356,2259660,"Mãdãlina Anea",3
807356,2395218,"Gabriela Butuc",4
872585,2037,"Cillian Murphy",0
872585,5081,"Emily Blunt",1
872585,1892,"Matt Damon",2
872585,3223,"Robert Downey Jr.",3
872585,1373737,"Florence Pugh",4
346698,234352,"Margot Robbie",0
346698,30614,"Ryan Gosling",1
346698,59174,"America Ferrera",2
346698,1767250,"Ariana Greenblatt",3
346698,1455336,"Issa Rae",4
502356,73457,"Chris Pratt",0
502356,1397778,"Anya Taylor-Joy",1
502356,95101,"Charlie Day",2
502356,70851,"Jack Black",3
502356,298410,"Keegan-Michael Key",4
569094,587506,"Shameik Moore",0
569094,130640,"Hailee Steinfeld",1
569094,226366,"Brian Tyree Henry",2
569094,141610,"Luna Lauren Vélez",3
569094,543505,"Jake Johnson",4
447365,73457,"Chris Pratt",0
447365,8691,"Zoe Saldaña",1
447365,543530,"Dave Bautista",2
447365,543261,"Karen Gillan",3
447365,139820,"Pom Klementieff",4
603692,6384,"Keanu Reeves",0
603692,1341,"Donnie Yen",1
603692,137905,"Bill Skarsgård",2
603692,6972,"Ian McShane",3
603692,2975,"Laurence Fishburne",4
385687,12835,"Vin Diesel",0
385687,17647,"Michelle Rodriguez",1
385687,8169,"Tyrese Gibson",2
385687,8171,"Ludacris",3
385687,56446,"John Cena",4
640146,22226,"Paul Rudd",0
640146,19034,"Evangeline Lilly",1
640146,3392,"Michael Douglas",2
640146,1160,"Michelle Pfeiffer",3
640146,1674162,"Jonathan Majors",4
792307,54693,"Emma Stone",0
792307,103,"Mark Ruffalo",1
792307,5293,"Willem Dafoe",2
792307,1382987,"Ramy Youssef",3
792307,984629,"Christopher Abbott",4
976573,1087262,"Leah Lewis",0
976573,1639848,"Mamoudou Athie",1
976573,1236458,"Ronnie del Carmen",2
976573,2073564,"Shila Ommi",3
976573,63234,"Wendi McLendon-Covey",4
667538,1560244,"Anthony Ramos",0
667538,1676520,"Dominique Fishback",1
667538,19540,"Peter Cullen",2
667538,2372,"Ron Perlman",3
667538,22970,"Peter Dinklage",4
575264,500,"Tom Cruise",0
575264,39459,"Hayley Atwell",1
575264,10182,"Ving Rhames",2
575264,11108,"Simon Pegg",3
575264,933238,"Rebecca Ferguson",4
298618,132157,"Ezra Miller",0
298618,2542319,"Sasha Calle",1
298618,2232,"Michael Keaton",2
298618,335,"Michael Shannon",3
298618,17402,"Ron Livingston",4
507089,27972,"Josh Hutcherson",0
507089,2283930,"Piper Rubio",1
507089,1368507,"Elizabeth Lail",2
507089,26457,"Matthew Lillard",3
507089,31140,"Mary Stuart Masterson",4
493529,62064,"Chris Pine",0
493529,17647,"Michelle Rodriguez",1
493529,1029934,"Justice Smith",2
493529,1481238,"Sophia Lillis",3
493529,3291,"Hugh Grant",4
787699,1190668,"Timothée Chalamet",0
787699,1939373,"Calah Lane",1
787699,298410,"Keegan-Michael Key",2
787699,3291,"Hugh Grant",3
787699,19868,"Paterson Joseph",4
335977,3,"Harrison Ford",0
335977,1023483,"Phoebe Waller-Bridge",1
335977,1019,"Mads Mikkelsen",2
335977,467645,"Boyd Holbrook",3
335977,2074238,"Olivier Richters",4
466420,6193,"Leonardo DiCaprio",0
466420,380,"Robert De Niro",1
466420,1183917,"Lily Gladstone",2
466420,88124,"Jesse Plemons",3
466420,7863,"Tantoo Cardinal",4
670292,1117313,"John David Washington",0
670292,4068148,"Madeleine Yuna Voyles",1
670292,97576,"Gemma Chan",2
670292,19,"Allison Janney",3
670292,3899,"Ken Watanabe",4
615656,976,"Jason Statham",0
615656,78871,"Wu Jing",1
615656,1704579,"Shuya Sophia Cai",2
615656,177214,"Page Kennedy",3
615656,78994,"Sergio Peris-Mencheta",4
884605,72129,"Jennifer Lawrence",0
884605,2914688,"Andrew Barth Feldman",1
884605,60034,"Laura Benanti",2
884605,118752,"Natalie Morales",3
884605,4756,"Matthew Broderick",4
713704,1186659,"Lily Sullivan",0
713704,220620,"Alyssa Sutherland",1
713704,144080,"Morgan Davies",2
713704,3128781,"Gabrielle Echols",3
713704,3128782,"Nell Fisher",4
1008042,3115932,"Sophie Wilde",0
1008042,2644232,"Alexandra Jensen",1
1008042,3047804,"Joe Bird",2
1008042,1822223,"Otis Dhanji",3
1008042,502,"Miranda Otto",4
926393,5292,"Denzel Washington",0
926393,501,"Dakota Fanning",1
926393,1147420,"Eugenio Mastrandrea",2
926393,62562,"David Denman",3
926393,1636737,"Gaia Scodellaro",4
594767,69899,"Zachary Levi",0
594767,1768966,"Asher Angel",1
594767,1774679,"Jack Dylan Grazer",2
594767,2217977,"Rachel Zegler",3
594767,11702,"Adam Brody",4
695721,1524100,"Tom Blyth",0
695721,2217977,"Rachel Zegler",1
695721,22970,"Peter Dinklage",2
695721,17881,"Jason Schwartzman",3
695721,2340180,"Hunter Schafer",4
572802,117642,"Jason Momoa",0
572802,17178,"Patrick Wilson",1
572802,1639847,"Yahya Abdul-Mateen II",2
572802,79082,"Randall Park",3
572802,55085,"Amber Heard",4
609681,60073,"Brie Larson",0
609681,970219,"Teyonah Parris",1
609681,2798462,"Iman Vellani",2
609681,2231,"Samuel L. Jackson",3
609681,118034,"Zawe Ashton",4
980489,2249745,"Archie Madekwe",0
980489,35029,"David Harbour",1
980489,114,"Orlando Bloom",2
980489,938,"Djimon Hounsou",3
980489,2000335,"Darren Barnet",4
726209,1204,"Julia Roberts",0
726209,569,"Ethan Hawke",1
726209,932967,"Mahershala Ali",2
726209,2673750,"Myha'la",3
726209,1548301,"Farrah Mackenzie",4
447277,1735828,"Halle Bailey",0
447277,1599391,"Jonah Hauer-King",1
447277,55536,"Melissa McCarthy",2
447277,3810,"Javier Bardem",3
447277,517103,"Noma Dumezweni",4
882569,131,"Jake Gyllenhaal",0
882569,234907,"Dar Salim",1
882569,2380399,"Sean Sagar",2
882569,1033691,"Jason Wong",3
882569,1896053,"Rhys Yates",4
934433,1373659,"Melissa Barrera",0
934433,974169,"Jenna Ortega",1
934433,1508653,"Jasmin Savoy Brown",2
934433,2174509,"Mason Gooding",3
934433,1895760,"Jack Champion",4
758323,934,"Russell Crowe",0
758323,1172147,"Daniel Zovatto",1
758323,210454,"Alex Essoe",2
758323,4041888,"Peter DeSouza-Feighoney",3
758323,202032,"Ralph Ineson",4
565770,1185997,"Xolo Maridueña",0
565770,1622590,"Bruna Marquezine",1
565770,4038,"Susan Sarandon",2
565770,17688,"Raoul Max Trujillo",3
565770,2381442,"Belissa Escobedo",4
753342,73421,"Joaquin Phoenix",0
753342,556356,"Vanessa Kirby",1
753342,81051,"Tahar Rahim",2
753342,4757,"Rupert Everett",3
753342,1231402,"Mark Bonnar",4
1072790,115440,"Sydney Sweeney",0
1072790,83271,"Glen Powell",1
1072790,3085680,"Mia Artemis",2
1072790,2728596,"Nat Buchanan",3
1072790,2495673,"GaTa",4
631842,543530,"Dave Bautista",0
631842,221611,"Jonathan Groff",1
631842,969316,"Ben Aldridge",2
631842,109319,"Nikki Amuka-Bird",3
631842,10989,"Rupert Grint",4
930564,1290466,"Barry Keoghan",0
930564,2034418,"Jacob Elordi",1
930564,10882,"Rosamund Pike",2
930564,20766,"Richard E. Grant",3
930564,2981449,"Alison Oliver",4
697843,74568,"Chris Hemsworth",0
697843,229932,"Golshifteh Farahani",1
697843,1886169,"Adam Bessa",2
697843,1106890,"Tornike Gogrichiani",3
697843,1150149,"Tornike Bziava",4
800158,17288,"Michael Fassbender",0
800158,3063,"Tilda Swinton",1
800158,124112,"Charles Parnell",2
800158,3229,"Arliss Howard",3
800158,100567,"Kerry O'Malley",4
677179,135651,"Michael B. Jordan",0
677179,62561,"Tessa Thompson",1
677179,1674162,"Jonathan Majors",2
677179,119598,"Phylicia Rashād",3
677179,3759632,"Mila Davis-Kent",4
700391,1023139,"Adam Driver",0
700391,1767250,"Ariana Greenblatt",1
700391,1696016,"Chloe Coleman",2
700391,98415,"Nika King",3
700391,1450385,"Brian Dare",4
945729,11181,"Kenneth Branagh",0
945729,1562074,"Kyle Allen",1
945729,1348474,"Camille Cottin",2
945729,1254583,"Jamie Dornan",3
945729,56323,"Tina Fey",4
678512,8767,"Jim Caviezel",0
678512,23931,"Mira Sorvino",1
678512,121718,"Bill Camp",2
678512,17689,"Gerardo Taracena",3
678512,29685,"Kurt Fuller",4
467244,71374,"Christian Friedel",0
467244,7152,"Sandra Hüller",1
467244,4072267,"Johann Karthaus",2
467244,4452138,"Luis Noah Witte",3
467244,4072269,"Nele Ahrensmeier",4
646389,17276,"Gerard Butler",0
646389,450,"Mike Colter",1
646389,3417,"Tony Goldwyn",2
646389,1305610,"Yoson An",3
646389,1365981,"Evan Dane Taylor",4
848326,568657,"Sofia Boutella",0
848326,938,"Djimon Hounsou",1
848326,1047649,"Ed Skrein",2
848326,91520,"Michiel Huisman",3
848326,21688,"Bae Doona",4
840430,13242,"Paul Giamatti",0
840430,3918497,"Dominic Sessa",1
840430,1180099,"Da'Vine Joy Randolph",2
840430,7465,"Carrie Preston",3
840430,3013234,"Brady Hepner",4
747188,17881,"Jason Schwartzman",0
747188,1245,"Scarlett Johansson",1
747188,31,"Tom Hanks",2
747188,2954,"Jeffrey Wright",3
747188,3063,"Tilda Swinton",4
968051,527313,"Taissa Farmiga",0
968051,5529,"Anna Popplewell",1
968051,566080,"Jonas Bloquet",2
968051,1344344,"Storm Reid",3
968051,3607815,"Katelyn Rose Downey",4
804150,41292,"Keri Russell",0
804150,71375,"Alden Ehrenreich",1
804150,1371398,"O'Shea Jackson Jr.",2
804150,11477,"Ray Liotta",3
804150,17490,"Isiah Whitlock Jr.",4
951491,2144,"Tobin Bell",0
951491,2138,"Shawnee Smith",1
951491,559207,"Synnøve Macody Lund",2
951491,57340,"Steven Brand",3
951491,2153290,"Renata Vaca",4
666277,1260481,"Greta Lee",0
666277,1387126,"Teo Yoo",1
666277,37154,"John Magaro",2
666277,2309873,"Moon Seung-ah",3
666277,3888559,"Leem Seung-min",4
964980,1892,"Matt Damon",0
964980,23532,"Jason Bateman",1
964980,880,"Ben Affleck",2
964980,61659,"Chris Messina",3
964980,19492,"Viola Davis",4
940551,466505,"Kumail Nanjiani",0
940551,9281,"Elizabeth Banks",1
940551,1736671,"Caspar Jennings",2
940551,4031156,"Tresi Gazal",3
940551,1625558,"Awkwafina",4
868759,16828,"Chris Evans",0
868759,224513,"Ana de Armas",1
868759,3490,"Adrien Brody",2
868759,1324443,"Mike Moh",3
868759,12110,"Amy Sedaris",4
649609,3292,"Nicholas Hoult",0
649609,2963,"Nicolas Cage",1
649609,1625558,"Awkwafina",2
649609,222121,"Ben Schwartz",3
649609,21041,"Shohreh Aghdashloo",4
614479,17181,"Ty Simpkins",0
614479,17178,"Patrick Wilson",1
614479,3704264,"Sinclair Daniel",2
614479,765,"Hiam Abbass",3
614479,208524,"Andrew Astor",4
739405,976,"Jason Statham",0
739405,119592,"Aubrey Plaza",1
739405,2130,"Cary Elwes",2
739405,3291,"Hugh Grant",3
739405,2299,"Josh Hartnett",4
726759,1303037,"Taron Egerton",0
726759,931253,"Nikita Efremov",1
726759,1466773,"Sofia Lebedeva",2
726759,1727213,"Anthony Boyle",3
726759,11280,"Ben Miles",4
635910,1154054,"Corey Hawkins",0
635910,1323109,"Aisling Franciosi",1
635910,83854,"David Dastmalchian",2
635910,111090,"Javier Botet",3
635910,15498,"Liam Cunningham",4
638974,19292,"Adam Sandler",0
638974,4491,"Jennifer Aniston",1
638974,2983,"Mark Strong",2
638974,19119,"Mélanie Laurent",3
638974,1695989,"Jodie Turner-Smith",4
1029575,13240,"Mark Wahlberg",0
1029575,11705,"Michelle Monaghan",1
1029575,21045,"Maggie Q",2
1029575,1533987,"Zoe Colletti",3
1029575,1818455,"Van Crosby",4
299054,976,"Jason Statham",0
299054,62644,"50 Cent",1
299054,19537,"Megan Fox",2
299054,16644,"Dolph Lundgren",3
299054,57207,"Tony Jaa",4
724209,90633,"Gal Gadot",0
724209,1254583,"Jamie Dornan",1
724209,1108120,"Alia Bhatt",2
724209,2598,"Sophie Okonedo",3
724209,16808,"Matthias Schweighöfer",4
1022796,1437491,"Ariana DeBose",0
1022796,62064,"Chris Pine",1
1022796,21088,"Alan Tudyk",2
1022796,1001536,"Angelique Cabral",3
1022796,8536,"Victor Garber",4
614930,2343267,"Micah Abbey",0
614930,3127719,"Shamon Brown Jr.",1
614930,1696351,"Nicolas Cantu",2
614930,2239159,"Brady Noon",3
614930,2195140,"Ayo Edebiri",4
1071215,18352,"Patrick Dempsey",0
1071215,2300122,"Nell Verlaque",1
1071215,2773990,"Addison Rae",2
1071215,1914958,"Milo Manheim",3
1071215,2444677,"Jalen Thomas Brooks",4
930094,2648891,"Taylor Zakhar Perez",0
930094,1425934,"Nicholas Galitzine",1
930094,139,"Uma Thurman",2
930094,5365,"Clifton Collins Jr.",3
930094,970769,"Rachel Hilson",4
820609,481337,"Kaitlyn Dever",0
820609,3956612,"Elizabeth Kaluev",1
820609,186573,"Zack Duhame",2
820609,3648564,"Lauren L. Murray",3
820609,1027298,"Geraldine Singer",4
980078,3629486,"Nikolai Leon",0
980078,3564234,"Craig David Dowsett",1
980078,3254445,"Chris Cordell",2
980078,3105028,"Maria Taylor",3
980078,1956506,"Natasha Rose Mills",4
536437,880,"Ben Affleck",0
536437,8602,"Alice Braga",1
536437,886,"William Fichtner",2
536437,81391,"J. D. Pardo",3
536437,1368479,"Hala Finley",4
923939,5469,"Ralph Fiennes",0
923939,71580,"Benedict Cumberbatch",1
923939,76788,"Dev Patel",2
923939,2282,"Ben Kingsley",3
923939,98103,"Richard Ayoade",4
961323,56734,"Chloë Grace Moretz",0
961323,53240,"Riz Ahmed",1
961323,1745968,"Eugene Lee Yang",2
961323,4432,"Frances Conroy",3
961323,81726,"Lorraine Toussaint",4
552688,16866,"Jennifer Lopez",0
552688,2113164,"Lucy Paez",1
552688,41556,"Omari Hardwick",2
552688,12763,"Joseph Fiennes",3
552688,258,"Gael García Bernal",4
823482,2963,"Nicolas Cage",0
823482,86034,"Julianne Nicholson",1
823482,39995,"Michael Cera",2
823482,51857,"Tim Meadows",3
823482,1308373,"Dylan Gelula",4
1056360,2954,"Jeffrey Wright",0
1056360,40543,"John Ortiz",1
1056360,33655,"Erika Alexander",2
1056360,122750,"Leslie Uggams",3
1056360,1225953,"Sterling K. Brown",4
762430,3896,"Liam Neeson",0
762430,1829985,"Lilly Aspell",1
762430,1895760,"Jack Champion",2
762430,8654,"Matthew Modine",3
762430,517103,"Noma Dumezweni",4
798286,73421,"Joaquin Phoenix",0
798286,5699,"Patti LuPone",1
798286,39388,"Amy Ryan",2
798286,78729,"Nathan Lane",3
798286,1164259,"Kylie Rogers",4
1075794,19292,"Adam Sandler",0
1075794,109708,"Bill Burr",1
1075794,1093919,"Cecily Strong",2
1075794,1206,"Jason Alexander",3
1075794,60949,"Rob Schneider",4
605886,94185,"Shailene Woodley",0
605886,77335,"Ben Mendelsohn",1
605886,1607522,"Jovan Adepo",2
605886,202032,"Ralph Ineson",3
605886,129419,"Richard Zeman",4
850165,29222,"Zac Efron",0
850165,206905,"Jeremy Allen White",1
850165,1716493,"Harris Dickinson",2
850165,2394927,"Stanley Simons",3
850165,7497,"Holt McCallany",4
768362,1344344,"Storm Reid",0
768362,22462,"Joaquim de Almeida",1
768362,2131,"Ken Leung",2
768362,357551,"Amy Landecker",3
768362,82093,"Daniel Henney",4
807172,1254614,"Leslie Odom Jr.",0
807172,1734929,"Lidya Jewett",1
807172,3908563,"Olivia O'Neill",2
807172,43366,"Ann Dowd",3
807172,1546496,"Jennifer Nettles",4
455476,1566805,"Mackenyu",0
455476,1597855,"Madison Iseman",1
455476,1969510,"Diego Tinoco",2
455476,18702,"Mark Dacascos",3
455476,6408,"Nick Stahl",4
365620,1023139,"Adam Driver",0
365620,955,"Penélope Cruz",1
365620,94185,"Shailene Woodley",2
365620,1475555,"Gabriel Leone",3
365620,190895,"Sarah Gadon",4
717930,17276,"Gerard Butler",0
717930,103330,"Navid Negahban",1
717930,77700,"Travis Fimmel",2
717930,492791,"Ali Fazal",3
717930,1437659,"Bahador Foladi",4
866463,1121,"Benicio del Toro",0
866463,12111,"Justin Timberlake",1
866463,5588,"Alicia Silverstone",2
866463,10692,"Michael Pitt",3
866463,5377,"Ato Essandoh",4
616747,5916,"Rosario Dawson",0
616747,2461073,"Chase W. Dillon",1
616747,1200864,"LaKeith Stanfield",2
616747,887,"Owen Wilson",3
616747,1230868,"Tiffany Haddish",4
897087,56446,"John Cena",0
897087,88029,"Alison Brie",1
897087,937009,"Juan Pablo Raba",2
897087,2224,"Christian Slater",3
897087,59860,"Alice Eve",4
974931,934289,"Kiernan Shipka",0
974931,542870,"Olivia Holt",1
974931,2091629,"Troy Leigh-Anne Johnson",2
974931,58058,"Lochlyn Munro",3
974931,2044745,"Charlie Gillespie",4
532408,1981044,"Sophie Thatcher",0
532408,1813472,"Vivien Lyra Blair",1
532408,61659,"Chris Messina",2
532408,83854,"David Dastmalchian",3
532408,164094,"Marin Ireland",4
722149,17605,"Idris Elba",0
722149,1765068,"Cynthia Erivo",1
722149,1333,"Andy Serkis",2
722149,17484,"Dermot Crowley",3
722149,578692,"Thomas Coombes",4
709631,51988,"Lizzy Caplan",0
709631,60373,"Antony Starr",1
709631,217055,"Cleopatra Coleman",2
709631,1945369,"Woody Norman",3
709631,3351429,"Luke Busey",4
1020006,1683343,"Cailee Spaeny",0
1020006,2034418,"Jacob Elordi",1
1020006,107185,"Ari Cohen",2
1020006,52776,"Dagmara Dominczyk",3
1020006,7009,"Tim Post",4
1040148,1452046,"Lana Condor",0
1040148,3051,"Toni Collette",1
1040148,1392140,"Annie Murphy",2
1040148,1429453,"Sam Richardson",3
1040148,1700631,"Liza Koshy",4
667216,28846,"Alexander Skarsgård",0
667216,1137824,"Mia Goth",1
667216,217055,"Cleopatra Coleman",2
667216,72327,"Jalil Lespert",3
667216,1116027,"Adam Boncz",4
994108,125660,"Andrew Scott",0
994108,2326151,"Paul Mescal",1
994108,4315362,"Carter John Grout",2
994108,478,"Jamie Bell",3
994108,120932,"Claire Foy",4
457332,18897,"Jackie Chan",0
457332,56446,"John Cena",1
457332,90060,"Pilou Asbæk",2
457332,1477428,"Amadeus Serafini",3
457332,137917,"Jiang Wenli",4
533535,10859,"Ryan Reynolds",0
533535,6968,"Hugh Jackman",1
533535,2324569,"Emma Corrin",2
533535,15576,"Matthew Macfadyen",3
533535,1464650,"Dafne Keen",4
693134,1190668,"Timothée Chalamet",0
693134,505710,"Zendaya",1
693134,933238,"Rebecca Ferguson",2
693134,3810,"Javier Bardem",3
693134,16851,"Josh Brolin",4
1022789,56322,"Amy Poehler",0
1022789,1903874,"Maya Hawke",1
1022789,3020876,"Kensington Tallman",2
1022789,51998,"Liza Lapira",3
1022789,25147,"Tony Hale",4
1184918,1267329,"Lupita Nyong'o",0
1184918,1253360,"Pedro Pascal",1
1184918,1538851,"Kit Connor",2
1184918,2440,"Bill Nighy",3
1184918,1381186,"Stephanie Hsu",4
933260,3416,"Demi Moore",0
933260,1392137,"Margaret Qualley",1
933260,6065,"Dennis Quaid",2
933260,2313436,"Edward Hamilton-Clark",3
933260,1508131,"Gore Abrams",4
786892,1397778,"Anya Taylor-Joy",0
786892,74568,"Chris Hemsworth",1
786892,52891,"Tom Burke",2
786892,2431565,"Alyla Browne",3
786892,148899,"George Shevtsov",4
945961,1683343,"Cailee Spaeny",0
945961,2761308,"David Jonsson",1
945961,2164506,"Archie Renaux",2
945961,1428070,"Isabela Merced",3
945961,2304140,"Spike Fearn",4
823464,15556,"Rebecca Hall",0
823464,226366,"Brian Tyree Henry",1
823464,221018,"Dan Stevens",2
823464,2948491,"Kaylee Hottle",3
823464,60416,"Alex Ferns",4
558449,2326151,"Paul Mescal",0
558449,5292,"Denzel Washington",1
558449,1253360,"Pedro Pascal",2
558449,935,"Connie Nielsen",3
558449,1597365,"Joseph Quinn",4
929590,205,"Kirsten Dunst",0
929590,52583,"Wagner Moura",1
929590,1683343,"Cailee Spaeny",2
929590,196179,"Stephen McKinley Henderson",3
929590,109019,"Nelson Lee",4
866398,976,"Jason Statham",0
866398,2026050,"Emmy Raver-Lampman",1
866398,27972,"Josh Hutcherson",2
866398,16940,"Jeremy Irons",3
866398,1375501,"Bobby Naderi",4
912649,2524,"Tom Hardy",0
912649,5294,"Chiwetel Ejiofor",1
912649,36594,"Juno Temple",2
912649,7026,"Rhys Ifans",3
912649,1115,"Stephen Graham",4
653346,1586047,"Owen Teague",0
653346,2146942,"Freya Allan",1
653346,79072,"Kevin Durand",2
653346,1444816,"Peter Macon",3
653346,3905,"William H. Macy",4
746036,30614,"Ryan Gosling",0
746036,5081,"Emily Blunt",1
746036,27428,"Aaron Taylor-Johnson",2
746036,1278487,"Hannah Waddingham",3
746036,20374,"Teresa Palmer",4
426063,1459885,"Lily-Rose Depp",0
426063,3292,"Nicholas Hoult",1
426063,137905,"Bill Skarsgård",2
426063,27428,"Aaron Taylor-Johnson",3
426063,5293,"Willem Dafoe",4
1011985,70851,"Jack Black",0
1011985,1625558,"Awkwafina",1
1011985,19492,"Viola Davis",2
1011985,4483,"Dustin Hoffman",3
1011985,17419,"Bryan Cranston",4
974576,5469,"Ralph Fiennes",0
974576,2283,"Stanley Tucci",1
974576,12074,"John Lithgow",2
974576,6588,"Isabella Rossellini",3
974576,1240427,"Lucian Msamati",4
762441,1267329,"Lupita Nyong'o",0
762441,1597365,"Joseph Quinn",1
762441,934281,"Alex Wolff",2
762441,938,"Djimon Hounsou",3
762441,1847948,"Eliane Umuhire",4
1064213,1640439,"Mikey Madison",0
1064213,3051936,"Mark Eydelshteyn",1
1064213,1266686,"Yura Borisov",2
1064213,966306,"Karren Karagulian",3
1064213,4338956,"Vache Tovmasyan",4
573435,2888,"Will Smith",0
573435,78029,"Martin Lawrence",1
573435,67599,"Vanessa Hudgens",2
573435,23498,"Alexander Ludwig",3
573435,544442,"Paola Nuñez",4
939243,222121,"Ben Schwartz",0
939243,206,"Jim Carrey",1
939243,6384,"Keanu Reeves",2
939243,17605,"Idris Elba",3
939243,1212864,"Colleen O'Shaughnessey",4
519182,4495,"Steve Carell",0
519182,41091,"Kristen Wiig",1
519182,23659,"Will Ferrell",2
519182,63522,"Sofía Vergara",3
519182,17743,"Miranda Cosgrove",4
917496,2232,"Michael Keaton",0
917496,1920,"Winona Ryder",1
917496,11514,"Catherine O'Hara",2
917496,974169,"Jenna Ortega",3
917496,15009,"Justin Theroux",4
1241982,1564846,"Auliʻi Cravalho",0
1241982,18918,"Dwayne Johnson",1
1241982,4775908,"Hualālai Chung",2
1241982,1868823,"Rose Matafeo",3
1241982,55937,"David Fane",4
359410,131,"Jake Gyllenhaal",0
359410,1199115,"Conor McGregor",1
359410,141034,"Billy Magnussen",2
359410,74290,"Travis Van Winkle",3
359410,2000335,"Darren Barnet",4
402431,1765068,"Cynthia Erivo",0
402431,226001,"Ariana Grande",1
402431,1620,"Michelle Yeoh",2
402431,80860,"Jonathan Bailey",3
402431,2271410,"Ethan Slater",4
718821,2230991,"Daisy Edgar-Jones",0
718821,83271,"Glen Powell",1
718821,1560244,"Anthony Ramos",2
718821,1602972,"Brandon Perea",3
718821,16307,"Maura Tierney",4
845781,18918,"Dwayne Johnson",0
845781,16828,"Chris Evans",1
845781,140,"Lucy Liu",2
845781,18999,"J.K. Simmons",3
845781,5149,"Bonnie Hunt",4
889737,73421,"Joaquin Phoenix",0
889737,237405,"Lady Gaga",1
889737,2039,"Brendan Gleeson",2
889737,2229,"Catherine Keener",3
889737,1545693,"Zazie Beetz",4
1032823,2299,"Josh Hartnett",0
1032823,3014800,"Ariel Donoghue",1
1032823,4340759,"Saleka",2
1032823,36819,"Hayley Mills",3
1032823,2144603,"Jonathan Langdon",4
1005331,1303037,"Taron Egerton",0
1005331,23532,"Jason Bateman",1
1005331,1331457,"Sofia Carson",2
1005331,1853909,"Danielle Deadwyler",3
1005331,51995,"Theo Rossi",4
763215,1356210,"Millie Bobby Brown",0
763215,2750967,"Brooke Carter",1
763215,1108907,"Nick Robinson",2
763215,32,"Robin Wright",3
763215,1753160,"Milo Twomey",4
1138194,3291,"Hugh Grant",0
1138194,1981044,"Sophie Thatcher",1
1138194,1512280,"Chloe East",2
1138194,17052,"Topher Grace",3
1138194,2019444,"Elle Young",4
1226578,1094091,"Maika Monroe",0
1226578,2963,"Nicolas Cage",1
1226578,56871,"Blair Underwood",2
1226578,3128,"Alicia Witt",3
1226578,1840725,"Michelle Choi-Lee",4
937287,505710,"Zendaya",0
937287,1423520,"Mike Faist",1
937287,1206334,"Josh O'Connor",2
937287,3352136,"Darnell Appling",3
937287,4643864,"Bryan Doo",4
762509,1763709,"Aaron Pierre",0
762509,1344361,"Kelvin Harrison Jr.",1
762509,1074676,"Tiffany Boone",2
762509,107529,"Kagiso Lediga",3
762509,1251835,"Preston Nyman",4
634492,118545,"Dakota Johnson",0
634492,115440,"Sydney Sweeney",1
634492,1428070,"Isabela Merced",2
634492,1972881,"Celeste O'Connor",3
634492,81051,"Tahar Rahim",4
1106739,3292,"Nicholas Hoult",0
1106739,3051,"Toni Collette",1
1106739,18999,"J.K. Simmons",2
1106739,61659,"Chris Messina",3
1106739,222122,"Gabriel Basso",4
539972,27428,"Aaron Taylor-Johnson",0
539972,1437491,"Ariana DeBose",1
539972,2099497,"Fred Hechinger",2
539972,4941,"Alessandro Nivola",3
539972,984629,"Christopher Abbott",4
1100782,240724,"Naomi Scott",0
1100782,14892,"Rosemarie DeWitt",1
1100782,1371509,"Lukas Gage",2
1100782,3535991,"Miles Gutierrez-Riley",3
1100782,31514,"Peter Jacobson",4
1114513,5530,"James McAvoy",0
1114513,1110405,"Mackenzie Davis",1
1114513,59233,"Scoot McNairy",2
1114513,1323109,"Aisling Franciosi",3
1114513,2556026,"Alix West Lefler",4
967847,1172108,"Mckenna Grace",0
967847,22226,"Paul Rudd",1
967847,1308445,"Carrie Coon",2
967847,1442069,"Finn Wolfhard",3
967847,707,"Dan Aykroyd",4
938614,83854,"David Dastmalchian",0
938614,187400,"Laura Gordon",1
938614,62486,"Ian Bliss",2
938614,230609,"Fayssal Bazzi",3
938614,2554414,"Ingrid Torelli",4
1111873,1373659,"Melissa Barrera",0
1111873,221018,"Dan Stevens",1
1111873,2442117,"Alisha Weir",2
1111873,1962720,"William Catlett",3
1111873,221192,"Kathryn Newton",4
799583,73968,"Henry Cavill",0
799583,1222992,"Eiza González",1
799583,64295,"Alan Ritchson",2
799583,1807132,"Henry Golding",3
799583,2130,"Cary Elwes",4
840705,1537686,"Naomi Ackie",0
840705,38673,"Channing Tatum",1
840705,61178,"Alia Shawkat",2
840705,2224,"Christian Slater",3
840705,35548,"Simon Rex",4
1079091,59175,"Blake Lively",0
1079091,88675,"Justin Baldoni",1
1079091,213001,"Jenny Slate",2
1079091,1855143,"Brandon Sklenar",3
1079091,552252,"Hasan Minhaj",4
1034541,1882502,"Lauren LaVera",0
1034541,1880016,"David Howard Thornton",1
1034541,1676771,"Samantha Scaffidi",2
1034541,2787720,"Elliott Fullam",3
1034541,37405,"Margaret Anne Florence",4
843527,1813,"Anne Hathaway",0
843527,1425934,"Nicholas Galitzine",1
843527,3307906,"Ella Rubin",2
843527,174514,"Annie Mumolo",3
843527,81316,"Reid Scott",4
848538,73968,"Henry Cavill",0
848538,18997,"Bryce Dallas Howard",1
848538,6807,"Sam Rockwell",2
848538,17419,"Bryan Cranston",3
848538,11514,"Catherine O'Hara",4
549509,3490,"Adrien Brody",0
549509,72855,"Felicity Jones",1
549509,529,"Guy Pearce",2
549509,1496392,"Joe Alwyn",3
549509,1055230,"Raffey Cassidy",4
698687,74568,"Chris Hemsworth",0
698687,226366,"Brian Tyree Henry",1
698687,1245,"Scarlett Johansson",2
698687,298410,"Keegan-Michael Key",3
698687,65717,"Jon Hamm",4
974635,83271,"Glen Powell",0
974635,1371297,"Adria Arjona",1
974635,1552436,"Austin Amelio",2
974635,75318,"Retta",3
974635,3890899,"Sanjay Rao",4
646097,1763709,"Aaron Pierre",0
646097,25129,"Don Johnson",1
646097,1285,"AnnaSophia Robb",2
646097,1041440,"Emory Cohen",3
646097,62562,"David Denman",4
1086747,501,"Dakota Fanning",0
1086747,1335315,"Georgina Campbell",1
1086747,933272,"Olwen Fouéré",2
1086747,2710312,"Oliver Finnegan",3
1086747,231666,"Alistair Brammer",4
1041613,115440,"Sydney Sweeney",0
1041613,1340020,"Álvaro Morte",1
1041613,1355967,"Simona Tabasco",2
1041613,1822392,"Benedetta Porcaroli",3
1041613,128227,"Giorgio Colangeli",4
639720,1709047,"Cailey Fleming",0
639720,10859,"Ryan Reynolds",1
639720,17697,"John Krasinski",2
639720,10981,"Fiona Shaw",3
639720,4495,"Steve Carell",4
614933,16866,"Jennifer Lopez",0
614933,1489211,"Simu Liu",1
614933,1225953,"Sterling K. Brown",2
614933,1970662,"Gregory James Cohan",3
614933,1432064,"Abraham Popoola",4
1023922,1137824,"Mia Goth",0
1023922,1133349,"Elizabeth Debicki",1
1023922,1746938,"Moses Sumney",2
1023922,11705,"Michelle Monaghan",3
1023922,21127,"Bobby Cannavale",4
934632,568657,"Sofia Boutella",0
934632,938,"Djimon Hounsou",1
934632,1047649,"Ed Skrein",2
934632,91520,"Michiel Huisman",3
934632,21688,"Bae Doona",4
969492,96066,"Liam Hemsworth",0
969492,934,"Russell Crowe",1
969492,216986,"Luke Hemsworth",2
969492,195675,"Ricky Whittle",3
969492,16501,"Milo Ventimiglia",4
877817,1461,"George Clooney",0
877817,287,"Brad Pitt",1
877817,148992,"Austin Abrams",2
877817,39388,"Amy Ryan",3
877817,428440,"Poorna Jagannathan",4
365177,112,"Cate Blanchett",0
365177,55638,"Kevin Hart",1
365177,25616,"Edgar Ramírez",2
365177,8944,"Jamie Lee Curtis",3
365177,1767250,"Ariana Greenblatt",4
661539,1190668,"Timothée Chalamet",0
661539,819,"Edward Norton",1
661539,18050,"Elle Fanning",2
661539,1525043,"Monica Barbaro",3
661539,59233,"Scoot McNairy",4
1013850,44735,"Jesse Eisenberg",0
1013850,18793,"Kieran Culkin",1
1013850,939337,"Will Sharpe",2
1013850,722,"Jennifer Grey",3
1013850,1526130,"Kurt Egyiawan",4
560016,76788,"Dev Patel",0
560016,229123,"Sikandar Kher",1
560016,130990,"Makrand Deshpande",2
560016,225163,"Pitobash",3
560016,52768,"Vipin Sharma",4
280180,776,"Eddie Murphy",0
280180,24045,"Joseph Gordon-Levitt",1
280180,1335818,"Taylour Paige",2
280180,777,"Judge Reinhold",3
280180,778,"John Ashton",4
955916,55638,"Kevin Hart",0
955916,1216606,"Gugu Mbatha-Raw",1
955916,65731,"Sam Worthington",2
955916,7132,"Vincent D'Onofrio",3
955916,1042728,"Úrsula Corberó",4
748783,73457,"Chris Pratt",0
748783,2231,"Samuel L. Jackson",1
748783,1278487,"Hannah Waddingham",2
748783,10182,"Ving Rhames",3
748783,3292,"Nicholas Hoult",4
719221,2480853,"Harriet Slater",0
719221,1849954,"Wolfgang Novogratz",1
719221,2120814,"Adain Bradley",2
719221,2749024,"Avantika",3
719221,1649152,"Jacob Batalon",4
437342,1472584,"Nell Tiger Free",0
437342,202032,"Ralph Ineson",1
437342,27396,"Sonia Braga",2
437342,1260004,"Tawfeek Barhom",3
437342,2264673,"María Caballero",4
1100099,37625,"Andrew Garfield",0
1100099,1373737,"Florence Pugh",1
1100099,4984032,"Grace Delaney",2
1100099,4984038,"Lee Braithwaite",3
1100099,2014269,"Aoife Hinds",4
1029955,54693,"Emma Stone",0
1029955,88124,"Jesse Plemons",1
1029955,5293,"Willem Dafoe",2
1029955,1392137,"Margaret Qualley",3
1029955,1360317,"Hong Chau",4
957452,137905,"Bill Skarsgård",0
957452,1503200,"FKA twigs",1
957452,6413,"Danny Huston",2
957452,174708,"Josette Simon",3
957452,212815,"Laura Birn",4
1097549,2227,"Nicole Kidman",0
1097549,1716493,"Harris Dickinson",1
1097549,3131,"Antonio Banderas",2
1097549,3435887,"Esther-Rose McGregor",3
1097549,3115932,"Sophie Wilde",4
956842,1245,"Scarlett Johansson",0
956842,38673,"Channing Tatum",1
956842,57755,"Woody Harrelson",2
956842,15757,"Ray Romano",3
956842,161932,"Jim Rash",4
704239,13240,"Mark Wahlberg",0
704239,4587,"Halle Berry",1
704239,18999,"J.K. Simmons",2
704239,450,"Mike Colter",3
704239,31164,"Adewale Akinnuoye-Agbaje",4
1008409,1388593,"Jodie Comer",0
1008409,86654,"Austin Butler",1
1008409,2524,"Tom Hardy",2
1008409,335,"Michael Shannon",3
1008409,1423520,"Mike Faist",4
1096197,17782,"Colm Meaney",0
1096197,127164,"Phyllis Logan",1
1096197,2613589,"Sophie McIntosh",2
1096197,1461462,"Will Attenborough",3
1096197,3031970,"Jeremias Amoore",4
1064028,19537,"Megan Fox",0
1064028,2349355,"Michele Morrone",1
1064028,84613,"Madeline Zima",2
1064028,3844059,"Matilda Firth",3
1064028,1231852,"Andrew Whipp",4
636706,19292,"Adam Sandler",0
636706,17142,"Paul Dano",1
636706,36662,"Carey Mulligan",2
636706,208099,"Kunal Nayyar",3
636706,6588,"Isabella Rossellini",4
835113,84223,"Anna Kendrick",0
835113,1172147,"Daniel Zovatto",1
835113,1326888,"Nicolette Robinson",2
835113,1334653,"Jedidiah Goodacre",3
835113,3126061,"Autumn Best",4
1063877,205976,"Kelsey Asbille",0
1063877,168877,"Finn Wittrock",1
1063877,1791599,"Moray Treadwell",2
1063877,1768996,"Daniel Francis",3
1063877,4825475,"Denis Kostadinov",4
592831,1023139,"Adam Driver",0
592831,4808,"Giancarlo Esposito",1
592831,1251069,"Nathalie Emmanuel",2
592831,119592,"Aubrey Plaza",3
592831,10959,"Shia LaBeouf",4
1035048,53650,"Anthony Mackie",0
1035048,54882,"Morena Baccarin",1
1035048,593202,"Maddie Hasson",2
1035048,2437735,"Danny Boyd Jr.",3
1035048,1840932,"Rachel Nicks",4
1029281,1318650,"Willa Fitzgerald",0
1029281,59219,"Kyle Gallner",1
1029281,219666,"Madisen Beaty",2
1029281,1277583,"Bianca A. Santos",3
1029281,61535,"Steven Michael Quezada",4
1014590,1721740,"Camila Mendes",0
1014590,2164506,"Archie Renaux",1
1014590,3141,"Marisa Tomei",2
1014590,5313,"Lena Olin",3
1014590,34257,"Anthony Stewart Head",4
1182047,60898,"Sebastian Stan",0
1182047,239271,"Jeremy Strong",1
1182047,42993,"Martin Donovan",2
1182047,2408703,"Maria Bakalova",3
1182047,185185,"Catherine McNally",4
948549,37917,"Kristen Stewart",0
948549,2252989,"Katy O'Brian",1
948549,228,"Ed Harris",2
948549,54697,"Dave Franco",3
948549,20089,"Jena Malone",4
802219,1417352,"Kingsley Ben-Adir",0
802219,1360281,"Lashana Lynch",1
802219,1205278,"James Norton",2
802219,1360152,"Tosin Cole",3
802219,4072446,"Umi Myers",4
618588,13240,"Mark Wahlberg",0
618588,1489211,"Simu Liu",1
618588,928906,"Juliet Rylance",2
618588,1251069,"Nathalie Emmanuel",3
618588,762,"Ali Suliman",4
1026436,974169,"Jenna Ortega",0
1026436,7060,"Martin Freeman",1
1026436,1241330,"Bashir Salahuddin",2
1026436,1803286,"Gideon Adlon",3
1026436,52776,"Dagmara Dominczyk",4
748167,125025,"Joey King",0
748167,1213395,"Brianne Tju",1
748167,1442955,"Keith Powers",2
748167,2077864,"Chase Stokes",3
748167,1298360,"Laverne Cox",4
1051896,2963,"Nicolas Cage",0
1051896,1274508,"Jaeden Martell",1
1051896,1810651,"Maxwell Jenkins",2
1051896,2270402,"Sadie Soverall",3
1051896,1321622,"Samantha Coughlan",4
1082195,9642,"Jude Law",0
1082195,3292,"Nicholas Hoult",1
1082195,1034681,"Tye Sheridan",2
1082195,59017,"Jurnee Smollett-Bell",3
1082195,2981449,"Alison Oliver",4
839033,1248,"Brian Cox",0
839033,1339199,"Gaia Wise",1
839033,220232,"Luke Pasqualino",2
839033,1674206,"Laurence Ubong Williams",3
839033,78329,"Lorraine Ashbourne",4
799766,80535,"Robbie Williams",0
799766,1499833,"Jonno Davies",1
799766,28485,"Steve Pemberton",2
799766,47699,"Alison Steadman",3
799766,123884,"Kate Mulvany",4
1216191,1800020,"Carolyn Bracken",0
1216191,1220123,"Gwilym Lee",1
1216191,1398632,"Steve Wall",2
1216191,1227306,"Joe Rooney",3
1216191,1256162,"Tadhg Murphy",4
1072342,986808,"Wyatt Russell",0
1072342,62105,"Kerry Condon",1
1072342,2333351,"Amélie Hoeferle",2
1072342,2035115,"Gavin Warren",3
1072342,9279,"Nancy Lenehan",4
882059,137905,"Bill Skarsgård",0
882059,1427680,"Jessica Rothe",1
882059,185773,"H. Jon Benjamin",2
882059,70904,"Michelle Dockery",3
882059,224197,"Brett Gelman",4
1061474,1785590,"David Corenswet",0
1061474,993774,"Rachel Brosnahan",1
1061474,3292,"Nicholas Hoult",2
1061474,39391,"Edi Gathegi",3
1061474,51797,"Nathan Fillion",4
1233413,135651,"Michael B. Jordan",0
1233413,130640,"Hailee Steinfeld",1
1233413,4688032,"Miles Caton",2
1233413,85065,"Jack O'Connell",3
1233413,134774,"Wunmi Mosaku",4
911430,287,"Brad Pitt",0
911430,1837297,"Damson Idris",1
911430,3810,"Javier Bardem",2
911430,62105,"Kerry Condon",3
911430,10920,"Tobias Menzies",4
83533,65731,"Sam Worthington",0
83533,8691,"Zoe Saldaña",1
83533,10205,"Sigourney Weaver",2
83533,32747,"Stephen Lang",3
83533,566331,"Oona Chaplin",4
1054867,6193,"Leonardo DiCaprio",0
1054867,2228,"Sean Penn",1
1054867,3914706,"Chase Infiniti",2
1054867,1121,"Benicio del Toro",3
1054867,35705,"Regina Hall",4
950396,996701,"Miles Teller",0
950396,1397778,"Anya Taylor-Joy",1
950396,10205,"Sigourney Weaver",2
950396,1479869,"Ṣọpẹ́ Dìrísù",3
950396,84865,"William Houston",4
986056,1373737,"Florence Pugh",0
986056,60898,"Sebastian Stan",1
986056,15886,"Julia Louis-Dreyfus",2
986056,1700685,"Lewis Pullman",3
986056,35029,"David Harbour",4
1078605,936970,"Julia Garner",0
1078605,16851,"Josh Brolin",1
1078605,71375,"Alden Ehrenreich",2
1078605,148992,"Austin Abrams",3
1078605,30082,"Benedict Wong",4
696506,11288,"Robert Pattinson",0
696506,1537686,"Naomi Ackie",1
696506,215055,"Steven Yeun",2
696506,103,"Mark Ruffalo",3
696506,3051,"Toni Collette",4
617126,1253360,"Pedro Pascal",0
617126,556356,"Vanessa Kirby",1
617126,21042,"Ebon Moss-Bachrach",2
617126,1597365,"Joseph Quinn",3
617126,202032,"Ralph Ineson",4
1062722,25072,"Oscar Isaac",0
1062722,2034418,"Jacob Elordi",1
1062722,27319,"Christoph Waltz",2
1062722,1137824,"Mia Goth",3
1062722,3631223,"Felix Kammerer",4
1234821,1245,"Scarlett Johansson",0
1234821,932967,"Mahershala Ali",1
1234821,80860,"Jonathan Bailey",2
1234821,36669,"Rupert Friend",3
1234821,1168097,"Manuel Garcia-Rulfo",4
1242898,18050,"Elle Fanning",0
1242898,3223391,"Dimitrius Schuster-Koloamatangi",1
1242898,1891826,"Ravi Narayan",2
1242898,2253146,"Michael Homick",3
1242898,1636658,"Stefan Grube",4
1084242,417,"Ginnifer Goodwin",0
1084242,23532,"Jason Bateman",1
1084242,690,"Ke Huy Quan",2
1084242,1183672,"Fortune Feimster",3
1084242,62861,"Andy Samberg",4
822119,53650,"Anthony Mackie",0
822119,3,"Harrison Ford",1
822119,1773397,"Danny Ramirez",2
822119,1394332,"Shira Haas",3
822119,1462,"Tim Blake Nelson",4
950387,117642,"Jason Momoa",0
950387,70851,"Jack Black",1
950387,2680307,"Sebastian Eugene Hansen",2
950387,2604515,"Emma Myers",3
950387,1075037,"Danielle Brooks",4
803796,144279,"Arden Cho",0
803796,1948606,"May Hong",1
803796,2983147,"Ji-young Yoo",2
803796,1571598,"Ahn Hyo-seop",3
803796,28662,"Yunjin Kim",4
575265,500,"Tom Cruise",0
575265,39459,"Hayley Atwell",1
575265,10182,"Ving Rhames",2
575265,11108,"Simon Pegg",3
575265,65344,"Esai Morales",4
1368166,115440,"Sydney Sweeney",0
1368166,71070,"Amanda Seyfried",1
1368166,1855143,"Brandon Sklenar",2
1368166,2349355,"Michele Morrone",3
1368166,4342318,"Indiana Elle",4
1087192,2803710,"Mason Thames",0
1087192,2064124,"Nico Parker",1
1087192,17276,"Gerard Butler",2
1087192,11109,"Nick Frost",3
1087192,3792786,"Gabriel Howell",4
574475,3480304,"Kaitlyn Santa Juana",0
574475,1547148,"Teo Briones",1
574475,58724,"Rya Kihlstedt",2
574475,144852,"Richard Harmon",3
574475,1482198,"Owen Patrick Joyner",4
1100988,27428,"Aaron Taylor-Johnson",0
1100988,5107934,"Alfie Williams",1
1100988,5469,"Ralph Fiennes",2
1100988,1388593,"Jodie Comer",3
1100988,85065,"Jack O'Connell",4
541671,224513,"Ana de Armas",0
541671,6384,"Keanu Reeves",1
541671,6972,"Ian McShane",2
541671,5657,"Anjelica Huston",3
541671,5168,"Gabriel Byrne",4
812583,8784,"Daniel Craig",0
812583,1206334,"Josh O'Connor",1
812583,515,"Glenn Close",2
812583,16851,"Josh Brolin",3
812583,18973,"Mila Kunis",4
1084199,1981044,"Sophie Thatcher",0
1084199,1030513,"Jack Quaid",1
1084199,1371509,"Lukas Gage",2
1084199,2073513,"Megan Suri",3
1084199,210172,"Harvey Guillén",4
701387,54693,"Emma Stone",0
701387,88124,"Jesse Plemons",1
701387,5212114,"Aidan Delbis",2
701387,1400595,"Stavros Halkias",3
701387,5588,"Alicia Silverstone",4
552524,3988423,"Maia Kealoha",0
552524,3025125,"Sydney Agudong",1
552524,66193,"Chris Sanders",2
552524,58225,"Zach Galifianakis",3
552524,141034,"Billy Magnussen",4
1317288,1190668,"Timothée Chalamet",0
1317288,12052,"Gwyneth Paltrow",1
1317288,1972166,"Odessa A'zion",2
1317288,1240877,"Kevin O'Leary",3
1317288,1133834,"Tyler, The Creator",4
1038392,17178,"Patrick Wilson",0
1038392,21657,"Vera Farmiga",1
1038392,3011652,"Mia Tomlinson",2
1038392,1452045,"Ben Hardy",3
1038392,1355139,"Rebecca Calder",4
1197306,976,"Jason Statham",0
1197306,973,"Jason Flemyng",1
1197306,17817,"Merab Ninidze",2
1197306,1011106,"Maximilian Osinski",3
1197306,950125,"Cokey Falkow",4
798645,83271,"Glen Powell",0
798645,91671,"Colman Domingo",1
798645,72095,"Lee Pace",2
798645,16851,"Josh Brolin",3
798645,3905,"William H. Macy",4
1035259,3896,"Liam Neeson",0
1035259,6736,"Pamela Anderson",1
1035259,1294982,"Paul Walter Hauser",2
1035259,6413,"Danny Huston",3
1035259,30485,"CCH Pounder",4
604079,2764542,"Cooper Hoffman",0
604079,2761308,"David Jonsson",1
604079,1446466,"Garrett Wareing",2
604079,3033265,"Ben Wang",3
604079,2362672,"Tut Nyuot",4
1151031,1840063,"Billy Barratt",0
1151031,39658,"Sally Hawkins",1
1151031,3253214,"Mischa Heywood",2
1151031,4741316,"Jonah Wren Phillips",3
1151031,216979,"Stephen Phillips",4
870028,880,"Ben Affleck",0
870028,19498,"Jon Bernthal",1
870028,182272,"Cynthia Addai-Robinson",2
870028,18999,"J.K. Simmons",3
870028,5397272,"Allison Robertson",4
1007734,59410,"Bob Odenkirk",0
1007734,935,"Connie Nielsen",1
1007734,40543,"John Ortiz",2
1007734,3492,"Colin Hanks",3
1007734,150,"RZA",4
425274,44735,"Jesse Eisenberg",0
425274,3918497,"Dominic Sessa",1
425274,1767250,"Ariana Greenblatt",2
425274,1029934,"Justice Smith",3
425274,10882,"Rosamund Pike",4
777443,1356210,"Millie Bobby Brown",0
777443,73457,"Chris Pratt",1
777443,690,"Ke Huy Quan",2
777443,1206,"Jason Alexander",3
777443,1945369,"Woody Norman",4
1087891,17838,"Rami Malek",0
1087891,7497,"Holt McCallany",1
1087891,165424,"Danny Sapani",2
1087891,993774,"Rachel Brosnahan",3
1087891,72873,"Michael Stuhlbarg",4
1195506,1030513,"Jack Quaid",0
1195506,1654001,"Amber Midthunder",1
1195506,60960,"Ray Nicholson",2
1195506,1660452,"Betty Gabriel",3
1195506,59841,"Matt Walsh",4
447273,2217977,"Rachel Zegler",0
447273,90633,"Gal Gadot",1
447273,1869968,"Andrew Burnap",2
447273,2914688,"Andrew Barth Feldman",3
447273,3555,"Jeremy Swift",4
533533,7499,"Jared Leto",0
533533,1260481,"Greta Lee",1
533533,55089,"Evan Peters",2
533533,12214,"Gillian Anderson",3
533533,1695989,"Jodie Turner-Smith",4
858024,1498158,"Jessie Buckley",0
858024,2326151,"Paul Mescal",1
858024,1639,"Emily Watson",2
858024,1496392,"Joe Alwyn",3
858024,3115247,"Jacobi Jupe",4
1241436,2710333,"D'Pharaoh Woon-A-Tai",0
1241436,93491,"Will Poulter",1
1241436,1363054,"Cosmo Jarvis",2
1241436,1538851,"Kit Connor",3
1241436,1512452,"Finn Bennett",4
1232546,3307906,"Ella Rubin",0
1232546,2342988,"Michael Cimino",1
1232546,1972166,"Odessa A'zion",2
1232546,2983147,"Ji-young Yoo",3
1232546,2286570,"Belmont Cameli",4
993710,134,"Jamie Foxx",0
993710,6941,"Cameron Diaz",1
993710,2072197,"McKenna Roberts",2
993710,3969912,"Rylan Jackson",3
993710,3497,"Kyle Chandler",4
1071585,1255540,"Allison Williams",0
1071585,3444018,"Amie Donald",1
1071585,2131391,"Violet McGraw",2
1071585,2043430,"Jenna Davis",3
1071585,1071699,"Brian Jordan Alvarez",4
1234731,70851,"Jack Black",0
1234731,22226,"Paul Rudd",1
1234731,18324,"Steve Zahn",2
1234731,9030,"Thandiwe Newton",3
1234731,1784612,"Daniela Melchior",4
1124620,587020,"Theo James",0
1124620,61134,"Tatiana Maslany",1
1124620,1721268,"Christian Convery",2
1124620,3257962,"Colin O'Brien",3
1124620,36801,"Adam Scott",4
1214931,17838,"Rami Malek",0
1214931,934,"Russell Crowe",1
1214931,335,"Michael Shannon",2
1214931,3477880,"Leo Woodall",3
1214931,21134,"John Slattery",4
1136867,118545,"Dakota Johnson",0
1136867,16828,"Chris Evans",1
1136867,1253360,"Pedro Pascal",2
1136867,209063,"Zoë Winters",3
1136867,164094,"Marin Ireland",4
1290159,17605,"Idris Elba",0
1290159,933238,"Rebecca Ferguson",1
1290159,222122,"Gabriel Basso",2
1290159,15440,"Jared Harris",3
1290159,72638,"Tracy Letts",4
1233575,112,"Cate Blanchett",0
1233575,17288,"Michael Fassbender",1
1233575,52891,"Tom Burke",2
1233575,2673762,"Marisa Abela",3
1233575,1628687,"Regé-Jean Page",4
1242011,54697,"Dave Franco",0
1242011,88029,"Alison Brie",1
1242011,62752,"Damon Herriman",2
1242011,1871887,"Mia Morrissey",3
1242011,2746473,"Karl Richmond",4
1197137,2803710,"Mason Thames",0
1197137,1530558,"Madeleine McGraw",1
1197137,569,"Ethan Hawke",2
1197137,76961,"Demián Bichir",3
1197137,3586928,"Miguel Mora",4
1376434,1679770,"Lindsay LaVanchy",0
1376434,113308,"Louis Ozawa",1
1376434,53184,"Rick Gonzalez",2
1376434,2712,"Michael Biehn",3
1376434,1047370,"Doug Cockle",4
668489,2524,"Tom Hardy",0
668489,2234003,"Jessie Mei Li",1
668489,18082,"Timothy Olyphant",2
668489,2178,"Forest Whitaker",3
668489,1684648,"Justin Cornwell",4
1011477,18897,"Jackie Chan",0
1011477,3033265,"Ben Wang",1
1011477,11866,"Joshua Jackson",2
1011477,2030076,"Sadie Stanley",3
1011477,21702,"Ming-Na Wen",4
842924,91606,"Tom Hiddleston",0
842924,3356007,"Benjamin Pajak",1
842924,17039,"Nick Offerman",2
842924,5294,"Chiwetel Ejiofor",3
842924,543261,"Karen Gillan",4
1126166,13240,"Mark Wahlberg",0
1126166,70904,"Michelle Dockery",1
1126166,17052,"Topher Grace",2
1126166,15050,"Leah Remini",3
1126166,2714088,"Maaz Ali",4
1241983,33192,"Joel Edgerton",0
1241983,72855,"Felicity Jones",1
1241983,60722,"Nathaniel Arcand",2
1241983,5365,"Clifton Collins Jr.",3
1241983,4942,"John Diehl",4
1228246,27972,"Josh Hutcherson",0
1228246,2283930,"Piper Rubio",1
1228246,1368507,"Elizabeth Lail",2
1228246,26457,"Matthew Lillard",3
1228246,1824301,"Freddy Carter",4
967941,1765068,"Cynthia Erivo",0
967941,226001,"Ariana Grande",1
967941,4785,"Jeff Goldblum",2
967941,1620,"Michelle Yeoh",3
967941,80860,"Jonathan Bailey",4
1245993,86654,"Austin Butler",0
1245993,9788,"Regina King",1
1245993,37153,"Zoë Kravitz",2
1245993,136532,"Matt Smith",3
1245993,23626,"Liev Schreiber",4
749170,56446,"John Cena",0
749170,17605,"Idris Elba",1
749170,77234,"Priyanka Chopra Jonas",2
749170,14887,"Paddy Considine",3
749170,17832,"Carla Gugino",4
755898,9778,"Ice Cube",0
755898,52605,"Eva Longoria",1
755898,9048,"Clark Gregg",2
755898,1632530,"Iman Benson",3
755898,60482,"Henry Hunter Hall",4
744653,15735,"Helen Mirren",0
744653,517,"Pierce Brosnan",1
744653,2282,"Ben Kingsley",2
744653,9139,"Celia Imrie",3
744653,20049,"David Tennant",4
1290879,116,"Keira Knightley",0
1290879,529,"Guy Pearce",1
1290879,971049,"David Ajala",2
1290879,63758,"Gitte Witt",3
1290879,10672,"Art Malik",4
1022787,2986863,"Yonas Kibreab",0
1022787,3455058,"Remy Edgerly",1
1022787,8691,"Zoe Saldaña",2
1022787,18,"Brad Garrett",3
1022787,5077775,"Brandon Moon",4
710295,984629,"Christopher Abbott",0
710295,936970,"Julia Garner",1
710295,3844059,"Matilda Firth",2
710295,65727,"Sam Jaeger",3
710295,1416517,"Ben Prendergast",4
1263256,19292,"Adam Sandler",0
1263256,31171,"Julie Bowen",1
1263256,4443,"Christopher McDonald",2
1263256,227564,"Benny Safdie",3
1263256,7399,"Ben Stiller",4
1242419,38673,"Channing Tatum",0
1242419,205,"Kirsten Dunst",1
1242419,77335,"Ben Mendelsohn",2
1242419,1200864,"LaKeith Stanfield",3
1242419,36594,"Juno Temple",4
1137350,1121,"Benicio del Toro",0
1137350,1462430,"Mia Threapleton",1
1137350,39995,"Michael Cera",2
1137350,53240,"Riz Ahmed",3
1137350,31,"Tom Hanks",4
846422,6885,"Charlize Theron",0
846422,1884703,"KiKi Layne",1
846422,73381,"Matthias Schoenaerts",2
846422,935235,"Marwan Kenzari",3
846422,509344,"Luca Marinelli",4
1208348,18269,"Brendan Fraser",0
1208348,1082509,"Takehiro Hira",1
1208348,2210389,"Mari Yamamoto",2
1208348,5615231,"Shannon Mahina Gorman",3
1208348,13283,"Akira Emoto",4
1098006,17697,"John Krasinski",0
1098006,524,"Natalie Portman",1
1098006,1222992,"Eiza González",2
1098006,93210,"Domhnall Gleeson",3
1098006,457386,"Arian Moayed",4
1426776,40036,"Taraji P. Henson",0
1426776,109561,"Sherri Shepherd",1
1426776,964679,"Teyana Taylor",2
1426776,57119,"Sinbad",3
1426776,17345,"Rockmond Dunbar",4
1249213,1028899,"Meghann Fahy",0
1249213,1855143,"Brandon Sklenar",1
1249213,31508,"Reed Diamond",2
1249213,1515230,"Violett Beane",3
1249213,1487628,"Jeffery Self",4
648878,73421,"Joaquin Phoenix",0
648878,77013,"Deirdre O'Connell",1
648878,54693,"Emma Stone",2
648878,2380397,"Micheal Ward",3
648878,1253360,"Pedro Pascal",4
1153714,22226,"Paul Rudd",0
1153714,974169,"Jenna Ortega",1
1153714,93491,"Will Poulter",2
1153714,20766,"Richard E. Grant",3
1153714,4939,"Téa Leoni",4
1175942,6807,"Sam Rockwell",0
1175942,1231717,"Marc Maron",1
1175942,1625558,"Awkwafina",2
1175942,64342,"Craig Robinson",3
1175942,1560244,"Anthony Ramos",4
324544,63,"Milla Jovovich",0
324544,543530,"Dave Bautista",1
324544,66147,"Arly Jover",2
324544,3883680,"Amara Okereke",3
324544,30087,"Fraser James",4
1083433,2420169,"Chase Sui Wonders",0
1083433,1642789,"Madelyn Cline",1
1083433,1599391,"Jonah Hauer-King",2
1083433,3052321,"Tyriq Withers",3
1083433,2286541,"Sarah Pidgeon",4
1259102,550843,"Elizabeth Olsen",0
1259102,996701,"Miles Teller",1
1259102,1371041,"Callum Turner",2
1259102,1180099,"Da'Vine Joy Randolph",3
1259102,1542758,"John Early",4
604685,17276,"Gerard Butler",0
604685,1371398,"O'Shea Jackson Jr.",1
604685,93336,"Evin Ahmad",2
604685,1343865,"Salvatore Esposito",3
604685,956385,"Meadow Williams",4
1114967,6384,"Keanu Reeves",0
1114967,86626,"Aziz Ansari",1
1114967,19274,"Seth Rogen",2
1114967,74688,"Keke Palmer",3
1114967,25540,"Sandra Oh",4
1236470,10297,"Matthew McConaughey",0
1236470,59174,"America Ferrera",1
1236470,75604,"Yul Vazquez",2
1236470,77264,"Ashlie Atkinson",3
1236470,2126994,"Kimberli Flores",4
1140535,3775598,"Callina Liang",0
1140535,140,"Lucy Liu",1
1140535,1293892,"Chris Sullivan",2
1140535,4416903,"Eddy Maday",3
1140535,4174615,"West Mulholland",4
1125257,49265,"Lindsay Lohan",0
1125257,8944,"Jamie Lee Curtis",1
1125257,1651362,"Julia Butters",2
1125257,2705566,"Sophia Hammons",3
1125257,1368795,"Manny Jacinto",4
1267905,39187,"Olivia Colman",0
1267905,71580,"Benedict Cumberbatch",1
1267905,62861,"Andy Samberg",2
1267905,1240487,"Kate McKinnon",3
1267905,1228899,"Belinda Bromilow",4
1042834,115440,"Sydney Sweeney",0
1042834,3872,"Daniel Brühl",1
1042834,9642,"Jude Law",2
1042834,224513,"Ana de Armas",3
1042834,556356,"Vanessa Kirby",4
1422096,6509814,"Indy",0
1422096,3739081,"Shane Jensen",1
1422096,4747687,"Arielle Friedman",2
1422096,31268,"Larry Fessenden",3
1422096,94435,"Stuart Rudin",4
1285965,1499908,"Hassie Harrison",0
1285965,224181,"Jai Courtney",1
1285965,3428893,"Josh Heuston",2
1285965,1240306,"Rob Carlton",3
1285965,1813177,"Ella Newton",4
941109,13240,"Mark Wahlberg",0
941109,1200864,"LaKeith Stanfield",1
941109,973667,"Rosa Salazar",2
941109,298410,"Keegan-Michael Key",3
941109,105238,"Chukwudi Iwuji",4
1045938,19492,"Viola Davis",0
1045938,18471,"Anthony Anderson",1
1045938,1407498,"Marsai Martin",2
1045938,72985,"Ramón Rodríguez",3
1045938,60373,"Antony Starr",4
760329,18918,"Dwayne Johnson",0
760329,5081,"Emily Blunt",1
760329,83427,"Ryan Bader",2
760329,89402,"Bas Rutten",3
760329,3147756,"Oleksandr Usyk",4
972533,57755,"Woody Harrelson",0
972533,1489211,"Simu Liu",1
972533,1508313,"Finn Cole",2
972533,7248,"Cliff Curtis",3
972533,1231402,"Mark Bonnar",4
1248226,64295,"Alan Ritchson",0
1248226,32895,"Kevin James",1
1248226,4862542,"Banks Pierce",2
1248226,3356007,"Benjamin Pajak",3
1248226,21088,"Alan Tudyk",4
1125899,1315036,"Daisy Ridley",0
1125899,2498631,"Taz Skylar",1
1125899,2296,"Clive Owen",2
1125899,1736805,"Flavia Watson",3
1125899,56650,"Ray Fearon",4
1119878,3896,"Liam Neeson",0
1119878,64439,"Fan Bingbing",1
1119878,55174,"Marcus Thomas",2
1119878,2459258,"Grace O'Sullivan",3
1119878,5538791,"Saksham Sharma",4
